"No","タイトル","巻号","章見出し","節見出し","項見出し","開始ページ","参照PDF URL","備考"
"新刊","那珂市史","地誌編","","","発刊にあたって","1","https://www.city.naka.lg.jp/data/doc/1745047723_doc_902_0.pdf",""
"新刊","那珂市史","地誌編","","","凡例","3","https://www.city.naka.lg.jp/data/doc/1745047723_doc_902_0.pdf",""
"新刊","那珂市史","地誌編","Ⅰ 通史概説","","","","https://www.city.naka.lg.jp/data/doc/1745047723_doc_902_0.pdf","目次に開始ページの記載なし"
"新刊","那珂市史","地誌編","Ⅰ 通史概説","１ 原始・古代","","15","https://www.city.naka.lg.jp/data/doc/1745047723_doc_902_0.pdf",""
"新刊","那珂市史","地誌編","Ⅰ 通史概説","１ 原始・古代","＜旧石器時代＞","","https://www.city.naka.lg.jp/data/doc/1745047723_doc_902_0.pdf","目次に個別開始ページの記載なし（親見出しの開始ページは15）"
"新刊","那珂市史","地誌編","Ⅰ 通史概説","１ 原始・古代","＜縄文時代＞","","https://www.city.naka.lg.jp/data/doc/1745047723_doc_902_0.pdf","目次に個別開始ページの記載なし（親見出しの開始ページは15）"
"新刊","那珂市史","地誌編","Ⅰ 通史概説","１ 原始・古代","＜弥生時代＞","","https://www.city.naka.lg.jp/data/doc/1745047723_doc_902_0.pdf","目次に個別開始ページの記載なし（親見出しの開始ページは15）"
"新刊","那珂市史","地誌編","Ⅰ 通史概説","１ 原始・古代","＜古墳時代＞","","https://www.city.naka.lg.jp/data/doc/1745047723_doc_902_0.pdf","目次に個別開始ページの記載なし（親見出しの開始ページは15）"
"新刊","那珂市史","地誌編","Ⅰ 通史概説","１ 原始・古代","＜奈良～平安時代＞","","https://www.city.naka.lg.jp/data/doc/1745047723_doc_902_0.pdf","目次に個別開始ページの記載なし（親見出しの開始ページは15）"
"新刊","那珂市史","地誌編","Ⅰ 通史概説","２ 中世","","19","https://www.city.naka.lg.jp/data/doc/1745047723_doc_902_0.pdf",""
"新刊","那珂市史","地誌編","Ⅰ 通史概説","２ 中世","＜院政期＞","","https://www.city.naka.lg.jp/data/doc/1745047723_doc_902_0.pdf","目次に個別開始ページの記載なし（親見出しの開始ページは19）"
"新刊","那珂市史","地誌編","Ⅰ 通史概説","２ 中世","＜鎌倉時代＞","","https://www.city.naka.lg.jp/data/doc/1745047723_doc_902_0.pdf","目次に個別開始ページの記載なし（親見出しの開始ページは19）"
"新刊","那珂市史","地誌編","Ⅰ 通史概説","２ 中世","＜南北朝期＞","","https://www.city.naka.lg.jp/data/doc/1745047723_doc_902_0.pdf","目次に個別開始ページの記載なし（親見出しの開始ページは19）"
"新刊","那珂市史","地誌編","Ⅰ 通史概説","２ 中世","＜室町時代＞","","https://www.city.naka.lg.jp/data/doc/1745047723_doc_902_0.pdf","目次に個別開始ページの記載なし（親見出しの開始ページは19）"
"新刊","那珂市史","地誌編","Ⅰ 通史概説","２ 中世","＜戦国期＞","","https://www.city.naka.lg.jp/data/doc/1745047723_doc_902_0.pdf","目次に個別開始ページの記載なし（親見出しの開始ページは19）"
"新刊","那珂市史","地誌編","Ⅰ 通史概説","２ 中世","＜織豊政権期＞","","https://www.city.naka.lg.jp/data/doc/1745047723_doc_902_0.pdf","目次に個別開始ページの記載なし（親見出しの開始ページは19）"
"新刊","那珂市史","地誌編","Ⅰ 通史概説","３ 近世","","21","https://www.city.naka.lg.jp/data/doc/1745047723_doc_902_0.pdf",""
"新刊","那珂市史","地誌編","Ⅰ 通史概説","３ 近世","＜幕藩体制の形成＞","","https://www.city.naka.lg.jp/data/doc/1745047723_doc_902_0.pdf","目次に個別開始ページの記載なし（親見出しの開始ページは21）"
"新刊","那珂市史","地誌編","Ⅰ 通史概説","３ 近世","＜水戸藩の成立＞","","https://www.city.naka.lg.jp/data/doc/1745047723_doc_902_0.pdf","目次に個別開始ページの記載なし（親見出しの開始ページは21）"
"新刊","那珂市史","地誌編","Ⅰ 通史概説","３ 近世","＜農村荒廃と殖産興業＞","","https://www.city.naka.lg.jp/data/doc/1745047723_doc_902_0.pdf","目次に個別開始ページの記載なし（親見出しの開始ページは21）"
"新刊","那珂市史","地誌編","Ⅰ 通史概説","３ 近世","＜対外関係の緊張＞","","https://www.city.naka.lg.jp/data/doc/1745047723_doc_902_0.pdf","目次に個別開始ページの記載なし（親見出しの開始ページは21）"
"新刊","那珂市史","地誌編","Ⅰ 通史概説","３ 近世","＜幕末水戸改革＞","","https://www.city.naka.lg.jp/data/doc/1745047723_doc_902_0.pdf","目次に個別開始ページの記載なし（親見出しの開始ページは21）"
"新刊","那珂市史","地誌編","Ⅰ 通史概説","３ 近世","＜尊攘運動の激化＞","","https://www.city.naka.lg.jp/data/doc/1745047723_doc_902_0.pdf","目次に個別開始ページの記載なし（親見出しの開始ページは21）"
"新刊","那珂市史","地誌編","Ⅰ 通史概説","３ 近世","＜一会桑政権と政治情勢の激化＞","","https://www.city.naka.lg.jp/data/doc/1745047723_doc_902_0.pdf","目次に個別開始ページの記載なし（親見出しの開始ページは21）"
"新刊","那珂市史","地誌編","Ⅰ 通史概説","３ 近世","＜徳川慶喜政権と薩長勢力の抗争＞","","https://www.city.naka.lg.jp/data/doc/1745047723_doc_902_0.pdf","目次に個別開始ページの記載なし（親見出しの開始ページは21）"
"新刊","那珂市史","地誌編","Ⅰ 通史概説","４ 近代","","24","https://www.city.naka.lg.jp/data/doc/1745047723_doc_902_0.pdf",""
"新刊","那珂市史","地誌編","Ⅰ 通史概説","４ 近代","＜明治期＞","","https://www.city.naka.lg.jp/data/doc/1745047723_doc_902_0.pdf","目次に個別開始ページの記載なし（親見出しの開始ページは24）"
"新刊","那珂市史","地誌編","Ⅰ 通史概説","４ 近代","大区小区制と壬申戸籍","","https://www.city.naka.lg.jp/data/doc/1745047723_doc_902_0.pdf","目次に個別開始ページの記載なし（親見出しの開始ページは24）"
"新刊","那珂市史","地誌編","Ⅰ 通史概説","４ 近代","大区小区制","","https://www.city.naka.lg.jp/data/doc/1745047723_doc_902_0.pdf","目次に個別開始ページの記載なし（親見出しの開始ページは24）"
"新刊","那珂市史","地誌編","Ⅰ 通史概説","４ 近代","郡区町村編制法","","https://www.city.naka.lg.jp/data/doc/1745047723_doc_902_0.pdf","目次に個別開始ページの記載なし（親見出しの開始ページは24）"
"新刊","那珂市史","地誌編","Ⅰ 通史概説","４ 近代","壬申戸籍","","https://www.city.naka.lg.jp/data/doc/1745047723_doc_902_0.pdf","目次に個別開始ページの記載なし（親見出しの開始ページは24）"
"新刊","那珂市史","地誌編","Ⅰ 通史概説","４ 近代","地租改正","","https://www.city.naka.lg.jp/data/doc/1745047723_doc_902_0.pdf","目次に個別開始ページの記載なし（親見出しの開始ページは24）"
"新刊","那珂市史","地誌編","Ⅰ 通史概説","４ 近代","那珂郡役所新設をめぐる紛争","","https://www.city.naka.lg.jp/data/doc/1745047723_doc_902_0.pdf","目次に個別開始ページの記載なし（親見出しの開始ページは24）"
"新刊","那珂市史","地誌編","Ⅰ 通史概説","４ 近代","戦争と那珂地方","","https://www.city.naka.lg.jp/data/doc/1745047723_doc_902_0.pdf","目次に個別開始ページの記載なし（親見出しの開始ページは24）"
"新刊","那珂市史","地誌編","Ⅰ 通史概説","４ 近代","＜大正期＞","","https://www.city.naka.lg.jp/data/doc/1745047723_doc_902_0.pdf","目次に個別開始ページの記載なし（親見出しの開始ページは24）"
"新刊","那珂市史","地誌編","Ⅰ 通史概説","４ 近代","県是・郡是・町村是の作成","","https://www.city.naka.lg.jp/data/doc/1745047723_doc_902_0.pdf","目次に個別開始ページの記載なし（親見出しの開始ページは24）"
"新刊","那珂市史","地誌編","Ⅰ 通史概説","４ 近代","米騒動と那珂地方","","https://www.city.naka.lg.jp/data/doc/1745047723_doc_902_0.pdf","目次に個別開始ページの記載なし（親見出しの開始ページは24）"
"新刊","那珂市史","地誌編","Ⅰ 通史概説","４ 近代","郡役所、郡長の廃止","","https://www.city.naka.lg.jp/data/doc/1745047723_doc_902_0.pdf","目次に個別開始ページの記載なし（親見出しの開始ページは24）"
"新刊","那珂市史","地誌編","Ⅰ 通史概説","４ 近代","普通選挙法の成立","","https://www.city.naka.lg.jp/data/doc/1745047723_doc_902_0.pdf","目次に個別開始ページの記載なし（親見出しの開始ページは24）"
"新刊","那珂市史","地誌編","Ⅰ 通史概説","４ 近代","交通関係","","https://www.city.naka.lg.jp/data/doc/1745047723_doc_902_0.pdf","目次に個別開始ページの記載なし（親見出しの開始ページは24）"
"新刊","那珂市史","地誌編","Ⅰ 通史概説","４ 近代","神崎村報の創刊","","https://www.city.naka.lg.jp/data/doc/1745047723_doc_902_0.pdf","目次に個別開始ページの記載なし（親見出しの開始ページは24）"
"新刊","那珂市史","地誌編","Ⅰ 通史概説","４ 近代","日中戦争と太平洋戦争","","https://www.city.naka.lg.jp/data/doc/1745047723_doc_902_0.pdf","目次に個別開始ページの記載なし（親見出しの開始ページは24）"
"新刊","那珂市史","地誌編","Ⅰ 通史概説","５ 現代","","27","https://www.city.naka.lg.jp/data/doc/1745047723_doc_902_0.pdf",""
"新刊","那珂市史","地誌編","Ⅱ 神崎地区","","","","https://www.city.naka.lg.jp/data/doc/1745047723_doc_902_0.pdf","目次に開始ページの記載なし"
"新刊","那珂市史","地誌編","Ⅱ 神崎地区","","概観","31","https://www.city.naka.lg.jp/data/doc/1745047723_doc_902_0.pdf",""
"新刊","那珂市史","地誌編","Ⅱ 神崎地区","","＜役場＞","","https://www.city.naka.lg.jp/data/doc/1745047723_doc_902_0.pdf","目次に個別開始ページの記載なし（親見出しの開始ページは31）"
"新刊","那珂市史","地誌編","Ⅱ 神崎地区","","＜教育施設＞","","https://www.city.naka.lg.jp/data/doc/1745047723_doc_902_0.pdf","目次に個別開始ページの記載なし（親見出しの開始ページは31）"
"新刊","那珂市史","地誌編","Ⅱ 神崎地区","","本米崎小学校","","https://www.city.naka.lg.jp/data/doc/1745047723_doc_902_0.pdf","目次に個別開始ページの記載なし（親見出しの開始ページは31）"
"新刊","那珂市史","地誌編","Ⅱ 神崎地区","","横堀小学校","","https://www.city.naka.lg.jp/data/doc/1745047723_doc_902_0.pdf","目次に個別開始ページの記載なし（親見出しの開始ページは31）"
"新刊","那珂市史","地誌編","Ⅱ 神崎地区","","青年学校","","https://www.city.naka.lg.jp/data/doc/1745047723_doc_902_0.pdf","目次に個別開始ページの記載なし（親見出しの開始ページは31）"
"新刊","那珂市史","地誌編","Ⅱ 神崎地区","","中学校","","https://www.city.naka.lg.jp/data/doc/1745047723_doc_902_0.pdf","目次に個別開始ページの記載なし（親見出しの開始ページは31）"
"新刊","那珂市史","地誌編","Ⅱ 神崎地区","","＜産業と人口＞","","https://www.city.naka.lg.jp/data/doc/1745047723_doc_902_0.pdf","目次に個別開始ページの記載なし（親見出しの開始ページは31）"
"新刊","那珂市史","地誌編","Ⅱ 神崎地区","","人口及び戸数","","https://www.city.naka.lg.jp/data/doc/1745047723_doc_902_0.pdf","目次に個別開始ページの記載なし（親見出しの開始ページは31）"
"新刊","那珂市史","地誌編","Ⅱ 神崎地区","","＜久慈川の治水と神崎村＞","","https://www.city.naka.lg.jp/data/doc/1745047723_doc_902_0.pdf","目次に個別開始ページの記載なし（親見出しの開始ページは31）"
"新刊","那珂市史","地誌編","Ⅱ 神崎地区","","＜遺跡＞","","https://www.city.naka.lg.jp/data/doc/1745047723_doc_902_0.pdf","目次に個別開始ページの記載なし（親見出しの開始ページは31）"
"新刊","那珂市史","地誌編","Ⅱ 神崎地区","","杉遺跡","","https://www.city.naka.lg.jp/data/doc/1745047723_doc_902_0.pdf","目次に個別開始ページの記載なし（親見出しの開始ページは31）"
"新刊","那珂市史","地誌編","Ⅱ 神崎地区","","海後遺跡","","https://www.city.naka.lg.jp/data/doc/1745047723_doc_902_0.pdf","目次に個別開始ページの記載なし（親見出しの開始ページは31）"
"新刊","那珂市史","地誌編","Ⅱ 神崎地区","１ 本米崎地区","","39","https://www.city.naka.lg.jp/data/doc/1745047723_doc_902_0.pdf",""
"新刊","那珂市史","地誌編","Ⅱ 神崎地区","１ 本米崎地区","＜概観＞","","https://www.city.naka.lg.jp/data/doc/1745047723_doc_902_0.pdf","目次に個別開始ページの記載なし（親見出しの開始ページは39）"
"新刊","那珂市史","地誌編","Ⅱ 神崎地区","１ 本米崎地区","＜小字名＞","","https://www.city.naka.lg.jp/data/doc/1745047723_doc_902_0.pdf","目次に個別開始ページの記載なし（親見出しの開始ページは39）"
"新刊","那珂市史","地誌編","Ⅱ 神崎地区","１ 本米崎地区","＜石仏石塔＞","","https://www.city.naka.lg.jp/data/doc/1745047723_doc_902_0.pdf","目次に個別開始ページの記載なし（親見出しの開始ページは39）"
"新刊","那珂市史","地誌編","Ⅱ 神崎地区","１ 本米崎地区","＜社寺祠堂＞","","https://www.city.naka.lg.jp/data/doc/1745047723_doc_902_0.pdf","目次に個別開始ページの記載なし（親見出しの開始ページは39）"
"新刊","那珂市史","地誌編","Ⅱ 神崎地区","１ 本米崎地区","三嶋神社","","https://www.city.naka.lg.jp/data/doc/1745047723_doc_902_0.pdf","目次に個別開始ページの記載なし（親見出しの開始ページは39）"
"新刊","那珂市史","地誌編","Ⅱ 神崎地区","１ 本米崎地区","上宮寺","","https://www.city.naka.lg.jp/data/doc/1745047723_doc_902_0.pdf","目次に個別開始ページの記載なし（親見出しの開始ページは39）"
"新刊","那珂市史","地誌編","Ⅱ 神崎地区","１ 本米崎地区","上宮寺と学童疎開","","https://www.city.naka.lg.jp/data/doc/1745047723_doc_902_0.pdf","目次に個別開始ページの記載なし（親見出しの開始ページは39）"
"新刊","那珂市史","地誌編","Ⅱ 神崎地区","１ 本米崎地区","稲荷神社","","https://www.city.naka.lg.jp/data/doc/1745047723_doc_902_0.pdf","目次に個別開始ページの記載なし（親見出しの開始ページは39）"
"新刊","那珂市史","地誌編","Ⅱ 神崎地区","１ 本米崎地区","八坂神社","","https://www.city.naka.lg.jp/data/doc/1745047723_doc_902_0.pdf","目次に個別開始ページの記載なし（親見出しの開始ページは39）"
"新刊","那珂市史","地誌編","Ⅱ 神崎地区","１ 本米崎地区","＜城館跡＞","","https://www.city.naka.lg.jp/data/doc/1745047723_doc_902_0.pdf","目次に個別開始ページの記載なし（親見出しの開始ページは39）"
"新刊","那珂市史","地誌編","Ⅱ 神崎地区","１ 本米崎地区","＜水車場＞","","https://www.city.naka.lg.jp/data/doc/1745047723_doc_902_0.pdf","目次に個別開始ページの記載なし（親見出しの開始ページは39）"
"新刊","那珂市史","地誌編","Ⅱ 神崎地区","１ 本米崎地区","＜久慈川の鮭漁＞","","https://www.city.naka.lg.jp/data/doc/1745047723_doc_902_0.pdf","目次に個別開始ページの記載なし（親見出しの開始ページは39）"
"新刊","那珂市史","地誌編","Ⅱ 神崎地区","１ 本米崎地区","＜久慈川の洪水＞","","https://www.city.naka.lg.jp/data/doc/1745047723_doc_902_0.pdf","目次に個別開始ページの記載なし（親見出しの開始ページは39）"
"新刊","那珂市史","地誌編","Ⅱ 神崎地区","１ 本米崎地区","＜本米崎八景＞","","https://www.city.naka.lg.jp/data/doc/1745047723_doc_902_0.pdf","目次に個別開始ページの記載なし（親見出しの開始ページは39）"
"新刊","那珂市史","地誌編","Ⅱ 神崎地区","１ 本米崎地区","＜ゆかりの人物＞","","https://www.city.naka.lg.jp/data/doc/1745047723_doc_902_0.pdf","目次に個別開始ページの記載なし（親見出しの開始ページは39）"
"新刊","那珂市史","地誌編","Ⅱ 神崎地区","１ 本米崎地区","福地理右衛門","","https://www.city.naka.lg.jp/data/doc/1745047723_doc_902_0.pdf","目次に個別開始ページの記載なし（親見出しの開始ページは39）"
"新刊","那珂市史","地誌編","Ⅱ 神崎地区","１ 本米崎地区","佐川華谷","","https://www.city.naka.lg.jp/data/doc/1745047723_doc_902_0.pdf","目次に個別開始ページの記載なし（親見出しの開始ページは39）"
"新刊","那珂市史","地誌編","Ⅱ 神崎地区","１ 本米崎地区","武藤光蓬","","https://www.city.naka.lg.jp/data/doc/1745047723_doc_902_0.pdf","目次に個別開始ページの記載なし（親見出しの開始ページは39）"
"新刊","那珂市史","地誌編","Ⅱ 神崎地区","１ 本米崎地区","＜本米崎地区小字図＞","","https://www.city.naka.lg.jp/data/doc/1745047723_doc_902_0.pdf","目次に個別開始ページの記載なし（親見出しの開始ページは39）"
"新刊","那珂市史","地誌編","Ⅱ 神崎地区","２ 向山地区","","47","https://www.city.naka.lg.jp/data/doc/1745047723_doc_902_0.pdf",""
"新刊","那珂市史","地誌編","Ⅱ 神崎地区","２ 向山地区","＜概観＞","","https://www.city.naka.lg.jp/data/doc/1745047723_doc_902_0.pdf","目次に個別開始ページの記載なし（親見出しの開始ページは47）"
"新刊","那珂市史","地誌編","Ⅱ 神崎地区","２ 向山地区","＜小字名＞","","https://www.city.naka.lg.jp/data/doc/1745047723_doc_902_0.pdf","目次に個別開始ページの記載なし（親見出しの開始ページは47）"
"新刊","那珂市史","地誌編","Ⅱ 神崎地区","２ 向山地区","＜石仏石塔＞","","https://www.city.naka.lg.jp/data/doc/1745047723_doc_902_0.pdf","目次に個別開始ページの記載なし（親見出しの開始ページは47）"
"新刊","那珂市史","地誌編","Ⅱ 神崎地区","２ 向山地区","＜社寺祠堂＞","","https://www.city.naka.lg.jp/data/doc/1745047723_doc_902_0.pdf","目次に個別開始ページの記載なし（親見出しの開始ページは47）"
"新刊","那珂市史","地誌編","Ⅱ 神崎地区","２ 向山地区","吉田神社","","https://www.city.naka.lg.jp/data/doc/1745047723_doc_902_0.pdf","目次に個別開始ページの記載なし（親見出しの開始ページは47）"
"新刊","那珂市史","地誌編","Ⅱ 神崎地区","２ 向山地区","三社稲荷","","https://www.city.naka.lg.jp/data/doc/1745047723_doc_902_0.pdf","目次に個別開始ページの記載なし（親見出しの開始ページは47）"
"新刊","那珂市史","地誌編","Ⅱ 神崎地区","２ 向山地区","＜城跡＞","","https://www.city.naka.lg.jp/data/doc/1745047723_doc_902_0.pdf","目次に個別開始ページの記載なし（親見出しの開始ページは47）"
"新刊","那珂市史","地誌編","Ⅱ 神崎地区","２ 向山地区","（コラム）笠松運動公園","","https://www.city.naka.lg.jp/data/doc/1745047723_doc_902_0.pdf","目次に個別開始ページの記載なし（親見出しの開始ページは47）"
"新刊","那珂市史","地誌編","Ⅱ 神崎地区","２ 向山地区","＜向山地区小字図＞","","https://www.city.naka.lg.jp/data/doc/1745047723_doc_902_0.pdf","目次に個別開始ページの記載なし（親見出しの開始ページは47）"
"新刊","那珂市史","地誌編","Ⅱ 神崎地区","３ 横堀地区","","50","https://www.city.naka.lg.jp/data/doc/1745047723_doc_902_0.pdf",""
"新刊","那珂市史","地誌編","Ⅱ 神崎地区","３ 横堀地区","＜概観＞","","https://www.city.naka.lg.jp/data/doc/1745047723_doc_902_0.pdf","目次に個別開始ページの記載なし（親見出しの開始ページは50）"
"新刊","那珂市史","地誌編","Ⅱ 神崎地区","３ 横堀地区","＜小字名＞","","https://www.city.naka.lg.jp/data/doc/1745047723_doc_902_0.pdf","目次に個別開始ページの記載なし（親見出しの開始ページは50）"
"新刊","那珂市史","地誌編","Ⅱ 神崎地区","３ 横堀地区","＜石仏石塔＞","","https://www.city.naka.lg.jp/data/doc/1745047723_doc_902_0.pdf","目次に個別開始ページの記載なし（親見出しの開始ページは50）"
"新刊","那珂市史","地誌編","Ⅱ 神崎地区","３ 横堀地区","＜社寺祠堂＞","","https://www.city.naka.lg.jp/data/doc/1745047723_doc_902_0.pdf","目次に個別開始ページの記載なし（親見出しの開始ページは50）"
"新刊","那珂市史","地誌編","Ⅱ 神崎地区","３ 横堀地区","吉田神社","","https://www.city.naka.lg.jp/data/doc/1745047723_doc_902_0.pdf","目次に個別開始ページの記載なし（親見出しの開始ページは50）"
"新刊","那珂市史","地誌編","Ⅱ 神崎地区","３ 横堀地区","八坂神社","","https://www.city.naka.lg.jp/data/doc/1745047723_doc_902_0.pdf","目次に個別開始ページの記載なし（親見出しの開始ページは50）"
"新刊","那珂市史","地誌編","Ⅱ 神崎地区","３ 横堀地区","愛宕神社","","https://www.city.naka.lg.jp/data/doc/1745047723_doc_902_0.pdf","目次に個別開始ページの記載なし（親見出しの開始ページは50）"
"新刊","那珂市史","地誌編","Ⅱ 神崎地区","３ 横堀地区","発汗地蔵尊","","https://www.city.naka.lg.jp/data/doc/1745047723_doc_902_0.pdf","目次に個別開始ページの記載なし（親見出しの開始ページは50）"
"新刊","那珂市史","地誌編","Ⅱ 神崎地区","３ 横堀地区","薬師堂","","https://www.city.naka.lg.jp/data/doc/1745047723_doc_902_0.pdf","目次に個別開始ページの記載なし（親見出しの開始ページは50）"
"新刊","那珂市史","地誌編","Ⅱ 神崎地区","３ 横堀地区","＜茨城変電所＞","","https://www.city.naka.lg.jp/data/doc/1745047723_doc_902_0.pdf","目次に個別開始ページの記載なし（親見出しの開始ページは50）"
"新刊","那珂市史","地誌編","Ⅱ 神崎地区","３ 横堀地区","＜横堀地区小字図＞","","https://www.city.naka.lg.jp/data/doc/1745047723_doc_902_0.pdf","目次に個別開始ページの記載なし（親見出しの開始ページは50）"
"新刊","那珂市史","地誌編","Ⅱ 神崎地区","４ 堤地区","","54","https://www.city.naka.lg.jp/data/doc/1745047723_doc_902_0.pdf",""
"新刊","那珂市史","地誌編","Ⅱ 神崎地区","４ 堤地区","＜概観＞","","https://www.city.naka.lg.jp/data/doc/1745047723_doc_902_0.pdf","目次に個別開始ページの記載なし（親見出しの開始ページは54）"
"新刊","那珂市史","地誌編","Ⅱ 神崎地区","４ 堤地区","＜小字名＞","","https://www.city.naka.lg.jp/data/doc/1745047723_doc_902_0.pdf","目次に個別開始ページの記載なし（親見出しの開始ページは54）"
"新刊","那珂市史","地誌編","Ⅱ 神崎地区","４ 堤地区","＜地形＞","","https://www.city.naka.lg.jp/data/doc/1745047723_doc_902_0.pdf","目次に個別開始ページの記載なし（親見出しの開始ページは54）"
"新刊","那珂市史","地誌編","Ⅱ 神崎地区","４ 堤地区","＜検地と打出＞","","https://www.city.naka.lg.jp/data/doc/1745047723_doc_902_0.pdf","目次に個別開始ページの記載なし（親見出しの開始ページは54）"
"新刊","那珂市史","地誌編","Ⅱ 神崎地区","４ 堤地区","＜農業景況＞","","https://www.city.naka.lg.jp/data/doc/1745047723_doc_902_0.pdf","目次に個別開始ページの記載なし（親見出しの開始ページは54）"
"新刊","那珂市史","地誌編","Ⅱ 神崎地区","４ 堤地区","＜石仏石塔＞","","https://www.city.naka.lg.jp/data/doc/1745047723_doc_902_0.pdf","目次に個別開始ページの記載なし（親見出しの開始ページは54）"
"新刊","那珂市史","地誌編","Ⅱ 神崎地区","４ 堤地区","＜社寺祠堂＞","","https://www.city.naka.lg.jp/data/doc/1745047723_doc_902_0.pdf","目次に個別開始ページの記載なし（親見出しの開始ページは54）"
"新刊","那珂市史","地誌編","Ⅱ 神崎地区","４ 堤地区","静神社","","https://www.city.naka.lg.jp/data/doc/1745047723_doc_902_0.pdf","目次に個別開始ページの記載なし（親見出しの開始ページは54）"
"新刊","那珂市史","地誌編","Ⅱ 神崎地区","４ 堤地区","聖徳太子堂","","https://www.city.naka.lg.jp/data/doc/1745047723_doc_902_0.pdf","目次に個別開始ページの記載なし（親見出しの開始ページは54）"
"新刊","那珂市史","地誌編","Ⅱ 神崎地区","４ 堤地区","＜堤地区小字図＞","","https://www.city.naka.lg.jp/data/doc/1745047723_doc_902_0.pdf","目次に個別開始ページの記載なし（親見出しの開始ページは54）"
"新刊","那珂市史","地誌編","Ⅱ 神崎地区","５ 杉地区","","59","https://www.city.naka.lg.jp/data/doc/1745047723_doc_902_0.pdf",""
"新刊","那珂市史","地誌編","Ⅱ 神崎地区","５ 杉地区","＜概観＞","","https://www.city.naka.lg.jp/data/doc/1745047723_doc_902_0.pdf","目次に個別開始ページの記載なし（親見出しの開始ページは59）"
"新刊","那珂市史","地誌編","Ⅱ 神崎地区","５ 杉地区","＜小字名＞","","https://www.city.naka.lg.jp/data/doc/1745047723_doc_902_0.pdf","目次に個別開始ページの記載なし（親見出しの開始ページは59）"
"新刊","那珂市史","地誌編","Ⅱ 神崎地区","５ 杉地区","＜物産＞","","https://www.city.naka.lg.jp/data/doc/1745047723_doc_902_0.pdf","目次に個別開始ページの記載なし（親見出しの開始ページは59）"
"新刊","那珂市史","地誌編","Ⅱ 神崎地区","５ 杉地区","＜石仏石塔＞","","https://www.city.naka.lg.jp/data/doc/1745047723_doc_902_0.pdf","目次に個別開始ページの記載なし（親見出しの開始ページは59）"
"新刊","那珂市史","地誌編","Ⅱ 神崎地区","５ 杉地区","＜社寺祠堂＞","","https://www.city.naka.lg.jp/data/doc/1745047723_doc_902_0.pdf","目次に個別開始ページの記載なし（親見出しの開始ページは59）"
"新刊","那珂市史","地誌編","Ⅱ 神崎地区","５ 杉地区","鹿島神社","","https://www.city.naka.lg.jp/data/doc/1745047723_doc_902_0.pdf","目次に個別開始ページの記載なし（親見出しの開始ページは59）"
"新刊","那珂市史","地誌編","Ⅱ 神崎地区","５ 杉地区","＜杉地区小字図＞","","https://www.city.naka.lg.jp/data/doc/1745047723_doc_902_0.pdf","目次に個別開始ページの記載なし（親見出しの開始ページは59）"
"新刊","那珂市史","地誌編","Ⅲ 額田地区","","","","https://www.city.naka.lg.jp/data/doc/1745047723_doc_902_0.pdf","目次に開始ページの記載なし"
"新刊","那珂市史","地誌編","Ⅲ 額田地区","１ 額田東郷地区・額田南郷地区・額田北郷地区","","65","https://www.city.naka.lg.jp/data/doc/1745047723_doc_902_0.pdf",""
"新刊","那珂市史","地誌編","Ⅲ 額田地区","１ 額田東郷地区・額田南郷地区・額田北郷地区","環境","65","https://www.city.naka.lg.jp/data/doc/1745047723_doc_902_0.pdf",""
"新刊","那珂市史","地誌編","Ⅲ 額田地区","１ 額田東郷地区・額田南郷地区・額田北郷地区","＜鯨の化石の発見＞","","https://www.city.naka.lg.jp/data/doc/1745047723_doc_902_0.pdf","目次に個別開始ページの記載なし（親見出しの開始ページは65）"
"新刊","那珂市史","地誌編","Ⅲ 額田地区","１ 額田東郷地区・額田南郷地区・額田北郷地区","＜久慈川の大蛇行＞","","https://www.city.naka.lg.jp/data/doc/1745047723_doc_902_0.pdf","目次に個別開始ページの記載なし（親見出しの開始ページは65）"
"新刊","那珂市史","地誌編","Ⅲ 額田地区","１ 額田東郷地区・額田南郷地区・額田北郷地区","＜有ヶ池＞","","https://www.city.naka.lg.jp/data/doc/1745047723_doc_902_0.pdf","目次に個別開始ページの記載なし（親見出しの開始ページは65）"
"新刊","那珂市史","地誌編","Ⅲ 額田地区","１ 額田東郷地区・額田南郷地区・額田北郷地区","歴史","66","https://www.city.naka.lg.jp/data/doc/1745047723_doc_902_0.pdf",""
"新刊","那珂市史","地誌編","Ⅲ 額田地区","１ 額田東郷地区・額田南郷地区・額田北郷地区","古代","66","https://www.city.naka.lg.jp/data/doc/1745047723_doc_902_0.pdf",""
"新刊","那珂市史","地誌編","Ⅲ 額田地区","１ 額田東郷地区・額田南郷地区・額田北郷地区","＜先土器時代＞","","https://www.city.naka.lg.jp/data/doc/1745047723_doc_902_0.pdf","目次に個別開始ページの記載なし（親見出しの開始ページは66）"
"新刊","那珂市史","地誌編","Ⅲ 額田地区","１ 額田東郷地区・額田南郷地区・額田北郷地区","遺跡","","https://www.city.naka.lg.jp/data/doc/1745047723_doc_902_0.pdf","目次に個別開始ページの記載なし（親見出しの開始ページは66）"
"新刊","那珂市史","地誌編","Ⅲ 額田地区","１ 額田東郷地区・額田南郷地区・額田北郷地区","＜縄文時代＞","","https://www.city.naka.lg.jp/data/doc/1745047723_doc_902_0.pdf","目次に個別開始ページの記載なし（親見出しの開始ページは66）"
"新刊","那珂市史","地誌編","Ⅲ 額田地区","１ 額田東郷地区・額田南郷地区・額田北郷地区","遺跡","","https://www.city.naka.lg.jp/data/doc/1745047723_doc_902_0.pdf","目次に個別開始ページの記載なし（親見出しの開始ページは66）"
"新刊","那珂市史","地誌編","Ⅲ 額田地区","１ 額田東郷地区・額田南郷地区・額田北郷地区","＜弥生時代＞","","https://www.city.naka.lg.jp/data/doc/1745047723_doc_902_0.pdf","目次に個別開始ページの記載なし（親見出しの開始ページは66）"
"新刊","那珂市史","地誌編","Ⅲ 額田地区","１ 額田東郷地区・額田南郷地区・額田北郷地区","遺跡","","https://www.city.naka.lg.jp/data/doc/1745047723_doc_902_0.pdf","目次に個別開始ページの記載なし（親見出しの開始ページは66）"
"新刊","那珂市史","地誌編","Ⅲ 額田地区","１ 額田東郷地区・額田南郷地区・額田北郷地区","＜古墳時代＞","","https://www.city.naka.lg.jp/data/doc/1745047723_doc_902_0.pdf","目次に個別開始ページの記載なし（親見出しの開始ページは66）"
"新刊","那珂市史","地誌編","Ⅲ 額田地区","１ 額田東郷地区・額田南郷地区・額田北郷地区","古墳群","","https://www.city.naka.lg.jp/data/doc/1745047723_doc_902_0.pdf","目次に個別開始ページの記載なし（親見出しの開始ページは66）"
"新刊","那珂市史","地誌編","Ⅲ 額田地区","１ 額田東郷地区・額田南郷地区・額田北郷地区","遺跡","","https://www.city.naka.lg.jp/data/doc/1745047723_doc_902_0.pdf","目次に個別開始ページの記載なし（親見出しの開始ページは66）"
"新刊","那珂市史","地誌編","Ⅲ 額田地区","１ 額田東郷地区・額田南郷地区・額田北郷地区","＜古代官道副道＞","","https://www.city.naka.lg.jp/data/doc/1745047723_doc_902_0.pdf","目次に個別開始ページの記載なし（親見出しの開始ページは66）"
"新刊","那珂市史","地誌編","Ⅲ 額田地区","１ 額田東郷地区・額田南郷地区・額田北郷地区","中世","67","https://www.city.naka.lg.jp/data/doc/1745047723_doc_902_0.pdf",""
"新刊","那珂市史","地誌編","Ⅲ 額田地区","１ 額田東郷地区・額田南郷地区・額田北郷地区","＜中世開発私領額田郷＞","","https://www.city.naka.lg.jp/data/doc/1745047723_doc_902_0.pdf","目次に個別開始ページの記載なし（親見出しの開始ページは67）"
"新刊","那珂市史","地誌編","Ⅲ 額田地区","１ 額田東郷地区・額田南郷地区・額田北郷地区","＜中世「塩の道」＞","","https://www.city.naka.lg.jp/data/doc/1745047723_doc_902_0.pdf","目次に個別開始ページの記載なし（親見出しの開始ページは67）"
"新刊","那珂市史","地誌編","Ⅲ 額田地区","１ 額田東郷地区・額田南郷地区・額田北郷地区","＜佐竹の乱と額田小野崎氏＞","","https://www.city.naka.lg.jp/data/doc/1745047723_doc_902_0.pdf","目次に個別開始ページの記載なし（親見出しの開始ページは67）"
"新刊","那珂市史","地誌編","Ⅲ 額田地区","１ 額田東郷地区・額田南郷地区・額田北郷地区","＜明応年間の額田小野崎氏の家中＞","","https://www.city.naka.lg.jp/data/doc/1745047723_doc_902_0.pdf","目次に個別開始ページの記載なし（親見出しの開始ページは67）"
"新刊","那珂市史","地誌編","Ⅲ 額田地区","１ 額田東郷地区・額田南郷地区・額田北郷地区","＜石神・額田小野崎氏の合戦＞","","https://www.city.naka.lg.jp/data/doc/1745047723_doc_902_0.pdf","目次に個別開始ページの記載なし（親見出しの開始ページは67）"
"新刊","那珂市史","地誌編","Ⅲ 額田地区","１ 額田東郷地区・額田南郷地区・額田北郷地区","＜額田小野崎昭通と佐竹・江戸氏との戦い＞","","https://www.city.naka.lg.jp/data/doc/1745047723_doc_902_0.pdf","目次に個別開始ページの記載なし（親見出しの開始ページは67）"
"新刊","那珂市史","地誌編","Ⅲ 額田地区","１ 額田東郷地区・額田南郷地区・額田北郷地区","＜額田小野崎昭通、伊達政宗と結ぶ＞","","https://www.city.naka.lg.jp/data/doc/1745047723_doc_902_0.pdf","目次に個別開始ページの記載なし（親見出しの開始ページは67）"
"新刊","那珂市史","地誌編","Ⅲ 額田地区","１ 額田東郷地区・額田南郷地区・額田北郷地区","＜天下統一と佐竹氏の常陸領国化＞","","https://www.city.naka.lg.jp/data/doc/1745047723_doc_902_0.pdf","目次に個別開始ページの記載なし（親見出しの開始ページは67）"
"新刊","那珂市史","地誌編","Ⅲ 額田地区","１ 額田東郷地区・額田南郷地区・額田北郷地区","＜額田小野崎昭通の没落＞","","https://www.city.naka.lg.jp/data/doc/1745047723_doc_902_0.pdf","目次に個別開始ページの記載なし（親見出しの開始ページは67）"
"新刊","那珂市史","地誌編","Ⅲ 額田地区","１ 額田東郷地区・額田南郷地区・額田北郷地区","＜額田城跡＞","","https://www.city.naka.lg.jp/data/doc/1745047723_doc_902_0.pdf","目次に個別開始ページの記載なし（親見出しの開始ページは67）"
"新刊","那珂市史","地誌編","Ⅲ 額田地区","１ 額田東郷地区・額田南郷地区・額田北郷地区","本郭","","https://www.city.naka.lg.jp/data/doc/1745047723_doc_902_0.pdf","目次に個別開始ページの記載なし（親見出しの開始ページは67）"
"新刊","那珂市史","地誌編","Ⅲ 額田地区","１ 額田東郷地区・額田南郷地区・額田北郷地区","惣構え","","https://www.city.naka.lg.jp/data/doc/1745047723_doc_902_0.pdf","目次に個別開始ページの記載なし（親見出しの開始ページは67）"
"新刊","那珂市史","地誌編","Ⅲ 額田地区","１ 額田東郷地区・額田南郷地区・額田北郷地区","外郭","","https://www.city.naka.lg.jp/data/doc/1745047723_doc_902_0.pdf","目次に個別開始ページの記載なし（親見出しの開始ページは67）"
"新刊","那珂市史","地誌編","Ⅲ 額田地区","１ 額田東郷地区・額田南郷地区・額田北郷地区","＜社寺祠堂＞","","https://www.city.naka.lg.jp/data/doc/1745047723_doc_902_0.pdf","目次に個別開始ページの記載なし（親見出しの開始ページは67）"
"新刊","那珂市史","地誌編","Ⅲ 額田地区","１ 額田東郷地区・額田南郷地区・額田北郷地区","鹿島八幡神社","","https://www.city.naka.lg.jp/data/doc/1745047723_doc_902_0.pdf","目次に個別開始ページの記載なし（親見出しの開始ページは67）"
"新刊","那珂市史","地誌編","Ⅲ 額田地区","１ 額田東郷地区・額田南郷地区・額田北郷地区","光圀の八幡潰し","","https://www.city.naka.lg.jp/data/doc/1745047723_doc_902_0.pdf","目次に個別開始ページの記載なし（親見出しの開始ページは67）"
"新刊","那珂市史","地誌編","Ⅲ 額田地区","１ 額田東郷地区・額田南郷地区・額田北郷地区","毘盧遮那寺","","https://www.city.naka.lg.jp/data/doc/1745047723_doc_902_0.pdf","目次に個別開始ページの記載なし（親見出しの開始ページは67）"
"新刊","那珂市史","地誌編","Ⅲ 額田地区","１ 額田東郷地区・額田南郷地区・額田北郷地区","文覚伝説","","https://www.city.naka.lg.jp/data/doc/1745047723_doc_902_0.pdf","目次に個別開始ページの記載なし（親見出しの開始ページは67）"
"新刊","那珂市史","地誌編","Ⅲ 額田地区","１ 額田東郷地区・額田南郷地区・額田北郷地区","大般若経","","https://www.city.naka.lg.jp/data/doc/1745047723_doc_902_0.pdf","目次に個別開始ページの記載なし（親見出しの開始ページは67）"
"新刊","那珂市史","地誌編","Ⅲ 額田地区","１ 額田東郷地区・額田南郷地区・額田北郷地区","阿弥陀寺","","https://www.city.naka.lg.jp/data/doc/1745047723_doc_902_0.pdf","目次に個別開始ページの記載なし（親見出しの開始ページは67）"
"新刊","那珂市史","地誌編","Ⅲ 額田地区","１ 額田東郷地区・額田南郷地区・額田北郷地区","小壺出現の奇端","","https://www.city.naka.lg.jp/data/doc/1745047723_doc_902_0.pdf","目次に個別開始ページの記載なし（親見出しの開始ページは67）"
"新刊","那珂市史","地誌編","Ⅲ 額田地区","１ 額田東郷地区・額田南郷地区・額田北郷地区","鱗勝院","","https://www.city.naka.lg.jp/data/doc/1745047723_doc_902_0.pdf","目次に個別開始ページの記載なし（親見出しの開始ページは67）"
"新刊","那珂市史","地誌編","Ⅲ 額田地区","１ 額田東郷地区・額田南郷地区・額田北郷地区","引接寺","","https://www.city.naka.lg.jp/data/doc/1745047723_doc_902_0.pdf","目次に個別開始ページの記載なし（親見出しの開始ページは67）"
"新刊","那珂市史","地誌編","Ⅲ 額田地区","１ 額田東郷地区・額田南郷地区・額田北郷地区","光照寺","","https://www.city.naka.lg.jp/data/doc/1745047723_doc_902_0.pdf","目次に個別開始ページの記載なし（親見出しの開始ページは67）"
"新刊","那珂市史","地誌編","Ⅲ 額田地区","１ 額田東郷地区・額田南郷地区・額田北郷地区","＜豊臣期額田宿の景況＞","","https://www.city.naka.lg.jp/data/doc/1745047723_doc_902_0.pdf","目次に個別開始ページの記載なし（親見出しの開始ページは67）"
"新刊","那珂市史","地誌編","Ⅲ 額田地区","１ 額田東郷地区・額田南郷地区・額田北郷地区","近世","76","https://www.city.naka.lg.jp/data/doc/1745047723_doc_902_0.pdf",""
"新刊","那珂市史","地誌編","Ⅲ 額田地区","１ 額田東郷地区・額田南郷地区・額田北郷地区","＜額田藩の設置＞","","https://www.city.naka.lg.jp/data/doc/1745047723_doc_902_0.pdf","目次に個別開始ページの記載なし（親見出しの開始ページは76）"
"新刊","那珂市史","地誌編","Ⅲ 額田地区","１ 額田東郷地区・額田南郷地区・額田北郷地区","＜近世額田村の概要＞","","https://www.city.naka.lg.jp/data/doc/1745047723_doc_902_0.pdf","目次に個別開始ページの記載なし（親見出しの開始ページは76）"
"新刊","那珂市史","地誌編","Ⅲ 額田地区","１ 額田東郷地区・額田南郷地区・額田北郷地区","＜額田茶の沿革＞","","https://www.city.naka.lg.jp/data/doc/1745047723_doc_902_0.pdf","目次に個別開始ページの記載なし（親見出しの開始ページは76）"
"新刊","那珂市史","地誌編","Ⅲ 額田地区","１ 額田東郷地区・額田南郷地区・額田北郷地区","＜鈴木市十郎家に嫁いだ万妃は実は光圀の娘だった＞","","https://www.city.naka.lg.jp/data/doc/1745047723_doc_902_0.pdf","目次に個別開始ページの記載なし（親見出しの開始ページは76）"
"新刊","那珂市史","地誌編","Ⅲ 額田地区","１ 額田東郷地区・額田南郷地区・額田北郷地区","＜享保期額田村商業の形成＞","","https://www.city.naka.lg.jp/data/doc/1745047723_doc_902_0.pdf","目次に個別開始ページの記載なし（親見出しの開始ページは76）"
"新刊","那珂市史","地誌編","Ⅲ 額田地区","１ 額田東郷地区・額田南郷地区・額田北郷地区","＜明和元年額田宿の役割＞","","https://www.city.naka.lg.jp/data/doc/1745047723_doc_902_0.pdf","目次に個別開始ページの記載なし（親見出しの開始ページは76）"
"新刊","那珂市史","地誌編","Ⅲ 額田地区","１ 額田東郷地区・額田南郷地区・額田北郷地区","＜享和３年の額田村階層区分＞","","https://www.city.naka.lg.jp/data/doc/1745047723_doc_902_0.pdf","目次に個別開始ページの記載なし（親見出しの開始ページは76）"
"新刊","那珂市史","地誌編","Ⅲ 額田地区","１ 額田東郷地区・額田南郷地区・額田北郷地区","＜寛政４年額田村繰綿営業＞","","https://www.city.naka.lg.jp/data/doc/1745047723_doc_902_0.pdf","目次に個別開始ページの記載なし（親見出しの開始ページは76）"
"新刊","那珂市史","地誌編","Ⅲ 額田地区","１ 額田東郷地区・額田南郷地区・額田北郷地区","＜文化４年の額田での生魚問屋成立＞","","https://www.city.naka.lg.jp/data/doc/1745047723_doc_902_0.pdf","目次に個別開始ページの記載なし（親見出しの開始ページは76）"
"新刊","那珂市史","地誌編","Ⅲ 額田地区","１ 額田東郷地区・額田南郷地区・額田北郷地区","＜文化６年の額田村両庄屋の役割＞","","https://www.city.naka.lg.jp/data/doc/1745047723_doc_902_0.pdf","目次に個別開始ページの記載なし（親見出しの開始ページは76）"
"新刊","那珂市史","地誌編","Ⅲ 額田地区","１ 額田東郷地区・額田南郷地区・額田北郷地区","＜文化期の村方騒動と村方改革＞","","https://www.city.naka.lg.jp/data/doc/1745047723_doc_902_0.pdf","目次に個別開始ページの記載なし（親見出しの開始ページは76）"
"新刊","那珂市史","地誌編","Ⅲ 額田地区","１ 額田東郷地区・額田南郷地区・額田北郷地区","＜天保期の村方騒動と村方改革＞","","https://www.city.naka.lg.jp/data/doc/1745047723_doc_902_0.pdf","目次に個別開始ページの記載なし（親見出しの開始ページは76）"
"新刊","那珂市史","地誌編","Ⅲ 額田地区","１ 額田東郷地区・額田南郷地区・額田北郷地区","＜天保期の額田村分村＞","","https://www.city.naka.lg.jp/data/doc/1745047723_doc_902_0.pdf","目次に個別開始ページの記載なし（親見出しの開始ページは76）"
"新刊","那珂市史","地誌編","Ⅲ 額田地区","１ 額田東郷地区・額田南郷地区・額田北郷地区","＜元治元年天狗諸生の乱と寺門登一郎＞","","https://www.city.naka.lg.jp/data/doc/1745047723_doc_902_0.pdf","目次に個別開始ページの記載なし（親見出しの開始ページは76）"
"新刊","那珂市史","地誌編","Ⅲ 額田地区","１ 額田東郷地区・額田南郷地区・額田北郷地区","反撃派の打ち毀しを指揮する","","https://www.city.naka.lg.jp/data/doc/1745047723_doc_902_0.pdf","目次に個別開始ページの記載なし（親見出しの開始ページは76）"
"新刊","那珂市史","地誌編","Ⅲ 額田地区","１ 額田東郷地区・額田南郷地区・額田北郷地区","助川城の田中愿蔵を破る","","https://www.city.naka.lg.jp/data/doc/1745047723_doc_902_0.pdf","目次に個別開始ページの記載なし（親見出しの開始ページは76）"
"新刊","那珂市史","地誌編","Ⅲ 額田地区","１ 額田東郷地区・額田南郷地区・額田北郷地区","登一郎捕らえられ処刑される","","https://www.city.naka.lg.jp/data/doc/1745047723_doc_902_0.pdf","目次に個別開始ページの記載なし（親見出しの開始ページは76）"
"新刊","那珂市史","地誌編","Ⅲ 額田地区","１ 額田東郷地区・額田南郷地区・額田北郷地区","＜教育者の碑文＞","","https://www.city.naka.lg.jp/data/doc/1745047723_doc_902_0.pdf","目次に個別開始ページの記載なし（親見出しの開始ページは76）"
"新刊","那珂市史","地誌編","Ⅲ 額田地区","１ 額田東郷地区・額田南郷地区・額田北郷地区","原好誼軒の碑","","https://www.city.naka.lg.jp/data/doc/1745047723_doc_902_0.pdf","目次に個別開始ページの記載なし（親見出しの開始ページは76）"
"新刊","那珂市史","地誌編","Ⅲ 額田地区","１ 額田東郷地区・額田南郷地区・額田北郷地区","近代","83","https://www.city.naka.lg.jp/data/doc/1745047723_doc_902_0.pdf",""
"新刊","那珂市史","地誌編","Ⅲ 額田地区","１ 額田東郷地区・額田南郷地区・額田北郷地区","＜沿革＞","","https://www.city.naka.lg.jp/data/doc/1745047723_doc_902_0.pdf","目次に個別開始ページの記載なし（親見出しの開始ページは83）"
"新刊","那珂市史","地誌編","Ⅲ 額田地区","１ 額田東郷地区・額田南郷地区・額田北郷地区","＜水戸鉄道の開通と木材加工業の発展＞","","https://www.city.naka.lg.jp/data/doc/1745047723_doc_902_0.pdf","目次に個別開始ページの記載なし（親見出しの開始ページは83）"
"新刊","那珂市史","地誌編","Ⅲ 額田地区","１ 額田東郷地区・額田南郷地区・額田北郷地区","＜明治43年「額田村是」による景況＞","","https://www.city.naka.lg.jp/data/doc/1745047723_doc_902_0.pdf","目次に個別開始ページの記載なし（親見出しの開始ページは83）"
"新刊","那珂市史","地誌編","Ⅲ 額田地区","１ 額田東郷地区・額田南郷地区・額田北郷地区","＜明治期製茶の改良＞","","https://www.city.naka.lg.jp/data/doc/1745047723_doc_902_0.pdf","目次に個別開始ページの記載なし（親見出しの開始ページは83）"
"新刊","那珂市史","地誌編","Ⅲ 額田地区","１ 額田東郷地区・額田南郷地区・額田北郷地区","＜額田祭り＞","","https://www.city.naka.lg.jp/data/doc/1745047723_doc_902_0.pdf","目次に個別開始ページの記載なし（親見出しの開始ページは83）"
"新刊","那珂市史","地誌編","Ⅲ 額田地区","１ 額田東郷地区・額田南郷地区・額田北郷地区","＜昭和18年、有ヶ池の干拓＞","","https://www.city.naka.lg.jp/data/doc/1745047723_doc_902_0.pdf","目次に個別開始ページの記載なし（親見出しの開始ページは83）"
"新刊","那珂市史","地誌編","Ⅲ 額田地区","１ 額田東郷地区・額田南郷地区・額田北郷地区","現代","84","https://www.city.naka.lg.jp/data/doc/1745047723_doc_902_0.pdf",""
"新刊","那珂市史","地誌編","Ⅲ 額田地区","１ 額田東郷地区・額田南郷地区・額田北郷地区","＜額田バイパスの建設＞","","https://www.city.naka.lg.jp/data/doc/1745047723_doc_902_0.pdf","目次に個別開始ページの記載なし（親見出しの開始ページは84）"
"新刊","那珂市史","地誌編","Ⅲ 額田地区","１ 額田東郷地区・額田南郷地区・額田北郷地区","＜小字名＞","","https://www.city.naka.lg.jp/data/doc/1745047723_doc_902_0.pdf","目次に個別開始ページの記載なし（親見出しの開始ページは84）"
"新刊","那珂市史","地誌編","Ⅲ 額田地区","１ 額田東郷地区・額田南郷地区・額田北郷地区","＜地名の由来＞","","https://www.city.naka.lg.jp/data/doc/1745047723_doc_902_0.pdf","目次に個別開始ページの記載なし（親見出しの開始ページは84）"
"新刊","那珂市史","地誌編","Ⅲ 額田地区","１ 額田東郷地区・額田南郷地区・額田北郷地区","＜額田東郷地区小字図＞","","https://www.city.naka.lg.jp/data/doc/1745047723_doc_902_0.pdf","目次に個別開始ページの記載なし（親見出しの開始ページは84）"
"新刊","那珂市史","地誌編","Ⅲ 額田地区","１ 額田東郷地区・額田南郷地区・額田北郷地区","＜額田南郷地区小字図＞","","https://www.city.naka.lg.jp/data/doc/1745047723_doc_902_0.pdf","目次に個別開始ページの記載なし（親見出しの開始ページは84）"
"新刊","那珂市史","地誌編","Ⅲ 額田地区","１ 額田東郷地区・額田南郷地区・額田北郷地区","＜額田北郷地区小字図＞","","https://www.city.naka.lg.jp/data/doc/1745047723_doc_902_0.pdf","目次に個別開始ページの記載なし（親見出しの開始ページは84）"
"新刊","那珂市史","地誌編","Ⅳ 菅谷地区","","","","https://www.city.naka.lg.jp/data/doc/1745047723_doc_902_0.pdf","目次に開始ページの記載なし"
"新刊","那珂市史","地誌編","Ⅳ 菅谷地区","１ 菅谷地区","","91","https://www.city.naka.lg.jp/data/doc/1745047723_doc_902_0.pdf",""
"新刊","那珂市史","地誌編","Ⅳ 菅谷地区","１ 菅谷地区","環境","91","https://www.city.naka.lg.jp/data/doc/1745047723_doc_902_0.pdf",""
"新刊","那珂市史","地誌編","Ⅳ 菅谷地区","１ 菅谷地区","歴史","91","https://www.city.naka.lg.jp/data/doc/1745047723_doc_902_0.pdf",""
"新刊","那珂市史","地誌編","Ⅳ 菅谷地区","１ 菅谷地区","古代","91","https://www.city.naka.lg.jp/data/doc/1745047723_doc_902_0.pdf",""
"新刊","那珂市史","地誌編","Ⅳ 菅谷地区","１ 菅谷地区","＜先土器時代＞","","https://www.city.naka.lg.jp/data/doc/1745047723_doc_902_0.pdf","目次に個別開始ページの記載なし（親見出しの開始ページは91）"
"新刊","那珂市史","地誌編","Ⅳ 菅谷地区","１ 菅谷地区","＜縄文時代＞","","https://www.city.naka.lg.jp/data/doc/1745047723_doc_902_0.pdf","目次に個別開始ページの記載なし（親見出しの開始ページは91）"
"新刊","那珂市史","地誌編","Ⅳ 菅谷地区","１ 菅谷地区","＜弥生時代＞","","https://www.city.naka.lg.jp/data/doc/1745047723_doc_902_0.pdf","目次に個別開始ページの記載なし（親見出しの開始ページは91）"
"新刊","那珂市史","地誌編","Ⅳ 菅谷地区","１ 菅谷地区","＜古墳時代＞","","https://www.city.naka.lg.jp/data/doc/1745047723_doc_902_0.pdf","目次に個別開始ページの記載なし（親見出しの開始ページは91）"
"新刊","那珂市史","地誌編","Ⅳ 菅谷地区","１ 菅谷地区","＜古代官道東海道＞","","https://www.city.naka.lg.jp/data/doc/1745047723_doc_902_0.pdf","目次に個別開始ページの記載なし（親見出しの開始ページは91）"
"新刊","那珂市史","地誌編","Ⅳ 菅谷地区","１ 菅谷地区","中世","92","https://www.city.naka.lg.jp/data/doc/1745047723_doc_902_0.pdf",""
"新刊","那珂市史","地誌編","Ⅳ 菅谷地区","１ 菅谷地区","＜城郭＞","","https://www.city.naka.lg.jp/data/doc/1745047723_doc_902_0.pdf","目次に個別開始ページの記載なし（親見出しの開始ページは92）"
"新刊","那珂市史","地誌編","Ⅳ 菅谷地区","１ 菅谷地区","堀の内館","","https://www.city.naka.lg.jp/data/doc/1745047723_doc_902_0.pdf","目次に個別開始ページの記載なし（親見出しの開始ページは92）"
"新刊","那珂市史","地誌編","Ⅳ 菅谷地区","１ 菅谷地区","延命院との関係","","https://www.city.naka.lg.jp/data/doc/1745047723_doc_902_0.pdf","目次に個別開始ページの記載なし（親見出しの開始ページは92）"
"新刊","那珂市史","地誌編","Ⅳ 菅谷地区","１ 菅谷地区","発掘調査の結果","","https://www.city.naka.lg.jp/data/doc/1745047723_doc_902_0.pdf","目次に個別開始ページの記載なし（親見出しの開始ページは92）"
"新刊","那珂市史","地誌編","Ⅳ 菅谷地区","１ 菅谷地区","平野館跡","","https://www.city.naka.lg.jp/data/doc/1745047723_doc_902_0.pdf","目次に個別開始ページの記載なし（親見出しの開始ページは92）"
"新刊","那珂市史","地誌編","Ⅳ 菅谷地区","１ 菅谷地区","江戸氏からの書状","","https://www.city.naka.lg.jp/data/doc/1745047723_doc_902_0.pdf","目次に個別開始ページの記載なし（親見出しの開始ページは92）"
"新刊","那珂市史","地誌編","Ⅳ 菅谷地区","１ 菅谷地区","軍司筑後守館","","https://www.city.naka.lg.jp/data/doc/1745047723_doc_902_0.pdf","目次に個別開始ページの記載なし（親見出しの開始ページは92）"
"新刊","那珂市史","地誌編","Ⅳ 菅谷地区","１ 菅谷地区","仲の房館","","https://www.city.naka.lg.jp/data/doc/1745047723_doc_902_0.pdf","目次に個別開始ページの記載なし（親見出しの開始ページは92）"
"新刊","那珂市史","地誌編","Ⅳ 菅谷地区","１ 菅谷地区","一向宗門徒、江戸・額田合戦で額田方に味方する","","https://www.city.naka.lg.jp/data/doc/1745047723_doc_902_0.pdf","目次に個別開始ページの記載なし（親見出しの開始ページは92）"
"新刊","那珂市史","地誌編","Ⅳ 菅谷地区","１ 菅谷地区","宮田掃部助館","","https://www.city.naka.lg.jp/data/doc/1745047723_doc_902_0.pdf","目次に個別開始ページの記載なし（親見出しの開始ページは92）"
"新刊","那珂市史","地誌編","Ⅳ 菅谷地区","１ 菅谷地区","地天館","","https://www.city.naka.lg.jp/data/doc/1745047723_doc_902_0.pdf","目次に個別開始ページの記載なし（親見出しの開始ページは92）"
"新刊","那珂市史","地誌編","Ⅳ 菅谷地区","１ 菅谷地区","菅谷の土豪連合","","https://www.city.naka.lg.jp/data/doc/1745047723_doc_902_0.pdf","目次に個別開始ページの記載なし（親見出しの開始ページは92）"
"新刊","那珂市史","地誌編","Ⅳ 菅谷地区","１ 菅谷地区","高野氏館","","https://www.city.naka.lg.jp/data/doc/1745047723_doc_902_0.pdf","目次に個別開始ページの記載なし（親見出しの開始ページは92）"
"新刊","那珂市史","地誌編","Ⅳ 菅谷地区","１ 菅谷地区","加藤安房館","","https://www.city.naka.lg.jp/data/doc/1745047723_doc_902_0.pdf","目次に個別開始ページの記載なし（親見出しの開始ページは92）"
"新刊","那珂市史","地誌編","Ⅳ 菅谷地区","１ 菅谷地区","柏村越前守館","","https://www.city.naka.lg.jp/data/doc/1745047723_doc_902_0.pdf","目次に個別開始ページの記載なし（親見出しの開始ページは92）"
"新刊","那珂市史","地誌編","Ⅳ 菅谷地区","１ 菅谷地区","藤咲丹後館","","https://www.city.naka.lg.jp/data/doc/1745047723_doc_902_0.pdf","目次に個別開始ページの記載なし（親見出しの開始ページは92）"
"新刊","那珂市史","地誌編","Ⅳ 菅谷地区","１ 菅谷地区","竹の内館","","https://www.city.naka.lg.jp/data/doc/1745047723_doc_902_0.pdf","目次に個別開始ページの記載なし（親見出しの開始ページは92）"
"新刊","那珂市史","地誌編","Ⅳ 菅谷地区","１ 菅谷地区","平野小六館","","https://www.city.naka.lg.jp/data/doc/1745047723_doc_902_0.pdf","目次に個別開始ページの記載なし（親見出しの開始ページは92）"
"新刊","那珂市史","地誌編","Ⅳ 菅谷地区","１ 菅谷地区","＜太閤検地＞","","https://www.city.naka.lg.jp/data/doc/1745047723_doc_902_0.pdf","目次に個別開始ページの記載なし（親見出しの開始ページは92）"
"新刊","那珂市史","地誌編","Ⅳ 菅谷地区","１ 菅谷地区","近世","98","https://www.city.naka.lg.jp/data/doc/1745047723_doc_902_0.pdf",""
"新刊","那珂市史","地誌編","Ⅳ 菅谷地区","１ 菅谷地区","＜慶長７年、武田信吉、菅谷に御殿を設ける＞","","https://www.city.naka.lg.jp/data/doc/1745047723_doc_902_0.pdf","目次に個別開始ページの記載なし（親見出しの開始ページは98）"
"新刊","那珂市史","地誌編","Ⅳ 菅谷地区","１ 菅谷地区","＜慶長７年、菅谷に町年寄が置かれる＞","","https://www.city.naka.lg.jp/data/doc/1745047723_doc_902_0.pdf","目次に個別開始ページの記載なし（親見出しの開始ページは98）"
"新刊","那珂市史","地誌編","Ⅳ 菅谷地区","１ 菅谷地区","＜慶長11年、伊奈忠次による菅谷新田開発＞","","https://www.city.naka.lg.jp/data/doc/1745047723_doc_902_0.pdf","目次に個別開始ページの記載なし（親見出しの開始ページは98）"
"新刊","那珂市史","地誌編","Ⅳ 菅谷地区","１ 菅谷地区","菅谷新田開発はいつから始まったか","","https://www.city.naka.lg.jp/data/doc/1745047723_doc_902_0.pdf","目次に個別開始ページの記載なし（親見出しの開始ページは98）"
"新刊","那珂市史","地誌編","Ⅳ 菅谷地区","１ 菅谷地区","＜社寺祠堂＞","","https://www.city.naka.lg.jp/data/doc/1745047723_doc_902_0.pdf","目次に個別開始ページの記載なし（親見出しの開始ページは98）"
"新刊","那珂市史","地誌編","Ⅳ 菅谷地区","１ 菅谷地区","鹿島神社","","https://www.city.naka.lg.jp/data/doc/1745047723_doc_902_0.pdf","目次に個別開始ページの記載なし（親見出しの開始ページは98）"
"新刊","那珂市史","地誌編","Ⅳ 菅谷地区","１ 菅谷地区","八竜神社","","https://www.city.naka.lg.jp/data/doc/1745047723_doc_902_0.pdf","目次に個別開始ページの記載なし（親見出しの開始ページは98）"
"新刊","那珂市史","地誌編","Ⅳ 菅谷地区","１ 菅谷地区","不動院","","https://www.city.naka.lg.jp/data/doc/1745047723_doc_902_0.pdf","目次に個別開始ページの記載なし（親見出しの開始ページは98）"
"新刊","那珂市史","地誌編","Ⅳ 菅谷地区","１ 菅谷地区","正覚寺","","https://www.city.naka.lg.jp/data/doc/1745047723_doc_902_0.pdf","目次に個別開始ページの記載なし（親見出しの開始ページは98）"
"新刊","那珂市史","地誌編","Ⅳ 菅谷地区","１ 菅谷地区","延命院跡","","https://www.city.naka.lg.jp/data/doc/1745047723_doc_902_0.pdf","目次に個別開始ページの記載なし（親見出しの開始ページは98）"
"新刊","那珂市史","地誌編","Ⅳ 菅谷地区","１ 菅谷地区","常運寺跡","","https://www.city.naka.lg.jp/data/doc/1745047723_doc_902_0.pdf","目次に個別開始ページの記載なし（親見出しの開始ページは98）"
"新刊","那珂市史","地誌編","Ⅳ 菅谷地区","１ 菅谷地区","＜享保期菅谷村商業の形成＞","","https://www.city.naka.lg.jp/data/doc/1745047723_doc_902_0.pdf","目次に個別開始ページの記載なし（親見出しの開始ページは98）"
"新刊","那珂市史","地誌編","Ⅳ 菅谷地区","１ 菅谷地区","＜農村荒廃と菅谷村改革＞","","https://www.city.naka.lg.jp/data/doc/1745047723_doc_902_0.pdf","目次に個別開始ページの記載なし（親見出しの開始ページは98）"
"新刊","那珂市史","地誌編","Ⅳ 菅谷地区","１ 菅谷地区","＜文化期の菅谷村＞","","https://www.city.naka.lg.jp/data/doc/1745047723_doc_902_0.pdf","目次に個別開始ページの記載なし（親見出しの開始ページは98）"
"新刊","那珂市史","地誌編","Ⅳ 菅谷地区","１ 菅谷地区","＜天保菅谷村絵図＞","","https://www.city.naka.lg.jp/data/doc/1745047723_doc_902_0.pdf","目次に個別開始ページの記載なし（親見出しの開始ページは98）"
"新刊","那珂市史","地誌編","Ⅳ 菅谷地区","１ 菅谷地区","＜天保菅谷村組分け絵図＞","","https://www.city.naka.lg.jp/data/doc/1745047723_doc_902_0.pdf","目次に個別開始ページの記載なし（親見出しの開始ページは98）"
"新刊","那珂市史","地誌編","Ⅳ 菅谷地区","１ 菅谷地区","＜天保期の鹿島神社・八竜船寄神社の廃止、新たに鹿島神社を勧請統合＞","","https://www.city.naka.lg.jp/data/doc/1745047723_doc_902_0.pdf","目次に個別開始ページの記載なし（親見出しの開始ページは98）"
"新刊","那珂市史","地誌編","Ⅳ 菅谷地区","１ 菅谷地区","＜安政期菅谷村商業の拡大＞","","https://www.city.naka.lg.jp/data/doc/1745047723_doc_902_0.pdf","目次に個別開始ページの記載なし（親見出しの開始ページは98）"
"新刊","那珂市史","地誌編","Ⅳ 菅谷地区","１ 菅谷地区","＜教育者の碑文＞","","https://www.city.naka.lg.jp/data/doc/1745047723_doc_902_0.pdf","目次に個別開始ページの記載なし（親見出しの開始ページは98）"
"新刊","那珂市史","地誌編","Ⅳ 菅谷地区","１ 菅谷地区","平野又左衛門の墓碑","","https://www.city.naka.lg.jp/data/doc/1745047723_doc_902_0.pdf","目次に個別開始ページの記載なし（親見出しの開始ページは98）"
"新刊","那珂市史","地誌編","Ⅳ 菅谷地区","１ 菅谷地区","近代","106","https://www.city.naka.lg.jp/data/doc/1745047723_doc_902_0.pdf",""
"新刊","那珂市史","地誌編","Ⅳ 菅谷地区","１ 菅谷地区","＜沿革＞","","https://www.city.naka.lg.jp/data/doc/1745047723_doc_902_0.pdf","目次に個別開始ページの記載なし（親見出しの開始ページは106）"
"新刊","那珂市史","地誌編","Ⅳ 菅谷地区","１ 菅谷地区","＜那珂郡役所設置＞","","https://www.city.naka.lg.jp/data/doc/1745047723_doc_902_0.pdf","目次に個別開始ページの記載なし（親見出しの開始ページは106）"
"新刊","那珂市史","地誌編","Ⅳ 菅谷地区","１ 菅谷地区","＜太田鉄道・水郡線の開通＞","","https://www.city.naka.lg.jp/data/doc/1745047723_doc_902_0.pdf","目次に個別開始ページの記載なし（親見出しの開始ページは106）"
"新刊","那珂市史","地誌編","Ⅳ 菅谷地区","１ 菅谷地区","＜産業功労者の碑文＞","","https://www.city.naka.lg.jp/data/doc/1745047723_doc_902_0.pdf","目次に個別開始ページの記載なし（親見出しの開始ページは106）"
"新刊","那珂市史","地誌編","Ⅳ 菅谷地区","１ 菅谷地区","白土松吉の顕彰碑","","https://www.city.naka.lg.jp/data/doc/1745047723_doc_902_0.pdf","目次に個別開始ページの記載なし（親見出しの開始ページは106）"
"新刊","那珂市史","地誌編","Ⅳ 菅谷地区","１ 菅谷地区","＜昭和17年、菅谷防空監視哨、米軍機初空襲を通報するも大幅に警報遅れる＞","","https://www.city.naka.lg.jp/data/doc/1745047723_doc_902_0.pdf","目次に個別開始ページの記載なし（親見出しの開始ページは106）"
"新刊","那珂市史","地誌編","Ⅳ 菅谷地区","１ 菅谷地区","＜菅谷の大助祭り＞","","https://www.city.naka.lg.jp/data/doc/1745047723_doc_902_0.pdf","目次に個別開始ページの記載なし（親見出しの開始ページは106）"
"新刊","那珂市史","地誌編","Ⅳ 菅谷地区","１ 菅谷地区","現代","107","https://www.city.naka.lg.jp/data/doc/1745047723_doc_902_0.pdf",""
"新刊","那珂市史","地誌編","Ⅳ 菅谷地区","１ 菅谷地区","＜小・中学校の統合と新設＞","","https://www.city.naka.lg.jp/data/doc/1745047723_doc_902_0.pdf","目次に個別開始ページの記載なし（親見出しの開始ページは107）"
"新刊","那珂市史","地誌編","Ⅳ 菅谷地区","１ 菅谷地区","＜菅谷バイパス開通と菅谷市街の道路拡張工事＞","","https://www.city.naka.lg.jp/data/doc/1745047723_doc_902_0.pdf","目次に個別開始ページの記載なし（親見出しの開始ページは107）"
"新刊","那珂市史","地誌編","Ⅳ 菅谷地区","１ 菅谷地区","＜那珂町役場の移転＞","","https://www.city.naka.lg.jp/data/doc/1745047723_doc_902_0.pdf","目次に個別開始ページの記載なし（親見出しの開始ページは107）"
"新刊","那珂市史","地誌編","Ⅳ 菅谷地区","１ 菅谷地区","＜那珂・瓜連両町合併し那珂市誕生＞","","https://www.city.naka.lg.jp/data/doc/1745047723_doc_902_0.pdf","目次に個別開始ページの記載なし（親見出しの開始ページは107）"
"新刊","那珂市史","地誌編","Ⅳ 菅谷地区","１ 菅谷地区","＜那珂市立図書館の新設＞","","https://www.city.naka.lg.jp/data/doc/1745047723_doc_902_0.pdf","目次に個別開始ページの記載なし（親見出しの開始ページは107）"
"新刊","那珂市史","地誌編","Ⅳ 菅谷地区","１ 菅谷地区","＜一ノ関溜池整備と白鳥の飛来＞","","https://www.city.naka.lg.jp/data/doc/1745047723_doc_902_0.pdf","目次に個別開始ページの記載なし（親見出しの開始ページは107）"
"新刊","那珂市史","地誌編","Ⅳ 菅谷地区","１ 菅谷地区","＜小字名＞","","https://www.city.naka.lg.jp/data/doc/1745047723_doc_902_0.pdf","目次に個別開始ページの記載なし（親見出しの開始ページは107）"
"新刊","那珂市史","地誌編","Ⅳ 菅谷地区","１ 菅谷地区","＜地名の由来＞","","https://www.city.naka.lg.jp/data/doc/1745047723_doc_902_0.pdf","目次に個別開始ページの記載なし（親見出しの開始ページは107）"
"新刊","那珂市史","地誌編","Ⅳ 菅谷地区","１ 菅谷地区","＜菅谷地区小字図＞","","https://www.city.naka.lg.jp/data/doc/1745047723_doc_902_0.pdf","目次に個別開始ページの記載なし（親見出しの開始ページは107）"
"新刊","那珂市史","地誌編","Ⅳ 菅谷地区","２ 福田地区","","111","https://www.city.naka.lg.jp/data/doc/1745047723_doc_902_0.pdf",""
"新刊","那珂市史","地誌編","Ⅳ 菅谷地区","２ 福田地区","歴史","111","https://www.city.naka.lg.jp/data/doc/1745047723_doc_902_0.pdf",""
"新刊","那珂市史","地誌編","Ⅳ 菅谷地区","２ 福田地区","古代","111","https://www.city.naka.lg.jp/data/doc/1745047723_doc_902_0.pdf",""
"新刊","那珂市史","地誌編","Ⅳ 菅谷地区","２ 福田地区","＜古代官道副道＞","","https://www.city.naka.lg.jp/data/doc/1745047723_doc_902_0.pdf","目次に個別開始ページの記載なし（親見出しの開始ページは111）"
"新刊","那珂市史","地誌編","Ⅳ 菅谷地区","２ 福田地区","中世","111","https://www.city.naka.lg.jp/data/doc/1745047723_doc_902_0.pdf",""
"新刊","那珂市史","地誌編","Ⅳ 菅谷地区","２ 福田地区","＜城郭＞","","https://www.city.naka.lg.jp/data/doc/1745047723_doc_902_0.pdf","目次に個別開始ページの記載なし（親見出しの開始ページは111）"
"新刊","那珂市史","地誌編","Ⅳ 菅谷地区","２ 福田地区","原坪館","","https://www.city.naka.lg.jp/data/doc/1745047723_doc_902_0.pdf","目次に個別開始ページの記載なし（親見出しの開始ページは111）"
"新刊","那珂市史","地誌編","Ⅳ 菅谷地区","２ 福田地区","福田中坪館","","https://www.city.naka.lg.jp/data/doc/1745047723_doc_902_0.pdf","目次に個別開始ページの記載なし（親見出しの開始ページは111）"
"新刊","那珂市史","地誌編","Ⅳ 菅谷地区","２ 福田地区","向坪館","","https://www.city.naka.lg.jp/data/doc/1745047723_doc_902_0.pdf","目次に個別開始ページの記載なし（親見出しの開始ページは111）"
"新刊","那珂市史","地誌編","Ⅳ 菅谷地区","２ 福田地区","玄番山館","","https://www.city.naka.lg.jp/data/doc/1745047723_doc_902_0.pdf","目次に個別開始ページの記載なし（親見出しの開始ページは111）"
"新刊","那珂市史","地誌編","Ⅳ 菅谷地区","２ 福田地区","東崎館","","https://www.city.naka.lg.jp/data/doc/1745047723_doc_902_0.pdf","目次に個別開始ページの記載なし（親見出しの開始ページは111）"
"新刊","那珂市史","地誌編","Ⅳ 菅谷地区","２ 福田地区","福田稲荷宮館跡","","https://www.city.naka.lg.jp/data/doc/1745047723_doc_902_0.pdf","目次に個別開始ページの記載なし（親見出しの開始ページは111）"
"新刊","那珂市史","地誌編","Ⅳ 菅谷地区","２ 福田地区","＜社寺祠堂＞","","https://www.city.naka.lg.jp/data/doc/1745047723_doc_902_0.pdf","目次に個別開始ページの記載なし（親見出しの開始ページは111）"
"新刊","那珂市史","地誌編","Ⅳ 菅谷地区","２ 福田地区","春日神社","","https://www.city.naka.lg.jp/data/doc/1745047723_doc_902_0.pdf","目次に個別開始ページの記載なし（親見出しの開始ページは111）"
"新刊","那珂市史","地誌編","Ⅳ 菅谷地区","２ 福田地区","金光寺跡","","https://www.city.naka.lg.jp/data/doc/1745047723_doc_902_0.pdf","目次に個別開始ページの記載なし（親見出しの開始ページは111）"
"新刊","那珂市史","地誌編","Ⅳ 菅谷地区","２ 福田地区","近世","115","https://www.city.naka.lg.jp/data/doc/1745047723_doc_902_0.pdf",""
"新刊","那珂市史","地誌編","Ⅳ 菅谷地区","２ 福田地区","＜概観＞","","https://www.city.naka.lg.jp/data/doc/1745047723_doc_902_0.pdf","目次に個別開始ページの記載なし（親見出しの開始ページは115）"
"新刊","那珂市史","地誌編","Ⅳ 菅谷地区","２ 福田地区","＜若者組の活動＞","","https://www.city.naka.lg.jp/data/doc/1745047723_doc_902_0.pdf","目次に個別開始ページの記載なし（親見出しの開始ページは115）"
"新刊","那珂市史","地誌編","Ⅳ 菅谷地区","２ 福田地区","近代","116","https://www.city.naka.lg.jp/data/doc/1745047723_doc_902_0.pdf",""
"新刊","那珂市史","地誌編","Ⅳ 菅谷地区","２ 福田地区","＜沿革＞","","https://www.city.naka.lg.jp/data/doc/1745047723_doc_902_0.pdf","目次に個別開始ページの記載なし（親見出しの開始ページは116）"
"新刊","那珂市史","地誌編","Ⅳ 菅谷地区","２ 福田地区","現代","116","https://www.city.naka.lg.jp/data/doc/1745047723_doc_902_0.pdf",""
"新刊","那珂市史","地誌編","Ⅳ 菅谷地区","２ 福田地区","＜常磐自動車道の那珂インター開設＞","","https://www.city.naka.lg.jp/data/doc/1745047723_doc_902_0.pdf","目次に個別開始ページの記載なし（親見出しの開始ページは116）"
"新刊","那珂市史","地誌編","Ⅳ 菅谷地区","２ 福田地区","＜那珂町役場・中央公民館の建設＞","","https://www.city.naka.lg.jp/data/doc/1745047723_doc_902_0.pdf","目次に個別開始ページの記載なし（親見出しの開始ページは116）"
"新刊","那珂市史","地誌編","Ⅳ 菅谷地区","２ 福田地区","＜小字名＞","","https://www.city.naka.lg.jp/data/doc/1745047723_doc_902_0.pdf","目次に個別開始ページの記載なし（親見出しの開始ページは116）"
"新刊","那珂市史","地誌編","Ⅳ 菅谷地区","２ 福田地区","＜地名の由来＞","","https://www.city.naka.lg.jp/data/doc/1745047723_doc_902_0.pdf","目次に個別開始ページの記載なし（親見出しの開始ページは116）"
"新刊","那珂市史","地誌編","Ⅳ 菅谷地区","２ 福田地区","＜福田地区小字図＞","","https://www.city.naka.lg.jp/data/doc/1745047723_doc_902_0.pdf","目次に個別開始ページの記載なし（親見出しの開始ページは116）"
"新刊","那珂市史","地誌編","Ⅴ 五台地区","","","","https://www.city.naka.lg.jp/data/doc/1745047723_doc_902_0.pdf","目次に開始ページの記載なし"
"新刊","那珂市史","地誌編","Ⅴ 五台地区","","概観","121","https://www.city.naka.lg.jp/data/doc/1745047723_doc_902_0.pdf",""
"新刊","那珂市史","地誌編","Ⅴ 五台地区","","＜役場・教育施設＞","","https://www.city.naka.lg.jp/data/doc/1745047723_doc_902_0.pdf","目次に個別開始ページの記載なし（親見出しの開始ページは121）"
"新刊","那珂市史","地誌編","Ⅴ 五台地区","","初期の小中学校","","https://www.city.naka.lg.jp/data/doc/1745047723_doc_902_0.pdf","目次に個別開始ページの記載なし（親見出しの開始ページは121）"
"新刊","那珂市史","地誌編","Ⅴ 五台地区","１ 後台地区","","123","https://www.city.naka.lg.jp/data/doc/1745047723_doc_902_0.pdf",""
"新刊","那珂市史","地誌編","Ⅴ 五台地区","１ 後台地区","＜概観＞","","https://www.city.naka.lg.jp/data/doc/1745047723_doc_902_0.pdf","目次に個別開始ページの記載なし（親見出しの開始ページは123）"
"新刊","那珂市史","地誌編","Ⅴ 五台地区","１ 後台地区","＜石仏石塔・石碑＞","","https://www.city.naka.lg.jp/data/doc/1745047723_doc_902_0.pdf","目次に個別開始ページの記載なし（親見出しの開始ページは123）"
"新刊","那珂市史","地誌編","Ⅴ 五台地区","１ 後台地区","＜社寺祠堂＞","","https://www.city.naka.lg.jp/data/doc/1745047723_doc_902_0.pdf","目次に個別開始ページの記載なし（親見出しの開始ページは123）"
"新刊","那珂市史","地誌編","Ⅴ 五台地区","１ 後台地区","鹿嶋三嶋神社","","https://www.city.naka.lg.jp/data/doc/1745047723_doc_902_0.pdf","目次に個別開始ページの記載なし（親見出しの開始ページは123）"
"新刊","那珂市史","地誌編","Ⅴ 五台地区","１ 後台地区","野中一ノ矢・八坂神社","","https://www.city.naka.lg.jp/data/doc/1745047723_doc_902_0.pdf","目次に個別開始ページの記載なし（親見出しの開始ページは123）"
"新刊","那珂市史","地誌編","Ⅴ 五台地区","１ 後台地区","稲荷神社","","https://www.city.naka.lg.jp/data/doc/1745047723_doc_902_0.pdf","目次に個別開始ページの記載なし（親見出しの開始ページは123）"
"新刊","那珂市史","地誌編","Ⅴ 五台地区","１ 後台地区","＜広域農道（バードライン）＞","","https://www.city.naka.lg.jp/data/doc/1745047723_doc_902_0.pdf","目次に個別開始ページの記載なし（親見出しの開始ページは123）"
"新刊","那珂市史","地誌編","Ⅴ 五台地区","１ 後台地区","＜溜池＞","","https://www.city.naka.lg.jp/data/doc/1745047723_doc_902_0.pdf","目次に個別開始ページの記載なし（親見出しの開始ページは123）"
"新刊","那珂市史","地誌編","Ⅴ 五台地区","１ 後台地区","上宿溜池","","https://www.city.naka.lg.jp/data/doc/1745047723_doc_902_0.pdf","目次に個別開始ページの記載なし（親見出しの開始ページは123）"
"新刊","那珂市史","地誌編","Ⅴ 五台地区","１ 後台地区","津崎溜池","","https://www.city.naka.lg.jp/data/doc/1745047723_doc_902_0.pdf","目次に個別開始ページの記載なし（親見出しの開始ページは123）"
"新刊","那珂市史","地誌編","Ⅴ 五台地区","１ 後台地区","野中溜池","","https://www.city.naka.lg.jp/data/doc/1745047723_doc_902_0.pdf","目次に個別開始ページの記載なし（親見出しの開始ページは123）"
"新刊","那珂市史","地誌編","Ⅴ 五台地区","１ 後台地区","大佛溜池","","https://www.city.naka.lg.jp/data/doc/1745047723_doc_902_0.pdf","目次に個別開始ページの記載なし（親見出しの開始ページは123）"
"新刊","那珂市史","地誌編","Ⅴ 五台地区","１ 後台地区","＜教育施設＞","","https://www.city.naka.lg.jp/data/doc/1745047723_doc_902_0.pdf","目次に個別開始ページの記載なし（親見出しの開始ページは123）"
"新刊","那珂市史","地誌編","Ⅴ 五台地区","１ 後台地区","ばら野学園那珂市立第一中学校","","https://www.city.naka.lg.jp/data/doc/1745047723_doc_902_0.pdf","目次に個別開始ページの記載なし（親見出しの開始ページは123）"
"新刊","那珂市史","地誌編","Ⅴ 五台地区","１ 後台地区","茨城県立那珂高等学校","","https://www.city.naka.lg.jp/data/doc/1745047723_doc_902_0.pdf","目次に個別開始ページの記載なし（親見出しの開始ページは123）"
"新刊","那珂市史","地誌編","Ⅴ 五台地区","１ 後台地区","茨城県立茨城学園","","https://www.city.naka.lg.jp/data/doc/1745047723_doc_902_0.pdf","目次に個別開始ページの記載なし（親見出しの開始ページは123）"
"新刊","那珂市史","地誌編","Ⅴ 五台地区","１ 後台地区","（コラム）伊奈備前守忠次の墓ははじめ後台源長寺に造られた","","https://www.city.naka.lg.jp/data/doc/1745047723_doc_902_0.pdf","目次に個別開始ページの記載なし（親見出しの開始ページは123）"
"新刊","那珂市史","地誌編","Ⅴ 五台地区","１ 後台地区","（コラム）上新地共同墓地の六角石幢","","https://www.city.naka.lg.jp/data/doc/1745047723_doc_902_0.pdf","目次に個別開始ページの記載なし（親見出しの開始ページは123）"
"新刊","那珂市史","地誌編","Ⅴ 五台地区","１ 後台地区","＜後台地区小字図＞","","https://www.city.naka.lg.jp/data/doc/1745047723_doc_902_0.pdf","目次に個別開始ページの記載なし（親見出しの開始ページは123）"
"新刊","那珂市史","地誌編","Ⅴ 五台地区","２ 中台地区","","132","https://www.city.naka.lg.jp/data/doc/1745047723_doc_902_0.pdf",""
"新刊","那珂市史","地誌編","Ⅴ 五台地区","２ 中台地区","＜村絵図＞","","https://www.city.naka.lg.jp/data/doc/1745047723_doc_902_0.pdf","目次に個別開始ページの記載なし（親見出しの開始ページは132）"
"新刊","那珂市史","地誌編","Ⅴ 五台地区","２ 中台地区","＜外記塚＞","","https://www.city.naka.lg.jp/data/doc/1745047723_doc_902_0.pdf","目次に個別開始ページの記載なし（親見出しの開始ページは132）"
"新刊","那珂市史","地誌編","Ⅴ 五台地区","２ 中台地区","＜息栖神社＞","","https://www.city.naka.lg.jp/data/doc/1745047723_doc_902_0.pdf","目次に個別開始ページの記載なし（親見出しの開始ページは132）"
"新刊","那珂市史","地誌編","Ⅴ 五台地区","２ 中台地区","＜馬頭観音＞","","https://www.city.naka.lg.jp/data/doc/1745047723_doc_902_0.pdf","目次に個別開始ページの記載なし（親見出しの開始ページは132）"
"新刊","那珂市史","地誌編","Ⅴ 五台地区","２ 中台地区","＜中台の溜池跡と油脂会社＞","","https://www.city.naka.lg.jp/data/doc/1745047723_doc_902_0.pdf","目次に個別開始ページの記載なし（親見出しの開始ページは132）"
"新刊","那珂市史","地誌編","Ⅴ 五台地区","２ 中台地区","（コラム）女郎ヶ池の伝説","","https://www.city.naka.lg.jp/data/doc/1745047723_doc_902_0.pdf","目次に個別開始ページの記載なし（親見出しの開始ページは132）"
"新刊","那珂市史","地誌編","Ⅴ 五台地区","２ 中台地区","＜工事中の国道349号線と遺跡の発掘＞","","https://www.city.naka.lg.jp/data/doc/1745047723_doc_902_0.pdf","目次に個別開始ページの記載なし（親見出しの開始ページは132）"
"新刊","那珂市史","地誌編","Ⅴ 五台地区","２ 中台地区","＜中台地区を走る水郡線＞","","https://www.city.naka.lg.jp/data/doc/1745047723_doc_902_0.pdf","目次に個別開始ページの記載なし（親見出しの開始ページは132）"
"新刊","那珂市史","地誌編","Ⅴ 五台地区","２ 中台地区","＜旧那珂町に水戸市があった！＞","","https://www.city.naka.lg.jp/data/doc/1745047723_doc_902_0.pdf","目次に個別開始ページの記載なし（親見出しの開始ページは132）"
"新刊","那珂市史","地誌編","Ⅴ 五台地区","２ 中台地区","＜中台地区小字図＞","","https://www.city.naka.lg.jp/data/doc/1745047723_doc_902_0.pdf","目次に個別開始ページの記載なし（親見出しの開始ページは132）"
"新刊","那珂市史","地誌編","Ⅴ 五台地区","２ 中台地区","＜津田地区小字図＞","","https://www.city.naka.lg.jp/data/doc/1745047723_doc_902_0.pdf","目次に個別開始ページの記載なし（親見出しの開始ページは132）"
"新刊","那珂市史","地誌編","Ⅴ 五台地区","３ 東木倉地区","","137","https://www.city.naka.lg.jp/data/doc/1745047723_doc_902_0.pdf",""
"新刊","那珂市史","地誌編","Ⅴ 五台地区","３ 東木倉地区","＜概観＞","","https://www.city.naka.lg.jp/data/doc/1745047723_doc_902_0.pdf","目次に個別開始ページの記載なし（親見出しの開始ページは137）"
"新刊","那珂市史","地誌編","Ⅴ 五台地区","３ 東木倉地区","＜村絵図＞","","https://www.city.naka.lg.jp/data/doc/1745047723_doc_902_0.pdf","目次に個別開始ページの記載なし（親見出しの開始ページは137）"
"新刊","那珂市史","地誌編","Ⅴ 五台地区","３ 東木倉地区","吉田神社","","https://www.city.naka.lg.jp/data/doc/1745047723_doc_902_0.pdf","目次に個別開始ページの記載なし（親見出しの開始ページは137）"
"新刊","那珂市史","地誌編","Ⅴ 五台地区","３ 東木倉地区","清水洞","","https://www.city.naka.lg.jp/data/doc/1745047723_doc_902_0.pdf","目次に個別開始ページの記載なし（親見出しの開始ページは137）"
"新刊","那珂市史","地誌編","Ⅴ 五台地区","３ 東木倉地区","根本正の生家","","https://www.city.naka.lg.jp/data/doc/1745047723_doc_902_0.pdf","目次に個別開始ページの記載なし（親見出しの開始ページは137）"
"新刊","那珂市史","地誌編","Ⅴ 五台地区","３ 東木倉地区","＜教育施設＞","","https://www.city.naka.lg.jp/data/doc/1745047723_doc_902_0.pdf","目次に個別開始ページの記載なし（親見出しの開始ページは137）"
"新刊","那珂市史","地誌編","Ⅴ 五台地区","３ 東木倉地区","ばら野学園那珂市立五台小学校","","https://www.city.naka.lg.jp/data/doc/1745047723_doc_902_0.pdf","目次に個別開始ページの記載なし（親見出しの開始ページは137）"
"新刊","那珂市史","地誌編","Ⅴ 五台地区","３ 東木倉地区","茨城県立水戸農業高等学校","","https://www.city.naka.lg.jp/data/doc/1745047723_doc_902_0.pdf","目次に個別開始ページの記載なし（親見出しの開始ページは137）"
"新刊","那珂市史","地誌編","Ⅴ 五台地区","３ 東木倉地区","茨城女子短期大学","","https://www.city.naka.lg.jp/data/doc/1745047723_doc_902_0.pdf","目次に個別開始ページの記載なし（親見出しの開始ページは137）"
"新刊","那珂市史","地誌編","Ⅴ 五台地区","３ 東木倉地区","＜洞の上溜池・太陽光発電施設＞","","https://www.city.naka.lg.jp/data/doc/1745047723_doc_902_0.pdf","目次に個別開始ページの記載なし（親見出しの開始ページは137）"
"新刊","那珂市史","地誌編","Ⅴ 五台地区","３ 東木倉地区","＜石仏石塔・石碑＞","","https://www.city.naka.lg.jp/data/doc/1745047723_doc_902_0.pdf","目次に個別開始ページの記載なし（親見出しの開始ページは137）"
"新刊","那珂市史","地誌編","Ⅴ 五台地区","３ 東木倉地区","＜県道38号線＞","","https://www.city.naka.lg.jp/data/doc/1745047723_doc_902_0.pdf","目次に個別開始ページの記載なし（親見出しの開始ページは137）"
"新刊","那珂市史","地誌編","Ⅴ 五台地区","３ 東木倉地区","（コラム）『常陸国風土記』の「曝井」は清水洞こそがふさわしい","","https://www.city.naka.lg.jp/data/doc/1745047723_doc_902_0.pdf","目次に個別開始ページの記載なし（親見出しの開始ページは137）"
"新刊","那珂市史","地誌編","Ⅴ 五台地区","３ 東木倉地区","＜東木倉地区小字図＞","","https://www.city.naka.lg.jp/data/doc/1745047723_doc_902_0.pdf","目次に個別開始ページの記載なし（親見出しの開始ページは137）"
"新刊","那珂市史","地誌編","Ⅴ 五台地区","４ 西木倉地区","","145","https://www.city.naka.lg.jp/data/doc/1745047723_doc_902_0.pdf",""
"新刊","那珂市史","地誌編","Ⅴ 五台地区","４ 西木倉地区","＜概観＞","","https://www.city.naka.lg.jp/data/doc/1745047723_doc_902_0.pdf","目次に個別開始ページの記載なし（親見出しの開始ページは145）"
"新刊","那珂市史","地誌編","Ⅴ 五台地区","４ 西木倉地区","＜植桜記念碑＞","","https://www.city.naka.lg.jp/data/doc/1745047723_doc_902_0.pdf","目次に個別開始ページの記載なし（親見出しの開始ページは145）"
"新刊","那珂市史","地誌編","Ⅴ 五台地区","４ 西木倉地区","＜未完成の水道タンク＞","","https://www.city.naka.lg.jp/data/doc/1745047723_doc_902_0.pdf","目次に個別開始ページの記載なし（親見出しの開始ページは145）"
"新刊","那珂市史","地誌編","Ⅴ 五台地区","４ 西木倉地区","（コラム）木の葉・貝の化石が出た","","https://www.city.naka.lg.jp/data/doc/1745047723_doc_902_0.pdf","目次に個別開始ページの記載なし（親見出しの開始ページは145）"
"新刊","那珂市史","地誌編","Ⅴ 五台地区","４ 西木倉地区","＜那珂川浄水場＞","","https://www.city.naka.lg.jp/data/doc/1745047723_doc_902_0.pdf","目次に個別開始ページの記載なし（親見出しの開始ページは145）"
"新刊","那珂市史","地誌編","Ⅴ 五台地区","４ 西木倉地区","＜西木倉小場江江下土地改良事業完成記念碑＞","","https://www.city.naka.lg.jp/data/doc/1745047723_doc_902_0.pdf","目次に個別開始ページの記載なし（親見出しの開始ページは145）"
"新刊","那珂市史","地誌編","Ⅴ 五台地区","４ 西木倉地区","＜石仏石塔＞","","https://www.city.naka.lg.jp/data/doc/1745047723_doc_902_0.pdf","目次に個別開始ページの記載なし（親見出しの開始ページは145）"
"新刊","那珂市史","地誌編","Ⅴ 五台地区","４ 西木倉地区","＜諏訪神社＞","","https://www.city.naka.lg.jp/data/doc/1745047723_doc_902_0.pdf","目次に個別開始ページの記載なし（親見出しの開始ページは145）"
"新刊","那珂市史","地誌編","Ⅴ 五台地区","４ 西木倉地区","＜太陽光発電施設＞","","https://www.city.naka.lg.jp/data/doc/1745047723_doc_902_0.pdf","目次に個別開始ページの記載なし（親見出しの開始ページは145）"
"新刊","那珂市史","地誌編","Ⅴ 五台地区","４ 西木倉地区","＜西木倉古墳群＞","","https://www.city.naka.lg.jp/data/doc/1745047723_doc_902_0.pdf","目次に個別開始ページの記載なし（親見出しの開始ページは145）"
"新刊","那珂市史","地誌編","Ⅴ 五台地区","４ 西木倉地区","＜小場江用水＞","","https://www.city.naka.lg.jp/data/doc/1745047723_doc_902_0.pdf","目次に個別開始ページの記載なし（親見出しの開始ページは145）"
"新刊","那珂市史","地誌編","Ⅴ 五台地区","４ 西木倉地区","＜西木倉地区小字図＞","","https://www.city.naka.lg.jp/data/doc/1745047723_doc_902_0.pdf","目次に個別開始ページの記載なし（親見出しの開始ページは145）"
"新刊","那珂市史","地誌編","Ⅴ 五台地区","５ 豊喰地区","","151","https://www.city.naka.lg.jp/data/doc/1745047723_doc_902_0.pdf",""
"新刊","那珂市史","地誌編","Ⅴ 五台地区","５ 豊喰地区","＜概観＞","","https://www.city.naka.lg.jp/data/doc/1745047723_doc_902_0.pdf","目次に個別開始ページの記載なし（親見出しの開始ページは151）"
"新刊","那珂市史","地誌編","Ⅴ 五台地区","５ 豊喰地区","＜豊喰新田＞","","https://www.city.naka.lg.jp/data/doc/1745047723_doc_902_0.pdf","目次に個別開始ページの記載なし（親見出しの開始ページは151）"
"新刊","那珂市史","地誌編","Ⅴ 五台地区","５ 豊喰地区","＜社寺祠堂＞","","https://www.city.naka.lg.jp/data/doc/1745047723_doc_902_0.pdf","目次に個別開始ページの記載なし（親見出しの開始ページは151）"
"新刊","那珂市史","地誌編","Ⅴ 五台地区","５ 豊喰地区","天満神社","","https://www.city.naka.lg.jp/data/doc/1745047723_doc_902_0.pdf","目次に個別開始ページの記載なし（親見出しの開始ページは151）"
"新刊","那珂市史","地誌編","Ⅴ 五台地区","５ 豊喰地区","薬師堂","","https://www.city.naka.lg.jp/data/doc/1745047723_doc_902_0.pdf","目次に個別開始ページの記載なし（親見出しの開始ページは151）"
"新刊","那珂市史","地誌編","Ⅴ 五台地区","５ 豊喰地区","＜石仏石塔＞","","https://www.city.naka.lg.jp/data/doc/1745047723_doc_902_0.pdf","目次に個別開始ページの記載なし（親見出しの開始ページは151）"
"新刊","那珂市史","地誌編","Ⅴ 五台地区","５ 豊喰地区","＜細谷溜池＞","","https://www.city.naka.lg.jp/data/doc/1745047723_doc_902_0.pdf","目次に個別開始ページの記載なし（親見出しの開始ページは151）"
"新刊","那珂市史","地誌編","Ⅴ 五台地区","５ 豊喰地区","＜台溜池＞","","https://www.city.naka.lg.jp/data/doc/1745047723_doc_902_0.pdf","目次に個別開始ページの記載なし（親見出しの開始ページは151）"
"新刊","那珂市史","地誌編","Ⅴ 五台地区","５ 豊喰地区","＜茨城県中央水道事務所＞","","https://www.city.naka.lg.jp/data/doc/1745047723_doc_902_0.pdf","目次に個別開始ページの記載なし（親見出しの開始ページは151）"
"新刊","那珂市史","地誌編","Ⅴ 五台地区","５ 豊喰地区","＜坂本家のモチノキ＞","","https://www.city.naka.lg.jp/data/doc/1745047723_doc_902_0.pdf","目次に個別開始ページの記載なし（親見出しの開始ページは151）"
"新刊","那珂市史","地誌編","Ⅴ 五台地区","５ 豊喰地区","＜常磐自動車道＞","","https://www.city.naka.lg.jp/data/doc/1745047723_doc_902_0.pdf","目次に個別開始ページの記載なし（親見出しの開始ページは151）"
"新刊","那珂市史","地誌編","Ⅴ 五台地区","５ 豊喰地区","（コラム）新遺跡（館跡）発見か","","https://www.city.naka.lg.jp/data/doc/1745047723_doc_902_0.pdf","目次に個別開始ページの記載なし（親見出しの開始ページは151）"
"新刊","那珂市史","地誌編","Ⅴ 五台地区","５ 豊喰地区","＜豊喰地区小字図＞","","https://www.city.naka.lg.jp/data/doc/1745047723_doc_902_0.pdf","目次に個別開始ページの記載なし（親見出しの開始ページは151）"
"新刊","那珂市史","地誌編","Ⅵ 戸多地区","","","","https://www.city.naka.lg.jp/data/doc/1745047723_doc_902_0.pdf","目次に開始ページの記載なし"
"新刊","那珂市史","地誌編","Ⅵ 戸多地区","","概観","159","https://www.city.naka.lg.jp/data/doc/1745047723_doc_902_0.pdf",""
"新刊","那珂市史","地誌編","Ⅵ 戸多地区","","＜戸多村役場＞","","https://www.city.naka.lg.jp/data/doc/1745047723_doc_902_0.pdf","目次に個別開始ページの記載なし（親見出しの開始ページは159）"
"新刊","那珂市史","地誌編","Ⅵ 戸多地区","","＜教育施設＞","","https://www.city.naka.lg.jp/data/doc/1745047723_doc_902_0.pdf","目次に個別開始ページの記載なし（親見出しの開始ページは159）"
"新刊","那珂市史","地誌編","Ⅵ 戸多地区","","戸多小学校","","https://www.city.naka.lg.jp/data/doc/1745047723_doc_902_0.pdf","目次に個別開始ページの記載なし（親見出しの開始ページは159）"
"新刊","那珂市史","地誌編","Ⅵ 戸多地区","","戸多中学校","","https://www.city.naka.lg.jp/data/doc/1745047723_doc_902_0.pdf","目次に個別開始ページの記載なし（親見出しの開始ページは159）"
"新刊","那珂市史","地誌編","Ⅵ 戸多地区","","＜遺跡＞","","https://www.city.naka.lg.jp/data/doc/1745047723_doc_902_0.pdf","目次に個別開始ページの記載なし（親見出しの開始ページは159）"
"新刊","那珂市史","地誌編","Ⅵ 戸多地区","１ 戸地区","","162","https://www.city.naka.lg.jp/data/doc/1745047723_doc_902_0.pdf",""
"新刊","那珂市史","地誌編","Ⅵ 戸多地区","１ 戸地区","＜小字名＞","","https://www.city.naka.lg.jp/data/doc/1745047723_doc_902_0.pdf","目次に個別開始ページの記載なし（親見出しの開始ページは162）"
"新刊","那珂市史","地誌編","Ⅵ 戸多地区","１ 戸地区","＜筒形土偶＞","","https://www.city.naka.lg.jp/data/doc/1745047723_doc_902_0.pdf","目次に個別開始ページの記載なし（親見出しの開始ページは162）"
"新刊","那珂市史","地誌編","Ⅵ 戸多地区","１ 戸地区","＜石仏石塔＞","","https://www.city.naka.lg.jp/data/doc/1745047723_doc_902_0.pdf","目次に個別開始ページの記載なし（親見出しの開始ページは162）"
"新刊","那珂市史","地誌編","Ⅵ 戸多地区","１ 戸地区","＜国神神社＞","","https://www.city.naka.lg.jp/data/doc/1745047723_doc_902_0.pdf","目次に個別開始ページの記載なし（親見出しの開始ページは162）"
"新刊","那珂市史","地誌編","Ⅵ 戸多地区","１ 戸地区","＜桧山館＞","","https://www.city.naka.lg.jp/data/doc/1745047723_doc_902_0.pdf","目次に個別開始ページの記載なし（親見出しの開始ページは162）"
"新刊","那珂市史","地誌編","Ⅵ 戸多地区","１ 戸地区","＜龍昌院＞","","https://www.city.naka.lg.jp/data/doc/1745047723_doc_902_0.pdf","目次に個別開始ページの記載なし（親見出しの開始ページは162）"
"新刊","那珂市史","地誌編","Ⅵ 戸多地区","１ 戸地区","戸板の渡し","","https://www.city.naka.lg.jp/data/doc/1745047723_doc_902_0.pdf","目次に個別開始ページの記載なし（親見出しの開始ページは162）"
"新刊","那珂市史","地誌編","Ⅵ 戸多地区","１ 戸地区","＜施設＞","","https://www.city.naka.lg.jp/data/doc/1745047723_doc_902_0.pdf","目次に個別開始ページの記載なし（親見出しの開始ページは162）"
"新刊","那珂市史","地誌編","Ⅵ 戸多地区","１ 戸地区","＜不動尊＞","","https://www.city.naka.lg.jp/data/doc/1745047723_doc_902_0.pdf","目次に個別開始ページの記載なし（親見出しの開始ページは162）"
"新刊","那珂市史","地誌編","Ⅵ 戸多地区","１ 戸地区","＜戸村城＞","","https://www.city.naka.lg.jp/data/doc/1745047723_doc_902_0.pdf","目次に個別開始ページの記載なし（親見出しの開始ページは162）"
"新刊","那珂市史","地誌編","Ⅵ 戸多地区","１ 戸地区","＜文殊院＞","","https://www.city.naka.lg.jp/data/doc/1745047723_doc_902_0.pdf","目次に個別開始ページの記載なし（親見出しの開始ページは162）"
"新刊","那珂市史","地誌編","Ⅵ 戸多地区","１ 戸地区","六地蔵石幢","","https://www.city.naka.lg.jp/data/doc/1745047723_doc_902_0.pdf","目次に個別開始ページの記載なし（親見出しの開始ページは162）"
"新刊","那珂市史","地誌編","Ⅵ 戸多地区","１ 戸地区","＜石仏石塔＞","","https://www.city.naka.lg.jp/data/doc/1745047723_doc_902_0.pdf","目次に個別開始ページの記載なし（親見出しの開始ページは162）"
"新刊","那珂市史","地誌編","Ⅵ 戸多地区","１ 戸地区","＜廃寺＞","","https://www.city.naka.lg.jp/data/doc/1745047723_doc_902_0.pdf","目次に個別開始ページの記載なし（親見出しの開始ページは162）"
"新刊","那珂市史","地誌編","Ⅵ 戸多地区","１ 戸地区","中谷原地区","166","https://www.city.naka.lg.jp/data/doc/1745047723_doc_902_0.pdf",""
"新刊","那珂市史","地誌編","Ⅵ 戸多地区","１ 戸地区","＜水戸北飛行場＞","","https://www.city.naka.lg.jp/data/doc/1745047723_doc_902_0.pdf","目次に個別開始ページの記載なし（親見出しの開始ページは166）"
"新刊","那珂市史","地誌編","Ⅵ 戸多地区","１ 戸地区","＜終戦後の中谷原開拓＞","","https://www.city.naka.lg.jp/data/doc/1745047723_doc_902_0.pdf","目次に個別開始ページの記載なし（親見出しの開始ページは166）"
"新刊","那珂市史","地誌編","Ⅵ 戸多地区","１ 戸地区","＜那珂西部工業団地＞","","https://www.city.naka.lg.jp/data/doc/1745047723_doc_902_0.pdf","目次に個別開始ページの記載なし（親見出しの開始ページは166）"
"新刊","那珂市史","地誌編","Ⅵ 戸多地区","１ 戸地区","＜那珂総合公園＞","","https://www.city.naka.lg.jp/data/doc/1745047723_doc_902_0.pdf","目次に個別開始ページの記載なし（親見出しの開始ページは166）"
"新刊","那珂市史","地誌編","Ⅵ 戸多地区","１ 戸地区","＜戸地区小字図＞※中谷原地区含む","","https://www.city.naka.lg.jp/data/doc/1745047723_doc_902_0.pdf","目次に個別開始ページの記載なし（親見出しの開始ページは166）"
"新刊","那珂市史","地誌編","Ⅵ 戸多地区","２ 田崎地区","","171","https://www.city.naka.lg.jp/data/doc/1745047723_doc_902_0.pdf",""
"新刊","那珂市史","地誌編","Ⅵ 戸多地区","２ 田崎地区","＜概観＞","","https://www.city.naka.lg.jp/data/doc/1745047723_doc_902_0.pdf","目次に個別開始ページの記載なし（親見出しの開始ページは171）"
"新刊","那珂市史","地誌編","Ⅵ 戸多地区","２ 田崎地区","＜小字名＞","","https://www.city.naka.lg.jp/data/doc/1745047723_doc_902_0.pdf","目次に個別開始ページの記載なし（親見出しの開始ページは171）"
"新刊","那珂市史","地誌編","Ⅵ 戸多地区","２ 田崎地区","＜静神社＞","","https://www.city.naka.lg.jp/data/doc/1745047723_doc_902_0.pdf","目次に個別開始ページの記載なし（親見出しの開始ページは171）"
"新刊","那珂市史","地誌編","Ⅵ 戸多地区","２ 田崎地区","＜寺院＞","","https://www.city.naka.lg.jp/data/doc/1745047723_doc_902_0.pdf","目次に個別開始ページの記載なし（親見出しの開始ページは171）"
"新刊","那珂市史","地誌編","Ⅵ 戸多地区","２ 田崎地区","＜石仏石塔＞","","https://www.city.naka.lg.jp/data/doc/1745047723_doc_902_0.pdf","目次に個別開始ページの記載なし（親見出しの開始ページは171）"
"新刊","那珂市史","地誌編","Ⅵ 戸多地区","２ 田崎地区","＜田崎地区小字図＞","","https://www.city.naka.lg.jp/data/doc/1745047723_doc_902_0.pdf","目次に個別開始ページの記載なし（親見出しの開始ページは171）"
"新刊","那珂市史","地誌編","Ⅵ 戸多地区","３ 大内地区","","174","https://www.city.naka.lg.jp/data/doc/1745047723_doc_902_0.pdf",""
"新刊","那珂市史","地誌編","Ⅵ 戸多地区","３ 大内地区","＜概観＞","","https://www.city.naka.lg.jp/data/doc/1745047723_doc_902_0.pdf","目次に個別開始ページの記載なし（親見出しの開始ページは174）"
"新刊","那珂市史","地誌編","Ⅵ 戸多地区","３ 大内地区","＜小字名＞","","https://www.city.naka.lg.jp/data/doc/1745047723_doc_902_0.pdf","目次に個別開始ページの記載なし（親見出しの開始ページは174）"
"新刊","那珂市史","地誌編","Ⅵ 戸多地区","３ 大内地区","＜鹿島諏訪神社＞","","https://www.city.naka.lg.jp/data/doc/1745047723_doc_902_0.pdf","目次に個別開始ページの記載なし（親見出しの開始ページは174）"
"新刊","那珂市史","地誌編","Ⅵ 戸多地区","３ 大内地区","＜大内館＞","","https://www.city.naka.lg.jp/data/doc/1745047723_doc_902_0.pdf","目次に個別開始ページの記載なし（親見出しの開始ページは174）"
"新刊","那珂市史","地誌編","Ⅵ 戸多地区","３ 大内地区","＜大内河岸＞","","https://www.city.naka.lg.jp/data/doc/1745047723_doc_902_0.pdf","目次に個別開始ページの記載なし（親見出しの開始ページは174）"
"新刊","那珂市史","地誌編","Ⅵ 戸多地区","３ 大内地区","＜那珂中部用水の下江戸揚水機場＞","","https://www.city.naka.lg.jp/data/doc/1745047723_doc_902_0.pdf","目次に個別開始ページの記載なし（親見出しの開始ページは174）"
"新刊","那珂市史","地誌編","Ⅵ 戸多地区","３ 大内地区","＜石仏石塔＞","","https://www.city.naka.lg.jp/data/doc/1745047723_doc_902_0.pdf","目次に個別開始ページの記載なし（親見出しの開始ページは174）"
"新刊","那珂市史","地誌編","Ⅵ 戸多地区","３ 大内地区","＜大内地区小字図＞","","https://www.city.naka.lg.jp/data/doc/1745047723_doc_902_0.pdf","目次に個別開始ページの記載なし（親見出しの開始ページは174）"
"新刊","那珂市史","地誌編","Ⅵ 戸多地区","４ 下江戸地区","","177","https://www.city.naka.lg.jp/data/doc/1745047723_doc_902_0.pdf",""
"新刊","那珂市史","地誌編","Ⅵ 戸多地区","４ 下江戸地区","＜概観＞","","https://www.city.naka.lg.jp/data/doc/1745047723_doc_902_0.pdf","目次に個別開始ページの記載なし（親見出しの開始ページは177）"
"新刊","那珂市史","地誌編","Ⅵ 戸多地区","４ 下江戸地区","＜小字名＞","","https://www.city.naka.lg.jp/data/doc/1745047723_doc_902_0.pdf","目次に個別開始ページの記載なし（親見出しの開始ページは177）"
"新刊","那珂市史","地誌編","Ⅵ 戸多地区","４ 下江戸地区","＜吉田神社＞","","https://www.city.naka.lg.jp/data/doc/1745047723_doc_902_0.pdf","目次に個別開始ページの記載なし（親見出しの開始ページは177）"
"新刊","那珂市史","地誌編","Ⅵ 戸多地区","４ 下江戸地区","＜江戸城跡＞","","https://www.city.naka.lg.jp/data/doc/1745047723_doc_902_0.pdf","目次に個別開始ページの記載なし（親見出しの開始ページは177）"
"新刊","那珂市史","地誌編","Ⅵ 戸多地区","４ 下江戸地区","＜下江戸河岸＞","","https://www.city.naka.lg.jp/data/doc/1745047723_doc_902_0.pdf","目次に個別開始ページの記載なし（親見出しの開始ページは177）"
"新刊","那珂市史","地誌編","Ⅵ 戸多地区","４ 下江戸地区","＜千代橋＞","","https://www.city.naka.lg.jp/data/doc/1745047723_doc_902_0.pdf","目次に個別開始ページの記載なし（親見出しの開始ページは177）"
"新刊","那珂市史","地誌編","Ⅵ 戸多地区","４ 下江戸地区","＜阿弥陀堂＞","","https://www.city.naka.lg.jp/data/doc/1745047723_doc_902_0.pdf","目次に個別開始ページの記載なし（親見出しの開始ページは177）"
"新刊","那珂市史","地誌編","Ⅵ 戸多地区","４ 下江戸地区","＜石仏石塔＞","","https://www.city.naka.lg.jp/data/doc/1745047723_doc_902_0.pdf","目次に個別開始ページの記載なし（親見出しの開始ページは177）"
"新刊","那珂市史","地誌編","Ⅵ 戸多地区","４ 下江戸地区","＜廃寺＞","","https://www.city.naka.lg.jp/data/doc/1745047723_doc_902_0.pdf","目次に個別開始ページの記載なし（親見出しの開始ページは177）"
"新刊","那珂市史","地誌編","Ⅵ 戸多地区","４ 下江戸地区","＜那珂家＞","","https://www.city.naka.lg.jp/data/doc/1745047723_doc_902_0.pdf","目次に個別開始ページの記載なし（親見出しの開始ページは177）"
"新刊","那珂市史","地誌編","Ⅵ 戸多地区","４ 下江戸地区","（コラム）実在しなかった南朝の英雄「那珂通辰」","","https://www.city.naka.lg.jp/data/doc/1745047723_doc_902_0.pdf","目次に個別開始ページの記載なし（親見出しの開始ページは177）"
"新刊","那珂市史","地誌編","Ⅵ 戸多地区","４ 下江戸地区","（コラム）江戸城遺称地の実態","","https://www.city.naka.lg.jp/data/doc/1745047723_doc_902_0.pdf","目次に個別開始ページの記載なし（親見出しの開始ページは177）"
"新刊","那珂市史","地誌編","Ⅵ 戸多地区","４ 下江戸地区","＜下江戸地区小字図＞","","https://www.city.naka.lg.jp/data/doc/1745047723_doc_902_0.pdf","目次に個別開始ページの記載なし（親見出しの開始ページは177）"
"新刊","那珂市史","地誌編","Ⅶ 芳野地区","","","","https://www.city.naka.lg.jp/data/doc/1745047723_doc_902_0.pdf","目次に開始ページの記載なし"
"新刊","那珂市史","地誌編","Ⅶ 芳野地区","","概観","189","https://www.city.naka.lg.jp/data/doc/1745047723_doc_902_0.pdf",""
"新刊","那珂市史","地誌編","Ⅶ 芳野地区","","＜飯田＞","","https://www.city.naka.lg.jp/data/doc/1745047723_doc_902_0.pdf","目次に個別開始ページの記載なし（親見出しの開始ページは189）"
"新刊","那珂市史","地誌編","Ⅶ 芳野地区","","＜鴻巣＞","","https://www.city.naka.lg.jp/data/doc/1745047723_doc_902_0.pdf","目次に個別開始ページの記載なし（親見出しの開始ページは189）"
"新刊","那珂市史","地誌編","Ⅶ 芳野地区","","＜戸崎＞","","https://www.city.naka.lg.jp/data/doc/1745047723_doc_902_0.pdf","目次に個別開始ページの記載なし（親見出しの開始ページは189）"
"新刊","那珂市史","地誌編","Ⅶ 芳野地区","","＜役場＞","","https://www.city.naka.lg.jp/data/doc/1745047723_doc_902_0.pdf","目次に個別開始ページの記載なし（親見出しの開始ページは189）"
"新刊","那珂市史","地誌編","Ⅶ 芳野地区","","＜芳野診療所＞","","https://www.city.naka.lg.jp/data/doc/1745047723_doc_902_0.pdf","目次に個別開始ページの記載なし（親見出しの開始ページは189）"
"新刊","那珂市史","地誌編","Ⅶ 芳野地区","","＜教育施設＞","","https://www.city.naka.lg.jp/data/doc/1745047723_doc_902_0.pdf","目次に個別開始ページの記載なし（親見出しの開始ページは189）"
"新刊","那珂市史","地誌編","Ⅶ 芳野地区","","小学校","","https://www.city.naka.lg.jp/data/doc/1745047723_doc_902_0.pdf","目次に個別開始ページの記載なし（親見出しの開始ページは189）"
"新刊","那珂市史","地誌編","Ⅶ 芳野地区","","芳野中学校","","https://www.city.naka.lg.jp/data/doc/1745047723_doc_902_0.pdf","目次に個別開始ページの記載なし（親見出しの開始ページは189）"
"新刊","那珂市史","地誌編","Ⅶ 芳野地区","１ 飯田地区","","192","https://www.city.naka.lg.jp/data/doc/1745047723_doc_902_0.pdf",""
"新刊","那珂市史","地誌編","Ⅶ 芳野地区","１ 飯田地区","村絵図","","https://www.city.naka.lg.jp/data/doc/1745047723_doc_902_0.pdf","目次に個別開始ページの記載なし（親見出しの開始ページは192）"
"新刊","那珂市史","地誌編","Ⅶ 芳野地区","１ 飯田地区","＜大洞溜池＞","","https://www.city.naka.lg.jp/data/doc/1745047723_doc_902_0.pdf","目次に個別開始ページの記載なし（親見出しの開始ページは192）"
"新刊","那珂市史","地誌編","Ⅶ 芳野地区","１ 飯田地区","＜廃寺静安寺と興隆院＞","","https://www.city.naka.lg.jp/data/doc/1745047723_doc_902_0.pdf","目次に個別開始ページの記載なし（親見出しの開始ページは192）"
"新刊","那珂市史","地誌編","Ⅶ 芳野地区","１ 飯田地区","＜備前館跡＞","","https://www.city.naka.lg.jp/data/doc/1745047723_doc_902_0.pdf","目次に個別開始ページの記載なし（親見出しの開始ページは192）"
"新刊","那珂市史","地誌編","Ⅶ 芳野地区","１ 飯田地区","＜筑波神社＞","","https://www.city.naka.lg.jp/data/doc/1745047723_doc_902_0.pdf","目次に個別開始ページの記載なし（親見出しの開始ページは192）"
"新刊","那珂市史","地誌編","Ⅶ 芳野地区","１ 飯田地区","＜藤田幽谷・東湖顕彰碑＞","","https://www.city.naka.lg.jp/data/doc/1745047723_doc_902_0.pdf","目次に個別開始ページの記載なし（親見出しの開始ページは192）"
"新刊","那珂市史","地誌編","Ⅶ 芳野地区","１ 飯田地区","「遺芳」「尊皇遺烈の碑文」","","https://www.city.naka.lg.jp/data/doc/1745047723_doc_902_0.pdf","目次に個別開始ページの記載なし（親見出しの開始ページは192）"
"新刊","那珂市史","地誌編","Ⅶ 芳野地区","１ 飯田地区","「藤田幽谷」先祖の旧宅","","https://www.city.naka.lg.jp/data/doc/1745047723_doc_902_0.pdf","目次に個別開始ページの記載なし（親見出しの開始ページは192）"
"新刊","那珂市史","地誌編","Ⅶ 芳野地区","１ 飯田地区","＜富田兵左衛門＞","","https://www.city.naka.lg.jp/data/doc/1745047723_doc_902_0.pdf","目次に個別開始ページの記載なし（親見出しの開始ページは192）"
"新刊","那珂市史","地誌編","Ⅶ 芳野地区","１ 飯田地区","＜石仏石塔＞","","https://www.city.naka.lg.jp/data/doc/1745047723_doc_902_0.pdf","目次に個別開始ページの記載なし（親見出しの開始ページは192）"
"新刊","那珂市史","地誌編","Ⅶ 芳野地区","１ 飯田地区","小字名","196","https://www.city.naka.lg.jp/data/doc/1745047723_doc_902_0.pdf",""
"新刊","那珂市史","地誌編","Ⅶ 芳野地区","１ 飯田地区","遺跡","196","https://www.city.naka.lg.jp/data/doc/1745047723_doc_902_0.pdf",""
"新刊","那珂市史","地誌編","Ⅶ 芳野地区","１ 飯田地区","小字の特色","196","https://www.city.naka.lg.jp/data/doc/1745047723_doc_902_0.pdf",""
"新刊","那珂市史","地誌編","Ⅶ 芳野地区","１ 飯田地区","＜打出＞","","https://www.city.naka.lg.jp/data/doc/1745047723_doc_902_0.pdf","目次に個別開始ページの記載なし（親見出しの開始ページは196）"
"新刊","那珂市史","地誌編","Ⅶ 芳野地区","１ 飯田地区","大和田家由緒書上","","https://www.city.naka.lg.jp/data/doc/1745047723_doc_902_0.pdf","目次に個別開始ページの記載なし（親見出しの開始ページは196）"
"新刊","那珂市史","地誌編","Ⅶ 芳野地区","１ 飯田地区","２代義公光圀大和田家宿泊","","https://www.city.naka.lg.jp/data/doc/1745047723_doc_902_0.pdf","目次に個別開始ページの記載なし（親見出しの開始ページは196）"
"新刊","那珂市史","地誌編","Ⅶ 芳野地区","１ 飯田地区","４代成公宗堯鷹野","","https://www.city.naka.lg.jp/data/doc/1745047723_doc_902_0.pdf","目次に個別開始ページの記載なし（親見出しの開始ページは196）"
"新刊","那珂市史","地誌編","Ⅶ 芳野地区","１ 飯田地区","６代文公治保参詣","","https://www.city.naka.lg.jp/data/doc/1745047723_doc_902_0.pdf","目次に個別開始ページの記載なし（親見出しの開始ページは196）"
"新刊","那珂市史","地誌編","Ⅶ 芳野地区","１ 飯田地区","７代武公治紀巡村","","https://www.city.naka.lg.jp/data/doc/1745047723_doc_902_0.pdf","目次に個別開始ページの記載なし（親見出しの開始ページは196）"
"新刊","那珂市史","地誌編","Ⅶ 芳野地区","１ 飯田地区","９代斉昭の生母瑛想院参詣","","https://www.city.naka.lg.jp/data/doc/1745047723_doc_902_0.pdf","目次に個別開始ページの記載なし（親見出しの開始ページは196）"
"新刊","那珂市史","地誌編","Ⅶ 芳野地区","１ 飯田地区","斉昭の女子松御殿参詣","","https://www.city.naka.lg.jp/data/doc/1745047723_doc_902_0.pdf","目次に個別開始ページの記載なし（親見出しの開始ページは196）"
"新刊","那珂市史","地誌編","Ⅶ 芳野地区","１ 飯田地区","斉昭の女子祝姫参詣","","https://www.city.naka.lg.jp/data/doc/1745047723_doc_902_0.pdf","目次に個別開始ページの記載なし（親見出しの開始ページは196）"
"新刊","那珂市史","地誌編","Ⅶ 芳野地区","１ 飯田地区","斉昭の八男昭融巡村","","https://www.city.naka.lg.jp/data/doc/1745047723_doc_902_0.pdf","目次に個別開始ページの記載なし（親見出しの開始ページは196）"
"新刊","那珂市史","地誌編","Ⅶ 芳野地区","１ 飯田地区","斉昭の夫人貞芳院参詣","","https://www.city.naka.lg.jp/data/doc/1745047723_doc_902_0.pdf","目次に個別開始ページの記載なし（親見出しの開始ページは196）"
"新刊","那珂市史","地誌編","Ⅶ 芳野地区","１ 飯田地区","＜字上城＞","","https://www.city.naka.lg.jp/data/doc/1745047723_doc_902_0.pdf","目次に個別開始ページの記載なし（親見出しの開始ページは196）"
"新刊","那珂市史","地誌編","Ⅶ 芳野地区","１ 飯田地区","＜字中根前＞","","https://www.city.naka.lg.jp/data/doc/1745047723_doc_902_0.pdf","目次に個別開始ページの記載なし（親見出しの開始ページは196）"
"新刊","那珂市史","地誌編","Ⅶ 芳野地区","１ 飯田地区","久福寺","","https://www.city.naka.lg.jp/data/doc/1745047723_doc_902_0.pdf","目次に個別開始ページの記載なし（親見出しの開始ページは196）"
"新刊","那珂市史","地誌編","Ⅶ 芳野地区","１ 飯田地区","一乗院","","https://www.city.naka.lg.jp/data/doc/1745047723_doc_902_0.pdf","目次に個別開始ページの記載なし（親見出しの開始ページは196）"
"新刊","那珂市史","地誌編","Ⅶ 芳野地区","１ 飯田地区","愛宕神社","","https://www.city.naka.lg.jp/data/doc/1745047723_doc_902_0.pdf","目次に個別開始ページの記載なし（親見出しの開始ページは196）"
"新刊","那珂市史","地誌編","Ⅶ 芳野地区","１ 飯田地区","中根古墳","","https://www.city.naka.lg.jp/data/doc/1745047723_doc_902_0.pdf","目次に個別開始ページの記載なし（親見出しの開始ページは196）"
"新刊","那珂市史","地誌編","Ⅶ 芳野地区","１ 飯田地区","境内の石仏石塔","","https://www.city.naka.lg.jp/data/doc/1745047723_doc_902_0.pdf","目次に個別開始ページの記載なし（親見出しの開始ページは196）"
"新刊","那珂市史","地誌編","Ⅶ 芳野地区","１ 飯田地区","孝子大森幸介翁顕彰碑","","https://www.city.naka.lg.jp/data/doc/1745047723_doc_902_0.pdf","目次に個別開始ページの記載なし（親見出しの開始ページは196）"
"新刊","那珂市史","地誌編","Ⅶ 芳野地区","１ 飯田地区","＜名産「茄子」＞","","https://www.city.naka.lg.jp/data/doc/1745047723_doc_902_0.pdf","目次に個別開始ページの記載なし（親見出しの開始ページは196）"
"新刊","那珂市史","地誌編","Ⅶ 芳野地区","１ 飯田地区","＜楯ノ前＞","","https://www.city.naka.lg.jp/data/doc/1745047723_doc_902_0.pdf","目次に個別開始ページの記載なし（親見出しの開始ページは196）"
"新刊","那珂市史","地誌編","Ⅶ 芳野地区","１ 飯田地区","掛札館","","https://www.city.naka.lg.jp/data/doc/1745047723_doc_902_0.pdf","目次に個別開始ページの記載なし（親見出しの開始ページは196）"
"新刊","那珂市史","地誌編","Ⅶ 芳野地区","１ 飯田地区","＜向井西・寄居＞","","https://www.city.naka.lg.jp/data/doc/1745047723_doc_902_0.pdf","目次に個別開始ページの記載なし（親見出しの開始ページは196）"
"新刊","那珂市史","地誌編","Ⅶ 芳野地区","１ 飯田地区","弁財天宮","","https://www.city.naka.lg.jp/data/doc/1745047723_doc_902_0.pdf","目次に個別開始ページの記載なし（親見出しの開始ページは196）"
"新刊","那珂市史","地誌編","Ⅶ 芳野地区","１ 飯田地区","字寄居の石仏石塔","","https://www.city.naka.lg.jp/data/doc/1745047723_doc_902_0.pdf","目次に個別開始ページの記載なし（親見出しの開始ページは196）"
"新刊","那珂市史","地誌編","Ⅶ 芳野地区","１ 飯田地区","＜上新田・中新田・下新田＞","","https://www.city.naka.lg.jp/data/doc/1745047723_doc_902_0.pdf","目次に個別開始ページの記載なし（親見出しの開始ページは196）"
"新刊","那珂市史","地誌編","Ⅶ 芳野地区","１ 飯田地区","辻権現社と田中本尊","","https://www.city.naka.lg.jp/data/doc/1745047723_doc_902_0.pdf","目次に個別開始ページの記載なし（親見出しの開始ページは196）"
"新刊","那珂市史","地誌編","Ⅶ 芳野地区","１ 飯田地区","稲荷神社","","https://www.city.naka.lg.jp/data/doc/1745047723_doc_902_0.pdf","目次に個別開始ページの記載なし（親見出しの開始ページは196）"
"新刊","那珂市史","地誌編","Ⅶ 芳野地区","１ 飯田地区","医師長谷川友才・友節父子","","https://www.city.naka.lg.jp/data/doc/1745047723_doc_902_0.pdf","目次に個別開始ページの記載なし（親見出しの開始ページは196）"
"新刊","那珂市史","地誌編","Ⅶ 芳野地区","１ 飯田地区","新田開発と新田村","202","https://www.city.naka.lg.jp/data/doc/1745047723_doc_902_0.pdf",""
"新刊","那珂市史","地誌編","Ⅶ 芳野地区","１ 飯田地区","＜飯田新田村＞","","https://www.city.naka.lg.jp/data/doc/1745047723_doc_902_0.pdf","目次に個別開始ページの記載なし（親見出しの開始ページは202）"
"新刊","那珂市史","地誌編","Ⅶ 芳野地区","１ 飯田地区","＜那珂広域農道バードライン開通記念碑＞","","https://www.city.naka.lg.jp/data/doc/1745047723_doc_902_0.pdf","目次に個別開始ページの記載なし（親見出しの開始ページは202）"
"新刊","那珂市史","地誌編","Ⅶ 芳野地区","１ 飯田地区","＜飯田村新田屋敷並＞","","https://www.city.naka.lg.jp/data/doc/1745047723_doc_902_0.pdf","目次に個別開始ページの記載なし（親見出しの開始ページは202）"
"新刊","那珂市史","地誌編","Ⅶ 芳野地区","１ 飯田地区","＜曲松と義家伝説＞","","https://www.city.naka.lg.jp/data/doc/1745047723_doc_902_0.pdf","目次に個別開始ページの記載なし（親見出しの開始ページは202）"
"新刊","那珂市史","地誌編","Ⅶ 芳野地区","１ 飯田地区","＜椿庵翁之碑＞","","https://www.city.naka.lg.jp/data/doc/1745047723_doc_902_0.pdf","目次に個別開始ページの記載なし（親見出しの開始ページは202）"
"新刊","那珂市史","地誌編","Ⅶ 芳野地区","１ 飯田地区","戦後の開拓","206","https://www.city.naka.lg.jp/data/doc/1745047723_doc_902_0.pdf",""
"新刊","那珂市史","地誌編","Ⅶ 芳野地区","１ 飯田地区","＜飯田地区小字図＞","","https://www.city.naka.lg.jp/data/doc/1745047723_doc_902_0.pdf","目次に個別開始ページの記載なし（親見出しの開始ページは206）"
"新刊","那珂市史","地誌編","Ⅶ 芳野地区","２ 鴻巣地区","","208","https://www.city.naka.lg.jp/data/doc/1745047723_doc_902_0.pdf",""
"新刊","那珂市史","地誌編","Ⅶ 芳野地区","２ 鴻巣地区","遺跡","208","https://www.city.naka.lg.jp/data/doc/1745047723_doc_902_0.pdf",""
"新刊","那珂市史","地誌編","Ⅶ 芳野地区","２ 鴻巣地区","＜秣野＞","","https://www.city.naka.lg.jp/data/doc/1745047723_doc_902_0.pdf","目次に個別開始ページの記載なし（親見出しの開始ページは208）"
"新刊","那珂市史","地誌編","Ⅶ 芳野地区","２ 鴻巣地区","小字名","208","https://www.city.naka.lg.jp/data/doc/1745047723_doc_902_0.pdf",""
"新刊","那珂市史","地誌編","Ⅶ 芳野地区","２ 鴻巣地区","＜木戸＞","","https://www.city.naka.lg.jp/data/doc/1745047723_doc_902_0.pdf","目次に個別開始ページの記載なし（親見出しの開始ページは208）"
"新刊","那珂市史","地誌編","Ⅶ 芳野地区","２ 鴻巣地区","＜宿山＞","","https://www.city.naka.lg.jp/data/doc/1745047723_doc_902_0.pdf","目次に個別開始ページの記載なし（親見出しの開始ページは208）"
"新刊","那珂市史","地誌編","Ⅶ 芳野地区","２ 鴻巣地区","稲荷神社","","https://www.city.naka.lg.jp/data/doc/1745047723_doc_902_0.pdf","目次に個別開始ページの記載なし（親見出しの開始ページは208）"
"新刊","那珂市史","地誌編","Ⅶ 芳野地区","２ 鴻巣地区","高畠家の家伝薬","","https://www.city.naka.lg.jp/data/doc/1745047723_doc_902_0.pdf","目次に個別開始ページの記載なし（親見出しの開始ページは208）"
"新刊","那珂市史","地誌編","Ⅶ 芳野地区","２ 鴻巣地区","溜池","","https://www.city.naka.lg.jp/data/doc/1745047723_doc_902_0.pdf","目次に個別開始ページの記載なし（親見出しの開始ページは208）"
"新刊","那珂市史","地誌編","Ⅶ 芳野地区","２ 鴻巣地区","＜鷲宮＞","","https://www.city.naka.lg.jp/data/doc/1745047723_doc_902_0.pdf","目次に個別開始ページの記載なし（親見出しの開始ページは208）"
"新刊","那珂市史","地誌編","Ⅶ 芳野地区","２ 鴻巣地区","鷲神社","","https://www.city.naka.lg.jp/data/doc/1745047723_doc_902_0.pdf","目次に個別開始ページの記載なし（親見出しの開始ページは208）"
"新刊","那珂市史","地誌編","Ⅶ 芳野地区","２ 鴻巣地区","医師会沢家","","https://www.city.naka.lg.jp/data/doc/1745047723_doc_902_0.pdf","目次に個別開始ページの記載なし（親見出しの開始ページは208）"
"新刊","那珂市史","地誌編","Ⅶ 芳野地区","２ 鴻巣地区","＜油免＞","","https://www.city.naka.lg.jp/data/doc/1745047723_doc_902_0.pdf","目次に個別開始ページの記載なし（親見出しの開始ページは208）"
"新刊","那珂市史","地誌編","Ⅶ 芳野地区","２ 鴻巣地区","＜白旗＞","","https://www.city.naka.lg.jp/data/doc/1745047723_doc_902_0.pdf","目次に個別開始ページの記載なし（親見出しの開始ページは208）"
"新刊","那珂市史","地誌編","Ⅶ 芳野地区","２ 鴻巣地区","＜新野＞","","https://www.city.naka.lg.jp/data/doc/1745047723_doc_902_0.pdf","目次に個別開始ページの記載なし（親見出しの開始ページは208）"
"新刊","那珂市史","地誌編","Ⅶ 芳野地区","２ 鴻巣地区","＜前鴻巣＞","","https://www.city.naka.lg.jp/data/doc/1745047723_doc_902_0.pdf","目次に個別開始ページの記載なし（親見出しの開始ページは208）"
"新刊","那珂市史","地誌編","Ⅶ 芳野地区","２ 鴻巣地区","＜前本郷＞","","https://www.city.naka.lg.jp/data/doc/1745047723_doc_902_0.pdf","目次に個別開始ページの記載なし（親見出しの開始ページは208）"
"新刊","那珂市史","地誌編","Ⅶ 芳野地区","２ 鴻巣地区","＜上條・台＞","","https://www.city.naka.lg.jp/data/doc/1745047723_doc_902_0.pdf","目次に個別開始ページの記載なし（親見出しの開始ページは208）"
"新刊","那珂市史","地誌編","Ⅶ 芳野地区","２ 鴻巣地区","＜東風谷＞","","https://www.city.naka.lg.jp/data/doc/1745047723_doc_902_0.pdf","目次に個別開始ページの記載なし（親見出しの開始ページは208）"
"新刊","那珂市史","地誌編","Ⅶ 芳野地区","２ 鴻巣地区","＜稲荷山＞","","https://www.city.naka.lg.jp/data/doc/1745047723_doc_902_0.pdf","目次に個別開始ページの記載なし（親見出しの開始ページは208）"
"新刊","那珂市史","地誌編","Ⅶ 芳野地区","２ 鴻巣地区","＜薬山・根城内＞","","https://www.city.naka.lg.jp/data/doc/1745047723_doc_902_0.pdf","目次に個別開始ページの記載なし（親見出しの開始ページは208）"
"新刊","那珂市史","地誌編","Ⅶ 芳野地区","２ 鴻巣地区","作曲家細谷一郎","","https://www.city.naka.lg.jp/data/doc/1745047723_doc_902_0.pdf","目次に個別開始ページの記載なし（親見出しの開始ページは208）"
"新刊","那珂市史","地誌編","Ⅶ 芳野地区","２ 鴻巣地区","高畠家のイトヒバ","","https://www.city.naka.lg.jp/data/doc/1745047723_doc_902_0.pdf","目次に個別開始ページの記載なし（親見出しの開始ページは208）"
"新刊","那珂市史","地誌編","Ⅶ 芳野地区","２ 鴻巣地区","＜鷲山＞","","https://www.city.naka.lg.jp/data/doc/1745047723_doc_902_0.pdf","目次に個別開始ページの記載なし（親見出しの開始ページは208）"
"新刊","那珂市史","地誌編","Ⅶ 芳野地区","２ 鴻巣地区","＜辻＞","","https://www.city.naka.lg.jp/data/doc/1745047723_doc_902_0.pdf","目次に個別開始ページの記載なし（親見出しの開始ページは208）"
"新刊","那珂市史","地誌編","Ⅶ 芳野地区","２ 鴻巣地区","＜札山＞","","https://www.city.naka.lg.jp/data/doc/1745047723_doc_902_0.pdf","目次に個別開始ページの記載なし（親見出しの開始ページは208）"
"新刊","那珂市史","地誌編","Ⅶ 芳野地区","２ 鴻巣地区","廃寺","214","https://www.city.naka.lg.jp/data/doc/1745047723_doc_902_0.pdf",""
"新刊","那珂市史","地誌編","Ⅶ 芳野地区","２ 鴻巣地区","中世・近世の街道","214","https://www.city.naka.lg.jp/data/doc/1745047723_doc_902_0.pdf",""
"新刊","那珂市史","地誌編","Ⅶ 芳野地区","２ 鴻巣地区","＜南郷街道＞","","https://www.city.naka.lg.jp/data/doc/1745047723_doc_902_0.pdf","目次に個別開始ページの記載なし（親見出しの開始ページは214）"
"新刊","那珂市史","地誌編","Ⅶ 芳野地区","２ 鴻巣地区","＜比丘尼街道＞","","https://www.city.naka.lg.jp/data/doc/1745047723_doc_902_0.pdf","目次に個別開始ページの記載なし（親見出しの開始ページは214）"
"新刊","那珂市史","地誌編","Ⅶ 芳野地区","２ 鴻巣地区","＜鴻巣地区小字図＞","","https://www.city.naka.lg.jp/data/doc/1745047723_doc_902_0.pdf","目次に個別開始ページの記載なし（親見出しの開始ページは214）"
"新刊","那珂市史","地誌編","Ⅶ 芳野地区","３ 戸崎地区","","216","https://www.city.naka.lg.jp/data/doc/1745047723_doc_902_0.pdf",""
"新刊","那珂市史","地誌編","Ⅶ 芳野地区","３ 戸崎地区","小字名","216","https://www.city.naka.lg.jp/data/doc/1745047723_doc_902_0.pdf",""
"新刊","那珂市史","地誌編","Ⅶ 芳野地区","３ 戸崎地区","遺跡","216","https://www.city.naka.lg.jp/data/doc/1745047723_doc_902_0.pdf",""
"新刊","那珂市史","地誌編","Ⅶ 芳野地区","３ 戸崎地区","中世の遺跡「内後館」","216","https://www.city.naka.lg.jp/data/doc/1745047723_doc_902_0.pdf",""
"新刊","那珂市史","地誌編","Ⅶ 芳野地区","３ 戸崎地区","阿川城と国井氏","217","https://www.city.naka.lg.jp/data/doc/1745047723_doc_902_0.pdf",""
"新刊","那珂市史","地誌編","Ⅶ 芳野地区","３ 戸崎地区","社寺祠堂","217","https://www.city.naka.lg.jp/data/doc/1745047723_doc_902_0.pdf",""
"新刊","那珂市史","地誌編","Ⅶ 芳野地区","３ 戸崎地区","＜廃寺蓮光寺＞","","https://www.city.naka.lg.jp/data/doc/1745047723_doc_902_0.pdf","目次に個別開始ページの記載なし（親見出しの開始ページは217）"
"新刊","那珂市史","地誌編","Ⅶ 芳野地区","３ 戸崎地区","＜観音堂＞","","https://www.city.naka.lg.jp/data/doc/1745047723_doc_902_0.pdf","目次に個別開始ページの記載なし（親見出しの開始ページは217）"
"新刊","那珂市史","地誌編","Ⅶ 芳野地区","３ 戸崎地区","＜廃寺静安寺＞","","https://www.city.naka.lg.jp/data/doc/1745047723_doc_902_0.pdf","目次に個別開始ページの記載なし（親見出しの開始ページは217）"
"新刊","那珂市史","地誌編","Ⅶ 芳野地区","３ 戸崎地区","＜鹿嶋神社＞","","https://www.city.naka.lg.jp/data/doc/1745047723_doc_902_0.pdf","目次に個別開始ページの記載なし（親見出しの開始ページは217）"
"新刊","那珂市史","地誌編","Ⅶ 芳野地区","３ 戸崎地区","鹿嶋神社の棟札","","https://www.city.naka.lg.jp/data/doc/1745047723_doc_902_0.pdf","目次に個別開始ページの記載なし（親見出しの開始ページは217）"
"新刊","那珂市史","地誌編","Ⅶ 芳野地区","３ 戸崎地区","修復を示す棟札の解説","","https://www.city.naka.lg.jp/data/doc/1745047723_doc_902_0.pdf","目次に個別開始ページの記載なし（親見出しの開始ページは217）"
"新刊","那珂市史","地誌編","Ⅶ 芳野地区","３ 戸崎地区","大助祭り","","https://www.city.naka.lg.jp/data/doc/1745047723_doc_902_0.pdf","目次に個別開始ページの記載なし（親見出しの開始ページは217）"
"新刊","那珂市史","地誌編","Ⅶ 芳野地区","３ 戸崎地区","＜弁財天と愛宕山＞","","https://www.city.naka.lg.jp/data/doc/1745047723_doc_902_0.pdf","目次に個別開始ページの記載なし（親見出しの開始ページは217）"
"新刊","那珂市史","地誌編","Ⅶ 芳野地区","３ 戸崎地区","江戸時代の戸崎地区","220","https://www.city.naka.lg.jp/data/doc/1745047723_doc_902_0.pdf",""
"新刊","那珂市史","地誌編","Ⅶ 芳野地区","３ 戸崎地区","＜曲がり屋＞","","https://www.city.naka.lg.jp/data/doc/1745047723_doc_902_0.pdf","目次に個別開始ページの記載なし（親見出しの開始ページは220）"
"新刊","那珂市史","地誌編","Ⅶ 芳野地区","３ 戸崎地区","＜庶民の信仰＞","","https://www.city.naka.lg.jp/data/doc/1745047723_doc_902_0.pdf","目次に個別開始ページの記載なし（親見出しの開始ページは220）"
"新刊","那珂市史","地誌編","Ⅶ 芳野地区","３ 戸崎地区","石仏石塔","","https://www.city.naka.lg.jp/data/doc/1745047723_doc_902_0.pdf","目次に個別開始ページの記載なし（親見出しの開始ページは220）"
"新刊","那珂市史","地誌編","Ⅶ 芳野地区","３ 戸崎地区","講仲間の結成","","https://www.city.naka.lg.jp/data/doc/1745047723_doc_902_0.pdf","目次に個別開始ページの記載なし（親見出しの開始ページは220）"
"新刊","那珂市史","地誌編","Ⅶ 芳野地区","３ 戸崎地区","地蔵さまの御田植祭","","https://www.city.naka.lg.jp/data/doc/1745047723_doc_902_0.pdf","目次に個別開始ページの記載なし（親見出しの開始ページは220）"
"新刊","那珂市史","地誌編","Ⅶ 芳野地区","３ 戸崎地区","庚申講","","https://www.city.naka.lg.jp/data/doc/1745047723_doc_902_0.pdf","目次に個別開始ページの記載なし（親見出しの開始ページは220）"
"新刊","那珂市史","地誌編","Ⅶ 芳野地区","３ 戸崎地区","如意輪観音十九夜講","","https://www.city.naka.lg.jp/data/doc/1745047723_doc_902_0.pdf","目次に個別開始ページの記載なし（親見出しの開始ページは220）"
"新刊","那珂市史","地誌編","Ⅶ 芳野地区","３ 戸崎地区","子安講","","https://www.city.naka.lg.jp/data/doc/1745047723_doc_902_0.pdf","目次に個別開始ページの記載なし（親見出しの開始ページは220）"
"新刊","那珂市史","地誌編","Ⅶ 芳野地区","３ 戸崎地区","聖徳太子供養","","https://www.city.naka.lg.jp/data/doc/1745047723_doc_902_0.pdf","目次に個別開始ページの記載なし（親見出しの開始ページは220）"
"新刊","那珂市史","地誌編","Ⅶ 芳野地区","３ 戸崎地区","正月行事","","https://www.city.naka.lg.jp/data/doc/1745047723_doc_902_0.pdf","目次に個別開始ページの記載なし（親見出しの開始ページは220）"
"新刊","那珂市史","地誌編","Ⅶ 芳野地区","３ 戸崎地区","繭玉飾り","","https://www.city.naka.lg.jp/data/doc/1745047723_doc_902_0.pdf","目次に個別開始ページの記載なし（親見出しの開始ページは220）"
"新刊","那珂市史","地誌編","Ⅶ 芳野地区","３ 戸崎地区","ワーホイ","","https://www.city.naka.lg.jp/data/doc/1745047723_doc_902_0.pdf","目次に個別開始ページの記載なし（親見出しの開始ページは220）"
"新刊","那珂市史","地誌編","Ⅶ 芳野地区","３ 戸崎地区","近代・現代の戸崎地区","223","https://www.city.naka.lg.jp/data/doc/1745047723_doc_902_0.pdf",""
"新刊","那珂市史","地誌編","Ⅶ 芳野地区","３ 戸崎地区","＜白土松吉＞","","https://www.city.naka.lg.jp/data/doc/1745047723_doc_902_0.pdf","目次に個別開始ページの記載なし（親見出しの開始ページは223）"
"新刊","那珂市史","地誌編","Ⅶ 芳野地区","３ 戸崎地区","＜水戸北飛行場＞","","https://www.city.naka.lg.jp/data/doc/1745047723_doc_902_0.pdf","目次に個別開始ページの記載なし（親見出しの開始ページは223）"
"新刊","那珂市史","地誌編","Ⅶ 芳野地区","３ 戸崎地区","＜戸崎の松並木＞","","https://www.city.naka.lg.jp/data/doc/1745047723_doc_902_0.pdf","目次に個別開始ページの記載なし（親見出しの開始ページは223）"
"新刊","那珂市史","地誌編","Ⅶ 芳野地区","３ 戸崎地区","＜戸崎コミュニティセンターの建設＞","","https://www.city.naka.lg.jp/data/doc/1745047723_doc_902_0.pdf","目次に個別開始ページの記載なし（親見出しの開始ページは223）"
"新刊","那珂市史","地誌編","Ⅶ 芳野地区","３ 戸崎地区","＜戸崎地区小字図＞","","https://www.city.naka.lg.jp/data/doc/1745047723_doc_902_0.pdf","目次に個別開始ページの記載なし（親見出しの開始ページは223）"
"新刊","那珂市史","地誌編","Ⅷ 木崎地区","","","","https://www.city.naka.lg.jp/data/doc/1745047723_doc_902_0.pdf","目次に開始ページの記載なし"
"新刊","那珂市史","地誌編","Ⅷ 木崎地区","","概観","229","https://www.city.naka.lg.jp/data/doc/1745047723_doc_902_0.pdf",""
"新刊","那珂市史","地誌編","Ⅷ 木崎地区","","＜役場＞","","https://www.city.naka.lg.jp/data/doc/1745047723_doc_902_0.pdf","目次に個別開始ページの記載なし（親見出しの開始ページは229）"
"新刊","那珂市史","地誌編","Ⅷ 木崎地区","","＜教育施設＞","","https://www.city.naka.lg.jp/data/doc/1745047723_doc_902_0.pdf","目次に個別開始ページの記載なし（親見出しの開始ページは229）"
"新刊","那珂市史","地誌編","Ⅷ 木崎地区","","小学校","","https://www.city.naka.lg.jp/data/doc/1745047723_doc_902_0.pdf","目次に個別開始ページの記載なし（親見出しの開始ページは229）"
"新刊","那珂市史","地誌編","Ⅷ 木崎地区","","中学校","","https://www.city.naka.lg.jp/data/doc/1745047723_doc_902_0.pdf","目次に個別開始ページの記載なし（親見出しの開始ページは229）"
"新刊","那珂市史","地誌編","Ⅷ 木崎地区","","＜遺跡＞","","https://www.city.naka.lg.jp/data/doc/1745047723_doc_902_0.pdf","目次に個別開始ページの記載なし（親見出しの開始ページは229）"
"新刊","那珂市史","地誌編","Ⅷ 木崎地区","１ 鹿島（木崎分）地区","","231","https://www.city.naka.lg.jp/data/doc/1745047723_doc_902_0.pdf",""
"新刊","那珂市史","地誌編","Ⅷ 木崎地区","１ 鹿島（木崎分）地区","＜鹿島神社＞","","https://www.city.naka.lg.jp/data/doc/1745047723_doc_902_0.pdf","目次に個別開始ページの記載なし（親見出しの開始ページは231）"
"新刊","那珂市史","地誌編","Ⅷ 木崎地区","１ 鹿島（木崎分）地区","＜皇大神宮＞","","https://www.city.naka.lg.jp/data/doc/1745047723_doc_902_0.pdf","目次に個別開始ページの記載なし（親見出しの開始ページは231）"
"新刊","那珂市史","地誌編","Ⅷ 木崎地区","１ 鹿島（木崎分）地区","＜海野家三代の家塾＞","","https://www.city.naka.lg.jp/data/doc/1745047723_doc_902_0.pdf","目次に個別開始ページの記載なし（親見出しの開始ページは231）"
"新刊","那珂市史","地誌編","Ⅷ 木崎地区","１ 鹿島（木崎分）地区","＜中崎憲＞","","https://www.city.naka.lg.jp/data/doc/1745047723_doc_902_0.pdf","目次に個別開始ページの記載なし（親見出しの開始ページは231）"
"新刊","那珂市史","地誌編","Ⅷ 木崎地区","１ 鹿島（木崎分）地区","＜廃寺＞","","https://www.city.naka.lg.jp/data/doc/1745047723_doc_902_0.pdf","目次に個別開始ページの記載なし（親見出しの開始ページは231）"
"新刊","那珂市史","地誌編","Ⅷ 木崎地区","１ 鹿島（木崎分）地区","千手寺","","https://www.city.naka.lg.jp/data/doc/1745047723_doc_902_0.pdf","目次に個別開始ページの記載なし（親見出しの開始ページは231）"
"新刊","那珂市史","地誌編","Ⅷ 木崎地区","１ 鹿島（木崎分）地区","泉秀院","","https://www.city.naka.lg.jp/data/doc/1745047723_doc_902_0.pdf","目次に個別開始ページの記載なし（親見出しの開始ページは231）"
"新刊","那珂市史","地誌編","Ⅷ 木崎地区","１ 鹿島（木崎分）地区","＜石仏石塔＞","","https://www.city.naka.lg.jp/data/doc/1745047723_doc_902_0.pdf","目次に個別開始ページの記載なし（親見出しの開始ページは231）"
"新刊","那珂市史","地誌編","Ⅷ 木崎地区","１ 鹿島（木崎分）地区","＜小字名＞","","https://www.city.naka.lg.jp/data/doc/1745047723_doc_902_0.pdf","目次に個別開始ページの記載なし（親見出しの開始ページは231）"
"新刊","那珂市史","地誌編","Ⅷ 木崎地区","１ 鹿島（木崎分）地区","＜鹿島（木崎分）地区小字図＞","","https://www.city.naka.lg.jp/data/doc/1745047723_doc_902_0.pdf","目次に個別開始ページの記載なし（親見出しの開始ページは231）"
"新刊","那珂市史","地誌編","Ⅷ 木崎地区","２ 門部地区","","234","https://www.city.naka.lg.jp/data/doc/1745047723_doc_902_0.pdf",""
"新刊","那珂市史","地誌編","Ⅷ 木崎地区","２ 門部地区","＜鹿島静神社＞","","https://www.city.naka.lg.jp/data/doc/1745047723_doc_902_0.pdf","目次に個別開始ページの記載なし（親見出しの開始ページは234）"
"新刊","那珂市史","地誌編","Ⅷ 木崎地区","２ 門部地区","＜愛宕神社＞","","https://www.city.naka.lg.jp/data/doc/1745047723_doc_902_0.pdf","目次に個別開始ページの記載なし（親見出しの開始ページは234）"
"新刊","那珂市史","地誌編","Ⅷ 木崎地区","２ 門部地区","＜別雷皇大神＞","","https://www.city.naka.lg.jp/data/doc/1745047723_doc_902_0.pdf","目次に個別開始ページの記載なし（親見出しの開始ページは234）"
"新刊","那珂市史","地誌編","Ⅷ 木崎地区","２ 門部地区","＜門部白河内地内＞","","https://www.city.naka.lg.jp/data/doc/1745047723_doc_902_0.pdf","目次に個別開始ページの記載なし（親見出しの開始ページは234）"
"新刊","那珂市史","地誌編","Ⅷ 木崎地区","２ 門部地区","白河内古墳群","","https://www.city.naka.lg.jp/data/doc/1745047723_doc_902_0.pdf","目次に個別開始ページの記載なし（親見出しの開始ページは234）"
"新刊","那珂市史","地誌編","Ⅷ 木崎地区","２ 門部地区","白河内十三塚","","https://www.city.naka.lg.jp/data/doc/1745047723_doc_902_0.pdf","目次に個別開始ページの記載なし（親見出しの開始ページは234）"
"新刊","那珂市史","地誌編","Ⅷ 木崎地区","２ 門部地区","門部字中反町一本松","","https://www.city.naka.lg.jp/data/doc/1745047723_doc_902_0.pdf","目次に個別開始ページの記載なし（親見出しの開始ページは234）"
"新刊","那珂市史","地誌編","Ⅷ 木崎地区","２ 門部地区","黒森坂","","https://www.city.naka.lg.jp/data/doc/1745047723_doc_902_0.pdf","目次に個別開始ページの記載なし（親見出しの開始ページは234）"
"新刊","那珂市史","地誌編","Ⅷ 木崎地区","２ 門部地区","八幡太郎義家伝説","","https://www.city.naka.lg.jp/data/doc/1745047723_doc_902_0.pdf","目次に個別開始ページの記載なし（親見出しの開始ページは234）"
"新刊","那珂市史","地誌編","Ⅷ 木崎地区","２ 門部地区","五万木平","","https://www.city.naka.lg.jp/data/doc/1745047723_doc_902_0.pdf","目次に個別開始ページの記載なし（親見出しの開始ページは234）"
"新刊","那珂市史","地誌編","Ⅷ 木崎地区","２ 門部地区","ゆうがひ山","","https://www.city.naka.lg.jp/data/doc/1745047723_doc_902_0.pdf","目次に個別開始ページの記載なし（親見出しの開始ページは234）"
"新刊","那珂市史","地誌編","Ⅷ 木崎地区","２ 門部地区","門部館跡","","https://www.city.naka.lg.jp/data/doc/1745047723_doc_902_0.pdf","目次に個別開始ページの記載なし（親見出しの開始ページは234）"
"新刊","那珂市史","地誌編","Ⅷ 木崎地区","２ 門部地区","廃寺","","https://www.city.naka.lg.jp/data/doc/1745047723_doc_902_0.pdf","目次に個別開始ページの記載なし（親見出しの開始ページは234）"
"新刊","那珂市史","地誌編","Ⅷ 木崎地区","２ 門部地区","銀山寺","","https://www.city.naka.lg.jp/data/doc/1745047723_doc_902_0.pdf","目次に個別開始ページの記載なし（親見出しの開始ページは234）"
"新刊","那珂市史","地誌編","Ⅷ 木崎地区","２ 門部地区","開蔵院","","https://www.city.naka.lg.jp/data/doc/1745047723_doc_902_0.pdf","目次に個別開始ページの記載なし（親見出しの開始ページは234）"
"新刊","那珂市史","地誌編","Ⅷ 木崎地区","２ 門部地区","石仏石塔","","https://www.city.naka.lg.jp/data/doc/1745047723_doc_902_0.pdf","目次に個別開始ページの記載なし（親見出しの開始ページは234）"
"新刊","那珂市史","地誌編","Ⅷ 木崎地区","２ 門部地区","東組","","https://www.city.naka.lg.jp/data/doc/1745047723_doc_902_0.pdf","目次に個別開始ページの記載なし（親見出しの開始ページは234）"
"新刊","那珂市史","地誌編","Ⅷ 木崎地区","２ 門部地区","中組","","https://www.city.naka.lg.jp/data/doc/1745047723_doc_902_0.pdf","目次に個別開始ページの記載なし（親見出しの開始ページは234）"
"新刊","那珂市史","地誌編","Ⅷ 木崎地区","２ 門部地区","西組","","https://www.city.naka.lg.jp/data/doc/1745047723_doc_902_0.pdf","目次に個別開始ページの記載なし（親見出しの開始ページは234）"
"新刊","那珂市史","地誌編","Ⅷ 木崎地区","２ 門部地区","小屋場","","https://www.city.naka.lg.jp/data/doc/1745047723_doc_902_0.pdf","目次に個別開始ページの記載なし（親見出しの開始ページは234）"
"新刊","那珂市史","地誌編","Ⅷ 木崎地区","２ 門部地区","白河内","","https://www.city.naka.lg.jp/data/doc/1745047723_doc_902_0.pdf","目次に個別開始ページの記載なし（親見出しの開始ページは234）"
"新刊","那珂市史","地誌編","Ⅷ 木崎地区","２ 門部地区","小字名","","https://www.city.naka.lg.jp/data/doc/1745047723_doc_902_0.pdf","目次に個別開始ページの記載なし（親見出しの開始ページは234）"
"新刊","那珂市史","地誌編","Ⅷ 木崎地区","２ 門部地区","＜門部圷地内＞","","https://www.city.naka.lg.jp/data/doc/1745047723_doc_902_0.pdf","目次に個別開始ページの記載なし（親見出しの開始ページは234）"
"新刊","那珂市史","地誌編","Ⅷ 木崎地区","２ 門部地区","耕吟中井川翁碑","","https://www.city.naka.lg.jp/data/doc/1745047723_doc_902_0.pdf","目次に個別開始ページの記載なし（親見出しの開始ページは234）"
"新刊","那珂市史","地誌編","Ⅷ 木崎地区","２ 門部地区","代議士中井川浩","","https://www.city.naka.lg.jp/data/doc/1745047723_doc_902_0.pdf","目次に個別開始ページの記載なし（親見出しの開始ページは234）"
"新刊","那珂市史","地誌編","Ⅷ 木崎地区","２ 門部地区","軍師本尊","","https://www.city.naka.lg.jp/data/doc/1745047723_doc_902_0.pdf","目次に個別開始ページの記載なし（親見出しの開始ページは234）"
"新刊","那珂市史","地誌編","Ⅷ 木崎地区","２ 門部地区","廃寺","","https://www.city.naka.lg.jp/data/doc/1745047723_doc_902_0.pdf","目次に個別開始ページの記載なし（親見出しの開始ページは234）"
"新刊","那珂市史","地誌編","Ⅷ 木崎地区","２ 門部地区","善重寺","","https://www.city.naka.lg.jp/data/doc/1745047723_doc_902_0.pdf","目次に個別開始ページの記載なし（親見出しの開始ページは234）"
"新刊","那珂市史","地誌編","Ⅷ 木崎地区","２ 門部地区","石仏石塔","","https://www.city.naka.lg.jp/data/doc/1745047723_doc_902_0.pdf","目次に個別開始ページの記載なし（親見出しの開始ページは234）"
"新刊","那珂市史","地誌編","Ⅷ 木崎地区","２ 門部地区","＜下河原地内＞","","https://www.city.naka.lg.jp/data/doc/1745047723_doc_902_0.pdf","目次に個別開始ページの記載なし（親見出しの開始ページは234）"
"新刊","那珂市史","地誌編","Ⅷ 木崎地区","２ 門部地区","共盛蚕業組合記念碑","","https://www.city.naka.lg.jp/data/doc/1745047723_doc_902_0.pdf","目次に個別開始ページの記載なし（親見出しの開始ページは234）"
"新刊","那珂市史","地誌編","Ⅷ 木崎地区","２ 門部地区","下河原の諸施設","","https://www.city.naka.lg.jp/data/doc/1745047723_doc_902_0.pdf","目次に個別開始ページの記載なし（親見出しの開始ページは234）"
"新刊","那珂市史","地誌編","Ⅷ 木崎地区","２ 門部地区","三峯神社","","https://www.city.naka.lg.jp/data/doc/1745047723_doc_902_0.pdf","目次に個別開始ページの記載なし（親見出しの開始ページは234）"
"新刊","那珂市史","地誌編","Ⅷ 木崎地区","２ 門部地区","石仏石塔","","https://www.city.naka.lg.jp/data/doc/1745047723_doc_902_0.pdf","目次に個別開始ページの記載なし（親見出しの開始ページは234）"
"新刊","那珂市史","地誌編","Ⅷ 木崎地区","２ 門部地区","＜小字名＞","","https://www.city.naka.lg.jp/data/doc/1745047723_doc_902_0.pdf","目次に個別開始ページの記載なし（親見出しの開始ページは234）"
"新刊","那珂市史","地誌編","Ⅷ 木崎地区","２ 門部地区","＜門部地区小字図＞","","https://www.city.naka.lg.jp/data/doc/1745047723_doc_902_0.pdf","目次に個別開始ページの記載なし（親見出しの開始ページは234）"
"新刊","那珂市史","地誌編","Ⅷ 木崎地区","３ 北酒出地区","","244","https://www.city.naka.lg.jp/data/doc/1745047723_doc_902_0.pdf",""
"新刊","那珂市史","地誌編","Ⅷ 木崎地区","３ 北酒出地区","＜愛宕神社＞","","https://www.city.naka.lg.jp/data/doc/1745047723_doc_902_0.pdf","目次に個別開始ページの記載なし（親見出しの開始ページは244）"
"新刊","那珂市史","地誌編","Ⅷ 木崎地区","３ 北酒出地区","＜京観坪土器＞","","https://www.city.naka.lg.jp/data/doc/1745047723_doc_902_0.pdf","目次に個別開始ページの記載なし（親見出しの開始ページは244）"
"新刊","那珂市史","地誌編","Ⅷ 木崎地区","３ 北酒出地区","＜北酒出氏＞","","https://www.city.naka.lg.jp/data/doc/1745047723_doc_902_0.pdf","目次に個別開始ページの記載なし（親見出しの開始ページは244）"
"新刊","那珂市史","地誌編","Ⅷ 木崎地区","３ 北酒出地区","＜小林照秀翁遺澤之碑＞","","https://www.city.naka.lg.jp/data/doc/1745047723_doc_902_0.pdf","目次に個別開始ページの記載なし（親見出しの開始ページは244）"
"新刊","那珂市史","地誌編","Ⅷ 木崎地区","３ 北酒出地区","＜石仏石塔＞","","https://www.city.naka.lg.jp/data/doc/1745047723_doc_902_0.pdf","目次に個別開始ページの記載なし（親見出しの開始ページは244）"
"新刊","那珂市史","地誌編","Ⅷ 木崎地区","３ 北酒出地区","＜小字名＞","","https://www.city.naka.lg.jp/data/doc/1745047723_doc_902_0.pdf","目次に個別開始ページの記載なし（親見出しの開始ページは244）"
"新刊","那珂市史","地誌編","Ⅷ 木崎地区","３ 北酒出地区","＜北酒出地区小字図＞","","https://www.city.naka.lg.jp/data/doc/1745047723_doc_902_0.pdf","目次に個別開始ページの記載なし（親見出しの開始ページは244）"
"新刊","那珂市史","地誌編","Ⅷ 木崎地区","４ 南酒出地区","","247","https://www.city.naka.lg.jp/data/doc/1745047723_doc_902_0.pdf",""
"新刊","那珂市史","地誌編","Ⅷ 木崎地区","４ 南酒出地区","＜概観＞","","https://www.city.naka.lg.jp/data/doc/1745047723_doc_902_0.pdf","目次に個別開始ページの記載なし（親見出しの開始ページは247）"
"新刊","那珂市史","地誌編","Ⅷ 木崎地区","４ 南酒出地区","＜駒形神社＞","","https://www.city.naka.lg.jp/data/doc/1745047723_doc_902_0.pdf","目次に個別開始ページの記載なし（親見出しの開始ページは247）"
"新刊","那珂市史","地誌編","Ⅷ 木崎地区","４ 南酒出地区","＜素鵞神社＞","","https://www.city.naka.lg.jp/data/doc/1745047723_doc_902_0.pdf","目次に個別開始ページの記載なし（親見出しの開始ページは247）"
"新刊","那珂市史","地誌編","Ⅷ 木崎地区","４ 南酒出地区","＜溜池＞","","https://www.city.naka.lg.jp/data/doc/1745047723_doc_902_0.pdf","目次に個別開始ページの記載なし（親見出しの開始ページは247）"
"新刊","那珂市史","地誌編","Ⅷ 木崎地区","４ 南酒出地区","＜南酒出城跡＞","","https://www.city.naka.lg.jp/data/doc/1745047723_doc_902_0.pdf","目次に個別開始ページの記載なし（親見出しの開始ページは247）"
"新刊","那珂市史","地誌編","Ⅷ 木崎地区","４ 南酒出地区","＜南酒出遺跡＞","","https://www.city.naka.lg.jp/data/doc/1745047723_doc_902_0.pdf","目次に個別開始ページの記載なし（親見出しの開始ページは247）"
"新刊","那珂市史","地誌編","Ⅷ 木崎地区","４ 南酒出地区","＜蒼龍寺＞","","https://www.city.naka.lg.jp/data/doc/1745047723_doc_902_0.pdf","目次に個別開始ページの記載なし（親見出しの開始ページは247）"
"新刊","那珂市史","地誌編","Ⅷ 木崎地区","４ 南酒出地区","蒼龍寺の墨書","","https://www.city.naka.lg.jp/data/doc/1745047723_doc_902_0.pdf","目次に個別開始ページの記載なし（親見出しの開始ページは247）"
"新刊","那珂市史","地誌編","Ⅷ 木崎地区","４ 南酒出地区","＜おちよ桜＞","","https://www.city.naka.lg.jp/data/doc/1745047723_doc_902_0.pdf","目次に個別開始ページの記載なし（親見出しの開始ページは247）"
"新刊","那珂市史","地誌編","Ⅷ 木崎地区","４ 南酒出地区","＜和算学者の記念碑＞","","https://www.city.naka.lg.jp/data/doc/1745047723_doc_902_0.pdf","目次に個別開始ページの記載なし（親見出しの開始ページは247）"
"新刊","那珂市史","地誌編","Ⅷ 木崎地区","４ 南酒出地区","＜北向地蔵尊＞","","https://www.city.naka.lg.jp/data/doc/1745047723_doc_902_0.pdf","目次に個別開始ページの記載なし（親見出しの開始ページは247）"
"新刊","那珂市史","地誌編","Ⅷ 木崎地区","４ 南酒出地区","＜廃寺＞","","https://www.city.naka.lg.jp/data/doc/1745047723_doc_902_0.pdf","目次に個別開始ページの記載なし（親見出しの開始ページは247）"
"新刊","那珂市史","地誌編","Ⅷ 木崎地区","４ 南酒出地区","根本寺","","https://www.city.naka.lg.jp/data/doc/1745047723_doc_902_0.pdf","目次に個別開始ページの記載なし（親見出しの開始ページは247）"
"新刊","那珂市史","地誌編","Ⅷ 木崎地区","４ 南酒出地区","高泰院","","https://www.city.naka.lg.jp/data/doc/1745047723_doc_902_0.pdf","目次に個別開始ページの記載なし（親見出しの開始ページは247）"
"新刊","那珂市史","地誌編","Ⅷ 木崎地区","４ 南酒出地区","常韻寺","","https://www.city.naka.lg.jp/data/doc/1745047723_doc_902_0.pdf","目次に個別開始ページの記載なし（親見出しの開始ページは247）"
"新刊","那珂市史","地誌編","Ⅷ 木崎地区","４ 南酒出地区","＜石仏石塔＞","","https://www.city.naka.lg.jp/data/doc/1745047723_doc_902_0.pdf","目次に個別開始ページの記載なし（親見出しの開始ページは247）"
"新刊","那珂市史","地誌編","Ⅷ 木崎地区","４ 南酒出地区","＜小字名＞","","https://www.city.naka.lg.jp/data/doc/1745047723_doc_902_0.pdf","目次に個別開始ページの記載なし（親見出しの開始ページは247）"
"新刊","那珂市史","地誌編","Ⅷ 木崎地区","４ 南酒出地区","＜木崎地区の「十坂」＞","","https://www.city.naka.lg.jp/data/doc/1745047723_doc_902_0.pdf","目次に個別開始ページの記載なし（親見出しの開始ページは247）"
"新刊","那珂市史","地誌編","Ⅷ 木崎地区","４ 南酒出地区","＜南酒出地区小字図＞","","https://www.city.naka.lg.jp/data/doc/1745047723_doc_902_0.pdf","目次に個別開始ページの記載なし（親見出しの開始ページは247）"
"新刊","那珂市史","地誌編","Ⅸ 瓜連地区","","","","https://www.city.naka.lg.jp/data/doc/1745047723_doc_902_0.pdf","目次に開始ページの記載なし"
"新刊","那珂市史","地誌編","Ⅸ 瓜連地区","１ 静地区・下大賀地区","","259","https://www.city.naka.lg.jp/data/doc/1745047723_doc_902_0.pdf",""
"新刊","那珂市史","地誌編","Ⅸ 瓜連地区","１ 静地区・下大賀地区","環境","259","https://www.city.naka.lg.jp/data/doc/1745047723_doc_902_0.pdf",""
"新刊","那珂市史","地誌編","Ⅸ 瓜連地区","１ 静地区・下大賀地区","歴史","259","https://www.city.naka.lg.jp/data/doc/1745047723_doc_902_0.pdf",""
"新刊","那珂市史","地誌編","Ⅸ 瓜連地区","１ 静地区・下大賀地区","古代","259","https://www.city.naka.lg.jp/data/doc/1745047723_doc_902_0.pdf",""
"新刊","那珂市史","地誌編","Ⅸ 瓜連地区","１ 静地区・下大賀地区","＜静・下大賀の古墳群＞","","https://www.city.naka.lg.jp/data/doc/1745047723_doc_902_0.pdf","目次に個別開始ページの記載なし（親見出しの開始ページは259）"
"新刊","那珂市史","地誌編","Ⅸ 瓜連地区","１ 静地区・下大賀地区","静の新宿古墳群","","https://www.city.naka.lg.jp/data/doc/1745047723_doc_902_0.pdf","目次に個別開始ページの記載なし（親見出しの開始ページは259）"
"新刊","那珂市史","地誌編","Ⅸ 瓜連地区","１ 静地区・下大賀地区","下大賀十林寺古墳群","","https://www.city.naka.lg.jp/data/doc/1745047723_doc_902_0.pdf","目次に個別開始ページの記載なし（親見出しの開始ページは259）"
"新刊","那珂市史","地誌編","Ⅸ 瓜連地区","１ 静地区・下大賀地区","＜下大賀遺跡＞","","https://www.city.naka.lg.jp/data/doc/1745047723_doc_902_0.pdf","目次に個別開始ページの記載なし（親見出しの開始ページは259）"
"新刊","那珂市史","地誌編","Ⅸ 瓜連地区","１ 静地区・下大賀地区","古代の「塩の道」","","https://www.city.naka.lg.jp/data/doc/1745047723_doc_902_0.pdf","目次に個別開始ページの記載なし（親見出しの開始ページは259）"
"新刊","那珂市史","地誌編","Ⅸ 瓜連地区","１ 静地区・下大賀地区","古墳時代の方形住居跡","","https://www.city.naka.lg.jp/data/doc/1745047723_doc_902_0.pdf","目次に個別開始ページの記載なし（親見出しの開始ページは259）"
"新刊","那珂市史","地誌編","Ⅸ 瓜連地区","１ 静地区・下大賀地区","＜静神社と倭文部＞","","https://www.city.naka.lg.jp/data/doc/1745047723_doc_902_0.pdf","目次に個別開始ページの記載なし（親見出しの開始ページは259）"
"新刊","那珂市史","地誌編","Ⅸ 瓜連地区","１ 静地区・下大賀地区","５・６世紀の倭文部の成立","","https://www.city.naka.lg.jp/data/doc/1745047723_doc_902_0.pdf","目次に個別開始ページの記載なし（親見出しの開始ページは259）"
"新刊","那珂市史","地誌編","Ⅸ 瓜連地区","１ 静地区・下大賀地区","静神社の成立","","https://www.city.naka.lg.jp/data/doc/1745047723_doc_902_0.pdf","目次に個別開始ページの記載なし（親見出しの開始ページは259）"
"新刊","那珂市史","地誌編","Ⅸ 瓜連地区","１ 静地区・下大賀地区","「常陸国風土記」に見える静織の里","","https://www.city.naka.lg.jp/data/doc/1745047723_doc_902_0.pdf","目次に個別開始ページの記載なし（親見出しの開始ページは259）"
"新刊","那珂市史","地誌編","Ⅸ 瓜連地区","１ 静地区・下大賀地区","「万葉集」に見える倭文部可良麻呂の歌","","https://www.city.naka.lg.jp/data/doc/1745047723_doc_902_0.pdf","目次に個別開始ページの記載なし（親見出しの開始ページは259）"
"新刊","那珂市史","地誌編","Ⅸ 瓜連地区","１ 静地区・下大賀地区","『三代実録』『延喜式』の中の静神社","","https://www.city.naka.lg.jp/data/doc/1745047723_doc_902_0.pdf","目次に個別開始ページの記載なし（親見出しの開始ページは259）"
"新刊","那珂市史","地誌編","Ⅸ 瓜連地区","１ 静地区・下大賀地区","銅印「静神宮印」と宮号","","https://www.city.naka.lg.jp/data/doc/1745047723_doc_902_0.pdf","目次に個別開始ページの記載なし（親見出しの開始ページは259）"
"新刊","那珂市史","地誌編","Ⅸ 瓜連地区","１ 静地区・下大賀地区","常陸二の宮となった静神社","","https://www.city.naka.lg.jp/data/doc/1745047723_doc_902_0.pdf","目次に個別開始ページの記載なし（親見出しの開始ページは259）"
"新刊","那珂市史","地誌編","Ⅸ 瓜連地区","１ 静地区・下大賀地区","下大賀村大井戸・滝明神の成立","","https://www.city.naka.lg.jp/data/doc/1745047723_doc_902_0.pdf","目次に個別開始ページの記載なし（親見出しの開始ページは259）"
"新刊","那珂市史","地誌編","Ⅸ 瓜連地区","１ 静地区・下大賀地区","中世","264","https://www.city.naka.lg.jp/data/doc/1745047723_doc_902_0.pdf",""
"新刊","那珂市史","地誌編","Ⅸ 瓜連地区","１ 静地区・下大賀地区","＜下大賀遺跡＞","","https://www.city.naka.lg.jp/data/doc/1745047723_doc_902_0.pdf","目次に個別開始ページの記載なし（親見出しの開始ページは264）"
"新刊","那珂市史","地誌編","Ⅸ 瓜連地区","１ 静地区・下大賀地区","中世の「塩の道」","","https://www.city.naka.lg.jp/data/doc/1745047723_doc_902_0.pdf","目次に個別開始ページの記載なし（親見出しの開始ページは264）"
"新刊","那珂市史","地誌編","Ⅸ 瓜連地区","１ 静地区・下大賀地区","＜常陸二の宮静神社と佐竹氏＞","","https://www.city.naka.lg.jp/data/doc/1745047723_doc_902_0.pdf","目次に個別開始ページの記載なし（親見出しの開始ページは264）"
"新刊","那珂市史","地誌編","Ⅸ 瓜連地区","１ 静地区・下大賀地区","静神社銅印が埋められたのは南北朝内乱期か","","https://www.city.naka.lg.jp/data/doc/1745047723_doc_902_0.pdf","目次に個別開始ページの記載なし（親見出しの開始ページは264）"
"新刊","那珂市史","地誌編","Ⅸ 瓜連地区","１ 静地区・下大賀地区","瓜連城陥落後の神宮寺の宗旨替え","","https://www.city.naka.lg.jp/data/doc/1745047723_doc_902_0.pdf","目次に個別開始ページの記載なし（親見出しの開始ページは264）"
"新刊","那珂市史","地誌編","Ⅸ 瓜連地区","１ 静地区・下大賀地区","室町時代の弘願寺の活動","","https://www.city.naka.lg.jp/data/doc/1745047723_doc_902_0.pdf","目次に個別開始ページの記載なし（親見出しの開始ページは264）"
"新刊","那珂市史","地誌編","Ⅸ 瓜連地区","１ 静地区・下大賀地区","静神社祭神はいつ手力雄命に変えられたのか","","https://www.city.naka.lg.jp/data/doc/1745047723_doc_902_0.pdf","目次に個別開始ページの記載なし（親見出しの開始ページは264）"
"新刊","那珂市史","地誌編","Ⅸ 瓜連地区","１ 静地区・下大賀地区","近世","267","https://www.city.naka.lg.jp/data/doc/1745047723_doc_902_0.pdf",""
"新刊","那珂市史","地誌編","Ⅸ 瓜連地区","１ 静地区・下大賀地区","＜水戸藩と静神社＞","","https://www.city.naka.lg.jp/data/doc/1745047723_doc_902_0.pdf","目次に個別開始ページの記載なし（親見出しの開始ページは267）"
"新刊","那珂市史","地誌編","Ⅸ 瓜連地区","１ 静地区・下大賀地区","静神社への徳川家康朱印状","","https://www.city.naka.lg.jp/data/doc/1745047723_doc_902_0.pdf","目次に個別開始ページの記載なし（親見出しの開始ページは267）"
"新刊","那珂市史","地誌編","Ⅸ 瓜連地区","１ 静地区・下大賀地区","徳川頼房の吉田神道伝授と静神社神官神道免許","","https://www.city.naka.lg.jp/data/doc/1745047723_doc_902_0.pdf","目次に個別開始ページの記載なし（親見出しの開始ページは267）"
"新刊","那珂市史","地誌編","Ⅸ 瓜連地区","１ 静地区・下大賀地区","『鎮守開基帳』による静神社由緒と朱印地","","https://www.city.naka.lg.jp/data/doc/1745047723_doc_902_0.pdf","目次に個別開始ページの記載なし（親見出しの開始ページは267）"
"新刊","那珂市史","地誌編","Ⅸ 瓜連地区","１ 静地区・下大賀地区","静神社社家の組織","","https://www.city.naka.lg.jp/data/doc/1745047723_doc_902_0.pdf","目次に個別開始ページの記載なし（親見出しの開始ページは267）"
"新刊","那珂市史","地誌編","Ⅸ 瓜連地区","１ 静地区・下大賀地区","「常陸名所図屏風」に見る静神社と静宿","","https://www.city.naka.lg.jp/data/doc/1745047723_doc_902_0.pdf","目次に個別開始ページの記載なし（親見出しの開始ページは267）"
"新刊","那珂市史","地誌編","Ⅸ 瓜連地区","１ 静地区・下大賀地区","光圀の寺社改革と唯一神道達書","","https://www.city.naka.lg.jp/data/doc/1745047723_doc_902_0.pdf","目次に個別開始ページの記載なし（親見出しの開始ページは267）"
"新刊","那珂市史","地誌編","Ⅸ 瓜連地区","１ 静地区・下大賀地区","寛文７年、旧社殿の破却と銅印の発見","","https://www.city.naka.lg.jp/data/doc/1745047723_doc_902_0.pdf","目次に個別開始ページの記載なし（親見出しの開始ページは267）"
"新刊","那珂市史","地誌編","Ⅸ 瓜連地区","１ 静地区・下大賀地区","静神社社殿改造と寺院位置","","https://www.city.naka.lg.jp/data/doc/1745047723_doc_902_0.pdf","目次に個別開始ページの記載なし（親見出しの開始ページは267）"
"新刊","那珂市史","地誌編","Ⅸ 瓜連地区","１ 静地区・下大賀地区","徳川光圀の社殿造営","","https://www.city.naka.lg.jp/data/doc/1745047723_doc_902_0.pdf","目次に個別開始ページの記載なし（親見出しの開始ページは267）"
"新刊","那珂市史","地誌編","Ⅸ 瓜連地区","１ 静地区・下大賀地区","寛文10年、静長官萩庭氏から斎藤氏に替えられる","","https://www.city.naka.lg.jp/data/doc/1745047723_doc_902_0.pdf","目次に個別開始ページの記載なし（親見出しの開始ページは267）"
"新刊","那珂市史","地誌編","Ⅸ 瓜連地区","１ 静地区・下大賀地区","＜下大賀の社寺祠堂＞","","https://www.city.naka.lg.jp/data/doc/1745047723_doc_902_0.pdf","目次に個別開始ページの記載なし（親見出しの開始ページは267）"
"新刊","那珂市史","地誌編","Ⅸ 瓜連地区","１ 静地区・下大賀地区","弘願寺","","https://www.city.naka.lg.jp/data/doc/1745047723_doc_902_0.pdf","目次に個別開始ページの記載なし（親見出しの開始ページは267）"
"新刊","那珂市史","地誌編","Ⅸ 瓜連地区","１ 静地区・下大賀地区","滝神社","","https://www.city.naka.lg.jp/data/doc/1745047723_doc_902_0.pdf","目次に個別開始ページの記載なし（親見出しの開始ページは267）"
"新刊","那珂市史","地誌編","Ⅸ 瓜連地区","１ 静地区・下大賀地区","＜静神社の平磯出社の実態＞","","https://www.city.naka.lg.jp/data/doc/1745047723_doc_902_0.pdf","目次に個別開始ページの記載なし（親見出しの開始ページは267）"
"新刊","那珂市史","地誌編","Ⅸ 瓜連地区","１ 静地区・下大賀地区","＜明和８年太田村鋳銭座打ち毀し＞","","https://www.city.naka.lg.jp/data/doc/1745047723_doc_902_0.pdf","目次に個別開始ページの記載なし（親見出しの開始ページは267）"
"新刊","那珂市史","地誌編","Ⅸ 瓜連地区","１ 静地区・下大賀地区","打ち毀しの原因","","https://www.city.naka.lg.jp/data/doc/1745047723_doc_902_0.pdf","目次に個別開始ページの記載なし（親見出しの開始ページは267）"
"新刊","那珂市史","地誌編","Ⅸ 瓜連地区","１ 静地区・下大賀地区","打ち毀しの実行","","https://www.city.naka.lg.jp/data/doc/1745047723_doc_902_0.pdf","目次に個別開始ページの記載なし（親見出しの開始ページは267）"
"新刊","那珂市史","地誌編","Ⅸ 瓜連地区","１ 静地区・下大賀地区","＜文化４年『水府志料』にみる静・下大賀村＞","","https://www.city.naka.lg.jp/data/doc/1745047723_doc_902_0.pdf","目次に個別開始ページの記載なし（親見出しの開始ページは267）"
"新刊","那珂市史","地誌編","Ⅸ 瓜連地区","１ 静地区・下大賀地区","静村","","https://www.city.naka.lg.jp/data/doc/1745047723_doc_902_0.pdf","目次に個別開始ページの記載なし（親見出しの開始ページは267）"
"新刊","那珂市史","地誌編","Ⅸ 瓜連地区","１ 静地区・下大賀地区","下大賀村","","https://www.city.naka.lg.jp/data/doc/1745047723_doc_902_0.pdf","目次に個別開始ページの記載なし（親見出しの開始ページは267）"
"新刊","那珂市史","地誌編","Ⅸ 瓜連地区","１ 静地区・下大賀地区","＜幕末の磯出神事と尊攘運動＞","","https://www.city.naka.lg.jp/data/doc/1745047723_doc_902_0.pdf","目次に個別開始ページの記載なし（親見出しの開始ページは267）"
"新刊","那珂市史","地誌編","Ⅸ 瓜連地区","１ 静地区・下大賀地区","天保３、４年の平磯出社の規模拡大","","https://www.city.naka.lg.jp/data/doc/1745047723_doc_902_0.pdf","目次に個別開始ページの記載なし（親見出しの開始ページは267）"
"新刊","那珂市史","地誌編","Ⅸ 瓜連地区","１ 静地区・下大賀地区","天保12年の静神社火災","","https://www.city.naka.lg.jp/data/doc/1745047723_doc_902_0.pdf","目次に個別開始ページの記載なし（親見出しの開始ページは267）"
"新刊","那珂市史","地誌編","Ⅸ 瓜連地区","１ 静地区・下大賀地区","天保15年静神社再建","","https://www.city.naka.lg.jp/data/doc/1745047723_doc_902_0.pdf","目次に個別開始ページの記載なし（親見出しの開始ページは267）"
"新刊","那珂市史","地誌編","Ⅸ 瓜連地区","１ 静地区・下大賀地区","尊攘派の台頭と内紛","","https://www.city.naka.lg.jp/data/doc/1745047723_doc_902_0.pdf","目次に個別開始ページの記載なし（親見出しの開始ページは267）"
"新刊","那珂市史","地誌編","Ⅸ 瓜連地区","１ 静地区・下大賀地区","万延元年桜田門外の変","","https://www.city.naka.lg.jp/data/doc/1745047723_doc_902_0.pdf","目次に個別開始ページの記載なし（親見出しの開始ページは267）"
"新刊","那珂市史","地誌編","Ⅸ 瓜連地区","１ 静地区・下大賀地区","静神社内の紛争","","https://www.city.naka.lg.jp/data/doc/1745047723_doc_902_0.pdf","目次に個別開始ページの記載なし（親見出しの開始ページは267）"
"新刊","那珂市史","地誌編","Ⅸ 瓜連地区","１ 静地区・下大賀地区","元治元年の天狗諸生の乱","","https://www.city.naka.lg.jp/data/doc/1745047723_doc_902_0.pdf","目次に個別開始ページの記載なし（親見出しの開始ページは267）"
"新刊","那珂市史","地誌編","Ⅸ 瓜連地区","１ 静地区・下大賀地区","静神社社家の動向","","https://www.city.naka.lg.jp/data/doc/1745047723_doc_902_0.pdf","目次に個別開始ページの記載なし（親見出しの開始ページは267）"
"新刊","那珂市史","地誌編","Ⅸ 瓜連地区","１ 静地区・下大賀地区","＜慶応２年の那珂湊打ち毀し＞","","https://www.city.naka.lg.jp/data/doc/1745047723_doc_902_0.pdf","目次に個別開始ページの記載なし（親見出しの開始ページは267）"
"新刊","那珂市史","地誌編","Ⅸ 瓜連地区","１ 静地区・下大賀地区","打ち毀しの原因","","https://www.city.naka.lg.jp/data/doc/1745047723_doc_902_0.pdf","目次に個別開始ページの記載なし（親見出しの開始ページは267）"
"新刊","那珂市史","地誌編","Ⅸ 瓜連地区","１ 静地区・下大賀地区","打ち毀しの準備","","https://www.city.naka.lg.jp/data/doc/1745047723_doc_902_0.pdf","目次に個別開始ページの記載なし（親見出しの開始ページは267）"
"新刊","那珂市史","地誌編","Ⅸ 瓜連地区","１ 静地区・下大賀地区","打ち毀しの実行","","https://www.city.naka.lg.jp/data/doc/1745047723_doc_902_0.pdf","目次に個別開始ページの記載なし（親見出しの開始ページは267）"
"新刊","那珂市史","地誌編","Ⅸ 瓜連地区","１ 静地区・下大賀地区","藩の対応","","https://www.city.naka.lg.jp/data/doc/1745047723_doc_902_0.pdf","目次に個別開始ページの記載なし（親見出しの開始ページは267）"
"新刊","那珂市史","地誌編","Ⅸ 瓜連地区","１ 静地区・下大賀地区","＜静神社祭神をめぐる議論＞","","https://www.city.naka.lg.jp/data/doc/1745047723_doc_902_0.pdf","目次に個別開始ページの記載なし（親見出しの開始ページは267）"
"新刊","那珂市史","地誌編","Ⅸ 瓜連地区","１ 静地区・下大賀地区","近代","278","https://www.city.naka.lg.jp/data/doc/1745047723_doc_902_0.pdf",""
"新刊","那珂市史","地誌編","Ⅸ 瓜連地区","１ 静地区・下大賀地区","＜明治・大正時代の静神社＞","","https://www.city.naka.lg.jp/data/doc/1745047723_doc_902_0.pdf","目次に個別開始ページの記載なし（親見出しの開始ページは278）"
"新刊","那珂市史","地誌編","Ⅸ 瓜連地区","１ 静地区・下大賀地区","＜明治９年那珂郡一揆別働隊静山に屯集する＞","","https://www.city.naka.lg.jp/data/doc/1745047723_doc_902_0.pdf","目次に個別開始ページの記載なし（親見出しの開始ページは278）"
"新刊","那珂市史","地誌編","Ⅸ 瓜連地区","１ 静地区・下大賀地区","＜静村の沿革＞","","https://www.city.naka.lg.jp/data/doc/1745047723_doc_902_0.pdf","目次に個別開始ページの記載なし（親見出しの開始ページは278）"
"新刊","那珂市史","地誌編","Ⅸ 瓜連地区","１ 静地区・下大賀地区","＜静の山中に残る戦争遺跡「弾薬庫跡」＞","","https://www.city.naka.lg.jp/data/doc/1745047723_doc_902_0.pdf","目次に個別開始ページの記載なし（親見出しの開始ページは278）"
"新刊","那珂市史","地誌編","Ⅸ 瓜連地区","１ 静地区・下大賀地区","＜静峰公園の開設＞","","https://www.city.naka.lg.jp/data/doc/1745047723_doc_902_0.pdf","目次に個別開始ページの記載なし（親見出しの開始ページは278）"
"新刊","那珂市史","地誌編","Ⅸ 瓜連地区","１ 静地区・下大賀地区","＜小字名＞","","https://www.city.naka.lg.jp/data/doc/1745047723_doc_902_0.pdf","目次に個別開始ページの記載なし（親見出しの開始ページは278）"
"新刊","那珂市史","地誌編","Ⅸ 瓜連地区","１ 静地区・下大賀地区","＜小字の由来＞","","https://www.city.naka.lg.jp/data/doc/1745047723_doc_902_0.pdf","目次に個別開始ページの記載なし（親見出しの開始ページは278）"
"新刊","那珂市史","地誌編","Ⅸ 瓜連地区","１ 静地区・下大賀地区","＜静地区小字図＞","","https://www.city.naka.lg.jp/data/doc/1745047723_doc_902_0.pdf","目次に個別開始ページの記載なし（親見出しの開始ページは278）"
"新刊","那珂市史","地誌編","Ⅸ 瓜連地区","１ 静地区・下大賀地区","＜下大賀地区小字図＞","","https://www.city.naka.lg.jp/data/doc/1745047723_doc_902_0.pdf","目次に個別開始ページの記載なし（親見出しの開始ページは278）"
"新刊","那珂市史","地誌編","Ⅸ 瓜連地区","２ 瓜連地区・中里地区・古徳地区・鹿島（瓜連分）地区・平野地区","","283","https://www.city.naka.lg.jp/data/doc/1745047723_doc_902_0.pdf",""
"新刊","那珂市史","地誌編","Ⅸ 瓜連地区","２ 瓜連地区・中里地区・古徳地区・鹿島（瓜連分）地区・平野地区","環境","283","https://www.city.naka.lg.jp/data/doc/1745047723_doc_902_0.pdf",""
"新刊","那珂市史","地誌編","Ⅸ 瓜連地区","２ 瓜連地区・中里地区・古徳地区・鹿島（瓜連分）地区・平野地区","歴史","283","https://www.city.naka.lg.jp/data/doc/1745047723_doc_902_0.pdf",""
"新刊","那珂市史","地誌編","Ⅸ 瓜連地区","２ 瓜連地区・中里地区・古徳地区・鹿島（瓜連分）地区・平野地区","古代","283","https://www.city.naka.lg.jp/data/doc/1745047723_doc_902_0.pdf",""
"新刊","那珂市史","地誌編","Ⅸ 瓜連地区","２ 瓜連地区・中里地区・古徳地区・鹿島（瓜連分）地区・平野地区","＜弥生時代＞","","https://www.city.naka.lg.jp/data/doc/1745047723_doc_902_0.pdf","目次に個別開始ページの記載なし（親見出しの開始ページは283）"
"新刊","那珂市史","地誌編","Ⅸ 瓜連地区","２ 瓜連地区・中里地区・古徳地区・鹿島（瓜連分）地区・平野地区","＜古墳時代＞","","https://www.city.naka.lg.jp/data/doc/1745047723_doc_902_0.pdf","目次に個別開始ページの記載なし（親見出しの開始ページは283）"
"新刊","那珂市史","地誌編","Ⅸ 瓜連地区","２ 瓜連地区・中里地区・古徳地区・鹿島（瓜連分）地区・平野地区","＜奈良・平安時代の遺跡＞","","https://www.city.naka.lg.jp/data/doc/1745047723_doc_902_0.pdf","目次に個別開始ページの記載なし（親見出しの開始ページは283）"
"新刊","那珂市史","地誌編","Ⅸ 瓜連地区","２ 瓜連地区・中里地区・古徳地区・鹿島（瓜連分）地区・平野地区","＜大塚遺跡の古代寺院跡＞","","https://www.city.naka.lg.jp/data/doc/1745047723_doc_902_0.pdf","目次に個別開始ページの記載なし（親見出しの開始ページは283）"
"新刊","那珂市史","地誌編","Ⅸ 瓜連地区","２ 瓜連地区・中里地区・古徳地区・鹿島（瓜連分）地区・平野地区","中世","284","https://www.city.naka.lg.jp/data/doc/1745047723_doc_902_0.pdf",""
"新刊","那珂市史","地誌編","Ⅸ 瓜連地区","２ 瓜連地区・中里地区・古徳地区・鹿島（瓜連分）地区・平野地区","＜八幡太郎伝説と八幡瀬＞","","https://www.city.naka.lg.jp/data/doc/1745047723_doc_902_0.pdf","目次に個別開始ページの記載なし（親見出しの開始ページは284）"
"新刊","那珂市史","地誌編","Ⅸ 瓜連地区","２ 瓜連地区・中里地区・古徳地区・鹿島（瓜連分）地区・平野地区","＜中世「塩の道」と瓜連宿＞","","https://www.city.naka.lg.jp/data/doc/1745047723_doc_902_0.pdf","目次に個別開始ページの記載なし（親見出しの開始ページは284）"
"新刊","那珂市史","地誌編","Ⅸ 瓜連地区","２ 瓜連地区・中里地区・古徳地区・鹿島（瓜連分）地区・平野地区","＜久慈西郡政所と瓜連沙汰人＞","","https://www.city.naka.lg.jp/data/doc/1745047723_doc_902_0.pdf","目次に個別開始ページの記載なし（親見出しの開始ページは284）"
"新刊","那珂市史","地誌編","Ⅸ 瓜連地区","２ 瓜連地区・中里地区・古徳地区・鹿島（瓜連分）地区・平野地区","＜西福寺跡＞","","https://www.city.naka.lg.jp/data/doc/1745047723_doc_902_0.pdf","目次に個別開始ページの記載なし（親見出しの開始ページは284）"
"新刊","那珂市史","地誌編","Ⅸ 瓜連地区","２ 瓜連地区・中里地区・古徳地区・鹿島（瓜連分）地区・平野地区","＜十輪寺跡＞","","https://www.city.naka.lg.jp/data/doc/1745047723_doc_902_0.pdf","目次に個別開始ページの記載なし（親見出しの開始ページは284）"
"新刊","那珂市史","地誌編","Ⅸ 瓜連地区","２ 瓜連地区・中里地区・古徳地区・鹿島（瓜連分）地区・平野地区","＜南北朝合戦と瓜連城＞","","https://www.city.naka.lg.jp/data/doc/1745047723_doc_902_0.pdf","目次に個別開始ページの記載なし（親見出しの開始ページは284）"
"新刊","那珂市史","地誌編","Ⅸ 瓜連地区","２ 瓜連地区・中里地区・古徳地区・鹿島（瓜連分）地区・平野地区","元弘３年鎌倉幕府倒壊と楠木正家の苽連進出","","https://www.city.naka.lg.jp/data/doc/1745047723_doc_902_0.pdf","目次に個別開始ページの記載なし（親見出しの開始ページは284）"
"新刊","那珂市史","地誌編","Ⅸ 瓜連地区","２ 瓜連地区・中里地区・古徳地区・鹿島（瓜連分）地区・平野地区","建武３年佐竹貞義瓜連城攻撃で大敗し、太田から撤退し西金砂山に立て籠もる","","https://www.city.naka.lg.jp/data/doc/1745047723_doc_902_0.pdf","目次に個別開始ページの記載なし（親見出しの開始ページは284）"
"新刊","那珂市史","地誌編","Ⅸ 瓜連地区","２ 瓜連地区・中里地区・古徳地区・鹿島（瓜連分）地区・平野地区","佐竹幸乙丸と入野助房は本当に南朝方となったか","","https://www.city.naka.lg.jp/data/doc/1745047723_doc_902_0.pdf","目次に個別開始ページの記載なし（親見出しの開始ページは284）"
"新刊","那珂市史","地誌編","Ⅸ 瓜連地区","２ 瓜連地区・中里地区・古徳地区・鹿島（瓜連分）地区・平野地区","佐竹義篤が常陸に帰還し南北朝両軍の激戦続く","","https://www.city.naka.lg.jp/data/doc/1745047723_doc_902_0.pdf","目次に個別開始ページの記載なし（親見出しの開始ページは284）"
"新刊","那珂市史","地誌編","Ⅸ 瓜連地区","２ 瓜連地区・中里地区・古徳地区・鹿島（瓜連分）地区・平野地区","瓜連城陥落する","","https://www.city.naka.lg.jp/data/doc/1745047723_doc_902_0.pdf","目次に個別開始ページの記載なし（親見出しの開始ページは284）"
"新刊","那珂市史","地誌編","Ⅸ 瓜連地区","２ 瓜連地区・中里地区・古徳地区・鹿島（瓜連分）地区・平野地区","興国元年、高師冬瓜連辺を廻る","","https://www.city.naka.lg.jp/data/doc/1745047723_doc_902_0.pdf","目次に個別開始ページの記載なし（親見出しの開始ページは284）"
"新刊","那珂市史","地誌編","Ⅸ 瓜連地区","２ 瓜連地区・中里地区・古徳地区・鹿島（瓜連分）地区・平野地区","延文３年、瓜連城内に常福寺創建される","","https://www.city.naka.lg.jp/data/doc/1745047723_doc_902_0.pdf","目次に個別開始ページの記載なし（親見出しの開始ページは284）"
"新刊","那珂市史","地誌編","Ⅸ 瓜連地区","２ 瓜連地区・中里地区・古徳地区・鹿島（瓜連分）地区・平野地区","久慈西部ははたして金沢称名寺領といえるのか","","https://www.city.naka.lg.jp/data/doc/1745047723_doc_902_0.pdf","目次に個別開始ページの記載なし（親見出しの開始ページは284）"
"新刊","那珂市史","地誌編","Ⅸ 瓜連地区","２ 瓜連地区・中里地区・古徳地区・鹿島（瓜連分）地区・平野地区","久慈西郡政所で合戦が行われる","","https://www.city.naka.lg.jp/data/doc/1745047723_doc_902_0.pdf","目次に個別開始ページの記載なし（親見出しの開始ページは284）"
"新刊","那珂市史","地誌編","Ⅸ 瓜連地区","２ 瓜連地区・中里地区・古徳地区・鹿島（瓜連分）地区・平野地区","康安２年、佐竹義篤久慈西郡諸郷を譲る","","https://www.city.naka.lg.jp/data/doc/1745047723_doc_902_0.pdf","目次に個別開始ページの記載なし（親見出しの開始ページは284）"
"新刊","那珂市史","地誌編","Ⅸ 瓜連地区","２ 瓜連地区・中里地区・古徳地区・鹿島（瓜連分）地区・平野地区","社寺祠堂","","https://www.city.naka.lg.jp/data/doc/1745047723_doc_902_0.pdf","目次に個別開始ページの記載なし（親見出しの開始ページは284）"
"新刊","那珂市史","地誌編","Ⅸ 瓜連地区","２ 瓜連地区・中里地区・古徳地区・鹿島（瓜連分）地区・平野地区","牛頭天王社","","https://www.city.naka.lg.jp/data/doc/1745047723_doc_902_0.pdf","目次に個別開始ページの記載なし（親見出しの開始ページは284）"
"新刊","那珂市史","地誌編","Ⅸ 瓜連地区","２ 瓜連地区・中里地区・古徳地区・鹿島（瓜連分）地区・平野地区","諏訪明神跡","","https://www.city.naka.lg.jp/data/doc/1745047723_doc_902_0.pdf","目次に個別開始ページの記載なし（親見出しの開始ページは284）"
"新刊","那珂市史","地誌編","Ⅸ 瓜連地区","２ 瓜連地区・中里地区・古徳地区・鹿島（瓜連分）地区・平野地区","山入の乱","","https://www.city.naka.lg.jp/data/doc/1745047723_doc_902_0.pdf","目次に個別開始ページの記載なし（親見出しの開始ページは284）"
"新刊","那珂市史","地誌編","Ⅸ 瓜連地区","２ 瓜連地区・中里地区・古徳地区・鹿島（瓜連分）地区・平野地区","山入の乱（前期）で瓜連城佐竹惣領家側の陣営となる","","https://www.city.naka.lg.jp/data/doc/1745047723_doc_902_0.pdf","目次に個別開始ページの記載なし（親見出しの開始ページは284）"
"新刊","那珂市史","地誌編","Ⅸ 瓜連地区","２ 瓜連地区・中里地区・古徳地区・鹿島（瓜連分）地区・平野地区","文安２年、大山氏本古徳に城郭（古徳城）を造る","","https://www.city.naka.lg.jp/data/doc/1745047723_doc_902_0.pdf","目次に個別開始ページの記載なし（親見出しの開始ページは284）"
"新刊","那珂市史","地誌編","Ⅸ 瓜連地区","２ 瓜連地区・中里地区・古徳地区・鹿島（瓜連分）地区・平野地区","中里五輪ヶ台に宥尊の墓建てられる","","https://www.city.naka.lg.jp/data/doc/1745047723_doc_902_0.pdf","目次に個別開始ページの記載なし（親見出しの開始ページは284）"
"新刊","那珂市史","地誌編","Ⅸ 瓜連地区","２ 瓜連地区・中里地区・古徳地区・鹿島（瓜連分）地区・平野地区","山入の乱（後期）で瓜連山入方に押領される","","https://www.city.naka.lg.jp/data/doc/1745047723_doc_902_0.pdf","目次に個別開始ページの記載なし（親見出しの開始ページは284）"
"新刊","那珂市史","地誌編","Ⅸ 瓜連地区","２ 瓜連地区・中里地区・古徳地区・鹿島（瓜連分）地区・平野地区","部垂の乱","","https://www.city.naka.lg.jp/data/doc/1745047723_doc_902_0.pdf","目次に個別開始ページの記載なし（親見出しの開始ページは284）"
"新刊","那珂市史","地誌編","Ⅸ 瓜連地区","２ 瓜連地区・中里地区・古徳地区・鹿島（瓜連分）地区・平野地区","部垂の乱で瓜連城は小場・前小屋氏の支配下に入る","","https://www.city.naka.lg.jp/data/doc/1745047723_doc_902_0.pdf","目次に個別開始ページの記載なし（親見出しの開始ページは284）"
"新刊","那珂市史","地誌編","Ⅸ 瓜連地区","２ 瓜連地区・中里地区・古徳地区・鹿島（瓜連分）地区・平野地区","部垂の乱末期に瓜連城に土豪一揆結集する","","https://www.city.naka.lg.jp/data/doc/1745047723_doc_902_0.pdf","目次に個別開始ページの記載なし（親見出しの開始ページは284）"
"新刊","那珂市史","地誌編","Ⅸ 瓜連地区","２ 瓜連地区・中里地区・古徳地区・鹿島（瓜連分）地区・平野地区","部垂の乱時の瓜連城の惣構","","https://www.city.naka.lg.jp/data/doc/1745047723_doc_902_0.pdf","目次に個別開始ページの記載なし（親見出しの開始ページは284）"
"新刊","那珂市史","地誌編","Ⅸ 瓜連地区","２ 瓜連地区・中里地区・古徳地区・鹿島（瓜連分）地区・平野地区","部垂の乱は終了し瓜連は佐竹惣領家の支配下に入る","","https://www.city.naka.lg.jp/data/doc/1745047723_doc_902_0.pdf","目次に個別開始ページの記載なし（親見出しの開始ページは284）"
"新刊","那珂市史","地誌編","Ⅸ 瓜連地区","２ 瓜連地区・中里地区・古徳地区・鹿島（瓜連分）地区・平野地区","＜瓜連城＞","","https://www.city.naka.lg.jp/data/doc/1745047723_doc_902_0.pdf","目次に個別開始ページの記載なし（親見出しの開始ページは284）"
"新刊","那珂市史","地誌編","Ⅸ 瓜連地区","２ 瓜連地区・中里地区・古徳地区・鹿島（瓜連分）地区・平野地区","本郭","","https://www.city.naka.lg.jp/data/doc/1745047723_doc_902_0.pdf","目次に個別開始ページの記載なし（親見出しの開始ページは284）"
"新刊","那珂市史","地誌編","Ⅸ 瓜連地区","２ 瓜連地区・中里地区・古徳地区・鹿島（瓜連分）地区・平野地区","惣構え","","https://www.city.naka.lg.jp/data/doc/1745047723_doc_902_0.pdf","目次に個別開始ページの記載なし（親見出しの開始ページは284）"
"新刊","那珂市史","地誌編","Ⅸ 瓜連地区","２ 瓜連地区・中里地区・古徳地区・鹿島（瓜連分）地区・平野地区","＜古徳城＞","","https://www.city.naka.lg.jp/data/doc/1745047723_doc_902_0.pdf","目次に個別開始ページの記載なし（親見出しの開始ページは284）"
"新刊","那珂市史","地誌編","Ⅸ 瓜連地区","２ 瓜連地区・中里地区・古徳地区・鹿島（瓜連分）地区・平野地区","近世","301","https://www.city.naka.lg.jp/data/doc/1745047723_doc_902_0.pdf",""
"新刊","那珂市史","地誌編","Ⅸ 瓜連地区","２ 瓜連地区・中里地区・古徳地区・鹿島（瓜連分）地区・平野地区","＜浄鑑院（武田信吉菩提寺）と常福寺（同位牌所）の変遷＞","","https://www.city.naka.lg.jp/data/doc/1745047723_doc_902_0.pdf","目次に個別開始ページの記載なし（親見出しの開始ページは301）"
"新刊","那珂市史","地誌編","Ⅸ 瓜連地区","２ 瓜連地区・中里地区・古徳地区・鹿島（瓜連分）地区・平野地区","＜寛永検地と村高＞","","https://www.city.naka.lg.jp/data/doc/1745047723_doc_902_0.pdf","目次に個別開始ページの記載なし（親見出しの開始ページは301）"
"新刊","那珂市史","地誌編","Ⅸ 瓜連地区","２ 瓜連地区・中里地区・古徳地区・鹿島（瓜連分）地区・平野地区","＜素鵞神社＞","","https://www.city.naka.lg.jp/data/doc/1745047723_doc_902_0.pdf","目次に個別開始ページの記載なし（親見出しの開始ページは301）"
"新刊","那珂市史","地誌編","Ⅸ 瓜連地区","２ 瓜連地区・中里地区・古徳地区・鹿島（瓜連分）地区・平野地区","＜富士神社と箱根神社、鹿島神社＞","","https://www.city.naka.lg.jp/data/doc/1745047723_doc_902_0.pdf","目次に個別開始ページの記載なし（親見出しの開始ページは301）"
"新刊","那珂市史","地誌編","Ⅸ 瓜連地区","２ 瓜連地区・中里地区・古徳地区・鹿島（瓜連分）地区・平野地区","富士神社","","https://www.city.naka.lg.jp/data/doc/1745047723_doc_902_0.pdf","目次に個別開始ページの記載なし（親見出しの開始ページは301）"
"新刊","那珂市史","地誌編","Ⅸ 瓜連地区","２ 瓜連地区・中里地区・古徳地区・鹿島（瓜連分）地区・平野地区","箱根神社","","https://www.city.naka.lg.jp/data/doc/1745047723_doc_902_0.pdf","目次に個別開始ページの記載なし（親見出しの開始ページは301）"
"新刊","那珂市史","地誌編","Ⅸ 瓜連地区","２ 瓜連地区・中里地区・古徳地区・鹿島（瓜連分）地区・平野地区","鹿島神社","","https://www.city.naka.lg.jp/data/doc/1745047723_doc_902_0.pdf","目次に個別開始ページの記載なし（親見出しの開始ページは301）"
"新刊","那珂市史","地誌編","Ⅸ 瓜連地区","２ 瓜連地区・中里地区・古徳地区・鹿島（瓜連分）地区・平野地区","＜岩崎用水、古徳溜池＞","","https://www.city.naka.lg.jp/data/doc/1745047723_doc_902_0.pdf","目次に個別開始ページの記載なし（親見出しの開始ページは301）"
"新刊","那珂市史","地誌編","Ⅸ 瓜連地区","２ 瓜連地区・中里地区・古徳地区・鹿島（瓜連分）地区・平野地区","承応元年岩崎用水の造成","","https://www.city.naka.lg.jp/data/doc/1745047723_doc_902_0.pdf","目次に個別開始ページの記載なし（親見出しの開始ページは301）"
"新刊","那珂市史","地誌編","Ⅸ 瓜連地区","２ 瓜連地区・中里地区・古徳地区・鹿島（瓜連分）地区・平野地区","元禄14年古徳溜池の拡張","","https://www.city.naka.lg.jp/data/doc/1745047723_doc_902_0.pdf","目次に個別開始ページの記載なし（親見出しの開始ページは301）"
"新刊","那珂市史","地誌編","Ⅸ 瓜連地区","２ 瓜連地区・中里地区・古徳地区・鹿島（瓜連分）地区・平野地区","＜享保11年の瓜連・下大賀・静村の商業＞","","https://www.city.naka.lg.jp/data/doc/1745047723_doc_902_0.pdf","目次に個別開始ページの記載なし（親見出しの開始ページは301）"
"新刊","那珂市史","地誌編","Ⅸ 瓜連地区","２ 瓜連地区・中里地区・古徳地区・鹿島（瓜連分）地区・平野地区","＜享保10年の瓜連村への達書＞","","https://www.city.naka.lg.jp/data/doc/1745047723_doc_902_0.pdf","目次に個別開始ページの記載なし（親見出しの開始ページは301）"
"新刊","那珂市史","地誌編","Ⅸ 瓜連地区","２ 瓜連地区・中里地区・古徳地区・鹿島（瓜連分）地区・平野地区","＜文化４年『水府志料』に見る瓜連地域の村々＞","","https://www.city.naka.lg.jp/data/doc/1745047723_doc_902_0.pdf","目次に個別開始ページの記載なし（親見出しの開始ページは301）"
"新刊","那珂市史","地誌編","Ⅸ 瓜連地区","２ 瓜連地区・中里地区・古徳地区・鹿島（瓜連分）地区・平野地区","瓜連村","","https://www.city.naka.lg.jp/data/doc/1745047723_doc_902_0.pdf","目次に個別開始ページの記載なし（親見出しの開始ページは301）"
"新刊","那珂市史","地誌編","Ⅸ 瓜連地区","２ 瓜連地区・中里地区・古徳地区・鹿島（瓜連分）地区・平野地区","白蓮塚の由来","","https://www.city.naka.lg.jp/data/doc/1745047723_doc_902_0.pdf","目次に個別開始ページの記載なし（親見出しの開始ページは301）"
"新刊","那珂市史","地誌編","Ⅸ 瓜連地区","２ 瓜連地区・中里地区・古徳地区・鹿島（瓜連分）地区・平野地区","けぜう坂の由来","","https://www.city.naka.lg.jp/data/doc/1745047723_doc_902_0.pdf","目次に個別開始ページの記載なし（親見出しの開始ページは301）"
"新刊","那珂市史","地誌編","Ⅸ 瓜連地区","２ 瓜連地区・中里地区・古徳地区・鹿島（瓜連分）地区・平野地区","磯崎村","","https://www.city.naka.lg.jp/data/doc/1745047723_doc_902_0.pdf","目次に個別開始ページの記載なし（親見出しの開始ページは301）"
"新刊","那珂市史","地誌編","Ⅸ 瓜連地区","２ 瓜連地区・中里地区・古徳地区・鹿島（瓜連分）地区・平野地区","八幡瀬","","https://www.city.naka.lg.jp/data/doc/1745047723_doc_902_0.pdf","目次に個別開始ページの記載なし（親見出しの開始ページは301）"
"新刊","那珂市史","地誌編","Ⅸ 瓜連地区","２ 瓜連地区・中里地区・古徳地区・鹿島（瓜連分）地区・平野地区","古徳村","","https://www.city.naka.lg.jp/data/doc/1745047723_doc_902_0.pdf","目次に個別開始ページの記載なし（親見出しの開始ページは301）"
"新刊","那珂市史","地誌編","Ⅸ 瓜連地区","２ 瓜連地区・中里地区・古徳地区・鹿島（瓜連分）地区・平野地区","古館⎜古徳城","","https://www.city.naka.lg.jp/data/doc/1745047723_doc_902_0.pdf","目次に個別開始ページの記載なし（親見出しの開始ページは301）"
"新刊","那珂市史","地誌編","Ⅸ 瓜連地区","２ 瓜連地区・中里地区・古徳地区・鹿島（瓜連分）地区・平野地区","中里村","","https://www.city.naka.lg.jp/data/doc/1745047723_doc_902_0.pdf","目次に個別開始ページの記載なし（親見出しの開始ページは301）"
"新刊","那珂市史","地誌編","Ⅸ 瓜連地区","２ 瓜連地区・中里地区・古徳地区・鹿島（瓜連分）地区・平野地区","秣野","","https://www.city.naka.lg.jp/data/doc/1745047723_doc_902_0.pdf","目次に個別開始ページの記載なし（親見出しの開始ページは301）"
"新刊","那珂市史","地誌編","Ⅸ 瓜連地区","２ 瓜連地区・中里地区・古徳地区・鹿島（瓜連分）地区・平野地区","＜天保３年『瓜連村軒別帳』＞","","https://www.city.naka.lg.jp/data/doc/1745047723_doc_902_0.pdf","目次に個別開始ページの記載なし（親見出しの開始ページは301）"
"新刊","那珂市史","地誌編","Ⅸ 瓜連地区","２ 瓜連地区・中里地区・古徳地区・鹿島（瓜連分）地区・平野地区","＜八幡瀬はどこにあったのか＞","","https://www.city.naka.lg.jp/data/doc/1745047723_doc_902_0.pdf","目次に個別開始ページの記載なし（親見出しの開始ページは301）"
"新刊","那珂市史","地誌編","Ⅸ 瓜連地区","２ 瓜連地区・中里地区・古徳地区・鹿島（瓜連分）地区・平野地区","＜天保改革での廃仏毀釈＞","","https://www.city.naka.lg.jp/data/doc/1745047723_doc_902_0.pdf","目次に個別開始ページの記載なし（親見出しの開始ページは301）"
"新刊","那珂市史","地誌編","Ⅸ 瓜連地区","２ 瓜連地区・中里地区・古徳地区・鹿島（瓜連分）地区・平野地区","近代","309","https://www.city.naka.lg.jp/data/doc/1745047723_doc_902_0.pdf",""
"新刊","那珂市史","地誌編","Ⅸ 瓜連地区","２ 瓜連地区・中里地区・古徳地区・鹿島（瓜連分）地区・平野地区","＜明治18年『地誌材料稿』による瓜連村＞","","https://www.city.naka.lg.jp/data/doc/1745047723_doc_902_0.pdf","目次に個別開始ページの記載なし（親見出しの開始ページは309）"
"新刊","那珂市史","地誌編","Ⅸ 瓜連地区","２ 瓜連地区・中里地区・古徳地区・鹿島（瓜連分）地区・平野地区","沿革","","https://www.city.naka.lg.jp/data/doc/1745047723_doc_902_0.pdf","目次に個別開始ページの記載なし（親見出しの開始ページは309）"
"新刊","那珂市史","地誌編","Ⅸ 瓜連地区","２ 瓜連地区・中里地区・古徳地区・鹿島（瓜連分）地区・平野地区","位置","","https://www.city.naka.lg.jp/data/doc/1745047723_doc_902_0.pdf","目次に個別開始ページの記載なし（親見出しの開始ページは309）"
"新刊","那珂市史","地誌編","Ⅸ 瓜連地区","２ 瓜連地区・中里地区・古徳地区・鹿島（瓜連分）地区・平野地区","地味","","https://www.city.naka.lg.jp/data/doc/1745047723_doc_902_0.pdf","目次に個別開始ページの記載なし（親見出しの開始ページは309）"
"新刊","那珂市史","地誌編","Ⅸ 瓜連地区","２ 瓜連地区・中里地区・古徳地区・鹿島（瓜連分）地区・平野地区","地勢","","https://www.city.naka.lg.jp/data/doc/1745047723_doc_902_0.pdf","目次に個別開始ページの記載なし（親見出しの開始ページは309）"
"新刊","那珂市史","地誌編","Ⅸ 瓜連地区","２ 瓜連地区・中里地区・古徳地区・鹿島（瓜連分）地区・平野地区","人口","","https://www.city.naka.lg.jp/data/doc/1745047723_doc_902_0.pdf","目次に個別開始ページの記載なし（親見出しの開始ページは309）"
"新刊","那珂市史","地誌編","Ⅸ 瓜連地区","２ 瓜連地区・中里地区・古徳地区・鹿島（瓜連分）地区・平野地区","役所施設","","https://www.city.naka.lg.jp/data/doc/1745047723_doc_902_0.pdf","目次に個別開始ページの記載なし（親見出しの開始ページは309）"
"新刊","那珂市史","地誌編","Ⅸ 瓜連地区","２ 瓜連地区・中里地区・古徳地区・鹿島（瓜連分）地区・平野地区","寺社","","https://www.city.naka.lg.jp/data/doc/1745047723_doc_902_0.pdf","目次に個別開始ページの記載なし（親見出しの開始ページは309）"
"新刊","那珂市史","地誌編","Ⅸ 瓜連地区","２ 瓜連地区・中里地区・古徳地区・鹿島（瓜連分）地区・平野地区","道、河川","","https://www.city.naka.lg.jp/data/doc/1745047723_doc_902_0.pdf","目次に個別開始ページの記載なし（親見出しの開始ページは309）"
"新刊","那珂市史","地誌編","Ⅸ 瓜連地区","２ 瓜連地区・中里地区・古徳地区・鹿島（瓜連分）地区・平野地区","古跡","","https://www.city.naka.lg.jp/data/doc/1745047723_doc_902_0.pdf","目次に個別開始ページの記載なし（親見出しの開始ページは309）"
"新刊","那珂市史","地誌編","Ⅸ 瓜連地区","２ 瓜連地区・中里地区・古徳地区・鹿島（瓜連分）地区・平野地区","物産","","https://www.city.naka.lg.jp/data/doc/1745047723_doc_902_0.pdf","目次に個別開始ページの記載なし（親見出しの開始ページは309）"
"新刊","那珂市史","地誌編","Ⅸ 瓜連地区","２ 瓜連地区・中里地区・古徳地区・鹿島（瓜連分）地区・平野地区","民業","","https://www.city.naka.lg.jp/data/doc/1745047723_doc_902_0.pdf","目次に個別開始ページの記載なし（親見出しの開始ページは309）"
"新刊","那珂市史","地誌編","Ⅸ 瓜連地区","２ 瓜連地区・中里地区・古徳地区・鹿島（瓜連分）地区・平野地区","＜昭和９年、瓜連村から瓜連町へ変更＞","","https://www.city.naka.lg.jp/data/doc/1745047723_doc_902_0.pdf","目次に個別開始ページの記載なし（親見出しの開始ページは309）"
"新刊","那珂市史","地誌編","Ⅸ 瓜連地区","２ 瓜連地区・中里地区・古徳地区・鹿島（瓜連分）地区・平野地区","＜昭和34年、瓜連町長岩上二郎茨城県知事となる＞","","https://www.city.naka.lg.jp/data/doc/1745047723_doc_902_0.pdf","目次に個別開始ページの記載なし（親見出しの開始ページは309）"
"新刊","那珂市史","地誌編","Ⅸ 瓜連地区","２ 瓜連地区・中里地区・古徳地区・鹿島（瓜連分）地区・平野地区","＜昭和41年、古徳沼の白鳥飛来＞","","https://www.city.naka.lg.jp/data/doc/1745047723_doc_902_0.pdf","目次に個別開始ページの記載なし（親見出しの開始ページは309）"
"新刊","那珂市史","地誌編","Ⅸ 瓜連地区","２ 瓜連地区・中里地区・古徳地区・鹿島（瓜連分）地区・平野地区","＜平野台住宅＞","","https://www.city.naka.lg.jp/data/doc/1745047723_doc_902_0.pdf","目次に個別開始ページの記載なし（親見出しの開始ページは309）"
"新刊","那珂市史","地誌編","Ⅸ 瓜連地区","２ 瓜連地区・中里地区・古徳地区・鹿島（瓜連分）地区・平野地区","＜総合センターらぽーるの建設＞","","https://www.city.naka.lg.jp/data/doc/1745047723_doc_902_0.pdf","目次に個別開始ページの記載なし（親見出しの開始ページは309）"
"新刊","那珂市史","地誌編","Ⅸ 瓜連地区","２ 瓜連地区・中里地区・古徳地区・鹿島（瓜連分）地区・平野地区","＜平成17年、瓜連町と那珂町が合併して那珂市となる＞","","https://www.city.naka.lg.jp/data/doc/1745047723_doc_902_0.pdf","目次に個別開始ページの記載なし（親見出しの開始ページは309）"
"新刊","那珂市史","地誌編","Ⅸ 瓜連地区","２ 瓜連地区・中里地区・古徳地区・鹿島（瓜連分）地区・平野地区","小字名","","https://www.city.naka.lg.jp/data/doc/1745047723_doc_902_0.pdf","目次に個別開始ページの記載なし（親見出しの開始ページは309）"
"新刊","那珂市史","地誌編","Ⅸ 瓜連地区","２ 瓜連地区・中里地区・古徳地区・鹿島（瓜連分）地区・平野地区","小字の由来","","https://www.city.naka.lg.jp/data/doc/1745047723_doc_902_0.pdf","目次に個別開始ページの記載なし（親見出しの開始ページは309）"
"新刊","那珂市史","地誌編","Ⅸ 瓜連地区","２ 瓜連地区・中里地区・古徳地区・鹿島（瓜連分）地区・平野地区","＜瓜連地区小字図＞","","https://www.city.naka.lg.jp/data/doc/1745047723_doc_902_0.pdf","目次に個別開始ページの記載なし（親見出しの開始ページは309）"
"新刊","那珂市史","地誌編","Ⅸ 瓜連地区","２ 瓜連地区・中里地区・古徳地区・鹿島（瓜連分）地区・平野地区","＜中里地区小字図＞","","https://www.city.naka.lg.jp/data/doc/1745047723_doc_902_0.pdf","目次に個別開始ページの記載なし（親見出しの開始ページは309）"
"新刊","那珂市史","地誌編","Ⅸ 瓜連地区","２ 瓜連地区・中里地区・古徳地区・鹿島（瓜連分）地区・平野地区","＜古徳地区小字図＞","","https://www.city.naka.lg.jp/data/doc/1745047723_doc_902_0.pdf","目次に個別開始ページの記載なし（親見出しの開始ページは309）"
"新刊","那珂市史","地誌編","Ⅸ 瓜連地区","２ 瓜連地区・中里地区・古徳地区・鹿島（瓜連分）地区・平野地区","＜鹿島（瓜連）地区小字図＞","","https://www.city.naka.lg.jp/data/doc/1745047723_doc_902_0.pdf","目次に個別開始ページの記載なし（親見出しの開始ページは309）"
"新刊","那珂市史","地誌編","Ⅸ 瓜連地区","２ 瓜連地区・中里地区・古徳地区・鹿島（瓜連分）地区・平野地区","＜平野地区小字図＞","","https://www.city.naka.lg.jp/data/doc/1745047723_doc_902_0.pdf","目次に個別開始ページの記載なし（親見出しの開始ページは309）"
"新刊","那珂市史","地誌編","","","那珂市史略年表","321","https://www.city.naka.lg.jp/data/doc/1745047723_doc_902_0.pdf",""
"新刊","那珂市史","地誌編","","","あとがき","336","https://www.city.naka.lg.jp/data/doc/1745047723_doc_902_0.pdf",""
"1","那珂町史","自然環境・原始古代編","","","口絵","","https://www.city.naka.lg.jp/data/doc/1745047405_doc_902_0.pdf","目次に開始ページの記載なし"
"1","那珂町史","自然環境・原始古代編","","","発刊のことば","1","https://www.city.naka.lg.jp/data/doc/1745047405_doc_902_0.pdf",""
"1","那珂町史","自然環境・原始古代編","","","凡例","3","https://www.city.naka.lg.jp/data/doc/1745047405_doc_902_0.pdf",""
"1","那珂町史","自然環境・原始古代編","","","総論　那珂町の原始・古代の特色","15","https://www.city.naka.lg.jp/data/doc/1745047405_doc_902_0.pdf",""
"1","那珂町史","自然環境・原始古代編","第一章　自然環境","","","39","https://www.city.naka.lg.jp/data/doc/1745047405_doc_902_0.pdf",""
"1","那珂町史","自然環境・原始古代編","第一章　自然環境","第一節　那珂町の地理的位置","","39","https://www.city.naka.lg.jp/data/doc/1745047405_doc_902_0.pdf",""
"1","那珂町史","自然環境・原始古代編","第一章　自然環境","第二節　地形と地質","","49","https://www.city.naka.lg.jp/data/doc/1745047405_doc_902_0.pdf",""
"1","那珂町史","自然環境・原始古代編","第一章　自然環境","第二節　地形と地質","地形","49","https://www.city.naka.lg.jp/data/doc/1745047405_doc_902_0.pdf",""
"1","那珂町史","自然環境・原始古代編","第一章　自然環境","第二節　地形と地質","地質","54","https://www.city.naka.lg.jp/data/doc/1745047405_doc_902_0.pdf",""
"1","那珂町史","自然環境・原始古代編","第一章　自然環境","第二節　地形と地質","化石","82","https://www.city.naka.lg.jp/data/doc/1745047405_doc_902_0.pdf",""
"1","那珂町史","自然環境・原始古代編","第一章　自然環境","第三節　気候","","93","https://www.city.naka.lg.jp/data/doc/1745047405_doc_902_0.pdf",""
"1","那珂町史","自然環境・原始古代編","第一章　自然環境","第三節　気候","那珂町の気候","95","https://www.city.naka.lg.jp/data/doc/1745047405_doc_902_0.pdf",""
"1","那珂町史","自然環境・原始古代編","第一章　自然環境","第三節　気候","気象の特性","102","https://www.city.naka.lg.jp/data/doc/1745047405_doc_902_0.pdf",""
"1","那珂町史","自然環境・原始古代編","第一章　自然環境","第三節　気候","那珂町の天気俚言","110","https://www.city.naka.lg.jp/data/doc/1745047405_doc_902_0.pdf",""
"1","那珂町史","自然環境・原始古代編","第一章　自然環境","第四節　植物と動物","","112","https://www.city.naka.lg.jp/data/doc/1745047405_doc_902_0.pdf",""
"1","那珂町史","自然環境・原始古代編","第一章　自然環境","第四節　植物と動物","概説","112","https://www.city.naka.lg.jp/data/doc/1745047405_doc_902_0.pdf",""
"1","那珂町史","自然環境・原始古代編","第一章　自然環境","第四節　植物と動物","植物","118","https://www.city.naka.lg.jp/data/doc/1745047405_doc_902_0.pdf",""
"1","那珂町史","自然環境・原始古代編","第一章　自然環境","第四節　植物と動物","動物","119","https://www.city.naka.lg.jp/data/doc/1745047405_doc_902_0.pdf",""
"1","那珂町史","自然環境・原始古代編","第一章　自然環境","第四節　植物と動物","天然記念物","119","https://www.city.naka.lg.jp/data/doc/1745047405_doc_902_0.pdf",""
"1","那珂町史","自然環境・原始古代編","第一章　自然環境","第四節　植物と動物","県の自然観察施設","132","https://www.city.naka.lg.jp/data/doc/1745047405_doc_902_0.pdf",""
"1","那珂町史","自然環境・原始古代編","第二章　那珂台地のあけぼの","","","139","https://www.city.naka.lg.jp/data/doc/1745047405_doc_902_0.pdf",""
"1","那珂町史","自然環境・原始古代編","第二章　那珂台地のあけぼの","第一節　原始・古代の舞台","","143","https://www.city.naka.lg.jp/data/doc/1745047405_doc_902_0.pdf",""
"1","那珂町史","自然環境・原始古代編","第二章　那珂台地のあけぼの","第二節　額田大宮遺跡と細石刃文化","","152","https://www.city.naka.lg.jp/data/doc/1745047405_doc_902_0.pdf",""
"1","那珂町史","自然環境・原始古代編","第二章　那珂台地のあけぼの","第三節　那珂町の遺跡","","164","https://www.city.naka.lg.jp/data/doc/1745047405_doc_902_0.pdf",""
"1","那珂町史","自然環境・原始古代編","第二章　那珂台地のあけぼの","第三節　那珂町の遺跡","1　岸桂寺遺跡","164","https://www.city.naka.lg.jp/data/doc/1745047405_doc_902_0.pdf",""
"1","那珂町史","自然環境・原始古代編","第二章　那珂台地のあけぼの","第三節　那珂町の遺跡","2　伊達遺跡","166","https://www.city.naka.lg.jp/data/doc/1745047405_doc_902_0.pdf",""
"1","那珂町史","自然環境・原始古代編","第二章　那珂台地のあけぼの","第三節　那珂町の遺跡","3　新地遺跡","166","https://www.city.naka.lg.jp/data/doc/1745047405_doc_902_0.pdf",""
"1","那珂町史","自然環境・原始古代編","第二章　那珂台地のあけぼの","第三節　那珂町の遺跡","4　額田大宮遺跡","170","https://www.city.naka.lg.jp/data/doc/1745047405_doc_902_0.pdf",""
"1","那珂町史","自然環境・原始古代編","第二章　那珂台地のあけぼの","第三節　那珂町の遺跡","5　森戸遺跡","173","https://www.city.naka.lg.jp/data/doc/1745047405_doc_902_0.pdf",""
"1","那珂町史","自然環境・原始古代編","第二章　那珂台地のあけぼの","第三節　那珂町の遺跡","6　富士山遺跡","173","https://www.city.naka.lg.jp/data/doc/1745047405_doc_902_0.pdf",""
"1","那珂町史","自然環境・原始古代編","第二章　那珂台地のあけぼの","第三節　那珂町の遺跡","7　北坪遺跡","173","https://www.city.naka.lg.jp/data/doc/1745047405_doc_902_0.pdf",""
"1","那珂町史","自然環境・原始古代編","第三章　久慈川、那珂川流域の縄文文化","","","175","https://www.city.naka.lg.jp/data/doc/1745047405_doc_902_0.pdf",""
"1","那珂町史","自然環境・原始古代編","第三章　久慈川、那珂川流域の縄文文化","第一節　縄文時代土器の展開","","175","https://www.city.naka.lg.jp/data/doc/1745047405_doc_902_0.pdf",""
"1","那珂町史","自然環境・原始古代編","第三章　久慈川、那珂川流域の縄文文化","第一節　縄文時代土器の展開","土器の起源論争","175","https://www.city.naka.lg.jp/data/doc/1745047405_doc_902_0.pdf",""
"1","那珂町史","自然環境・原始古代編","第三章　久慈川、那珂川流域の縄文文化","第一節　縄文時代土器の展開","草創期・早期","178","https://www.city.naka.lg.jp/data/doc/1745047405_doc_902_0.pdf",""
"1","那珂町史","自然環境・原始古代編","第三章　久慈川、那珂川流域の縄文文化","第一節　縄文時代土器の展開","縄文前期","187","https://www.city.naka.lg.jp/data/doc/1745047405_doc_902_0.pdf",""
"1","那珂町史","自然環境・原始古代編","第三章　久慈川、那珂川流域の縄文文化","第一節　縄文時代土器の展開","縄文中期","191","https://www.city.naka.lg.jp/data/doc/1745047405_doc_902_0.pdf",""
"1","那珂町史","自然環境・原始古代編","第三章　久慈川、那珂川流域の縄文文化","第一節　縄文時代土器の展開","縄文後期","193","https://www.city.naka.lg.jp/data/doc/1745047405_doc_902_0.pdf",""
"1","那珂町史","自然環境・原始古代編","第三章　久慈川、那珂川流域の縄文文化","第一節　縄文時代土器の展開","縄文晩期","195","https://www.city.naka.lg.jp/data/doc/1745047405_doc_902_0.pdf",""
"1","那珂町史","自然環境・原始古代編","第三章　久慈川、那珂川流域の縄文文化","第二節　縄文時代の住居と集落","","198","https://www.city.naka.lg.jp/data/doc/1745047405_doc_902_0.pdf",""
"1","那珂町史","自然環境・原始古代編","第三章　久慈川、那珂川流域の縄文文化","第三節　日常生活の諸相","","201","https://www.city.naka.lg.jp/data/doc/1745047405_doc_902_0.pdf",""
"1","那珂町史","自然環境・原始古代編","第三章　久慈川、那珂川流域の縄文文化","第三節　日常生活の諸相","家族総出の労働","203","https://www.city.naka.lg.jp/data/doc/1745047405_doc_902_0.pdf",""
"1","那珂町史","自然環境・原始古代編","第三章　久慈川、那珂川流域の縄文文化","第三節　日常生活の諸相","変化に富む日常生活","206","https://www.city.naka.lg.jp/data/doc/1745047405_doc_902_0.pdf",""
"1","那珂町史","自然環境・原始古代編","第三章　久慈川、那珂川流域の縄文文化","第四節　呪術と禁忌","","213","https://www.city.naka.lg.jp/data/doc/1745047405_doc_902_0.pdf",""
"1","那珂町史","自然環境・原始古代編","第三章　久慈川、那珂川流域の縄文文化","第五節　那珂町の遺跡","","220","https://www.city.naka.lg.jp/data/doc/1745047405_doc_902_0.pdf",""
"1","那珂町史","自然環境・原始古代編","第三章　久慈川、那珂川流域の縄文文化","第五節　那珂町の遺跡","遺跡の分布","220","https://www.city.naka.lg.jp/data/doc/1745047405_doc_902_0.pdf",""
"1","那珂町史","自然環境・原始古代編","第三章　久慈川、那珂川流域の縄文文化","第五節　那珂町の遺跡","遺跡の立地","223","https://www.city.naka.lg.jp/data/doc/1745047405_doc_902_0.pdf",""
"1","那珂町史","自然環境・原始古代編","第三章　久慈川、那珂川流域の縄文文化","第五節　那珂町の遺跡","1　外宿遺跡","229","https://www.city.naka.lg.jp/data/doc/1745047405_doc_902_0.pdf",""
"1","那珂町史","自然環境・原始古代編","第三章　久慈川、那珂川流域の縄文文化","第五節　那珂町の遺跡","2　籠内遺跡","230","https://www.city.naka.lg.jp/data/doc/1745047405_doc_902_0.pdf",""
"1","那珂町史","自然環境・原始古代編","第三章　久慈川、那珂川流域の縄文文化","第五節　那珂町の遺跡","3・4　六人堂遺跡","256","https://www.city.naka.lg.jp/data/doc/1745047405_doc_902_0.pdf",""
"1","那珂町史","自然環境・原始古代編","第三章　久慈川、那珂川流域の縄文文化","第五節　那珂町の遺跡","5　白鳥遺跡","256","https://www.city.naka.lg.jp/data/doc/1745047405_doc_902_0.pdf",""
"1","那珂町史","自然環境・原始古代編","第三章　久慈川、那珂川流域の縄文文化","第五節　那珂町の遺跡","6　沢頭A遺跡","258","https://www.city.naka.lg.jp/data/doc/1745047405_doc_902_0.pdf",""
"1","那珂町史","自然環境・原始古代編","第三章　久慈川、那珂川流域の縄文文化","第五節　那珂町の遺跡","7　沢頭B遺跡","258","https://www.city.naka.lg.jp/data/doc/1745047405_doc_902_0.pdf",""
"1","那珂町史","自然環境・原始古代編","第三章　久慈川、那珂川流域の縄文文化","第五節　那珂町の遺跡","8　矢場遺跡","259","https://www.city.naka.lg.jp/data/doc/1745047405_doc_902_0.pdf",""
"1","那珂町史","自然環境・原始古代編","第三章　久慈川、那珂川流域の縄文文化","第五節　那珂町の遺跡","9　貯山遺跡","259","https://www.city.naka.lg.jp/data/doc/1745047405_doc_902_0.pdf",""
"1","那珂町史","自然環境・原始古代編","第三章　久慈川、那珂川流域の縄文文化","第五節　那珂町の遺跡","10　坂下遺跡","263","https://www.city.naka.lg.jp/data/doc/1745047405_doc_902_0.pdf",""
"1","那珂町史","自然環境・原始古代編","第三章　久慈川、那珂川流域の縄文文化","第五節　那珂町の遺跡","11　柄目遺跡","264","https://www.city.naka.lg.jp/data/doc/1745047405_doc_902_0.pdf",""
"1","那珂町史","自然環境・原始古代編","第三章　久慈川、那珂川流域の縄文文化","第五節　那珂町の遺跡","12　中田遺跡","264","https://www.city.naka.lg.jp/data/doc/1745047405_doc_902_0.pdf",""
"1","那珂町史","自然環境・原始古代編","第三章　久慈川、那珂川流域の縄文文化","第五節　那珂町の遺跡","13　横宿遺跡","265","https://www.city.naka.lg.jp/data/doc/1745047405_doc_902_0.pdf",""
"1","那珂町史","自然環境・原始古代編","第三章　久慈川、那珂川流域の縄文文化","第五節　那珂町の遺跡","14　森戸遺跡","265","https://www.city.naka.lg.jp/data/doc/1745047405_doc_902_0.pdf",""
"1","那珂町史","自然環境・原始古代編","第三章　久慈川、那珂川流域の縄文文化","第五節　那珂町の遺跡","15　西塙遺跡","276","https://www.city.naka.lg.jp/data/doc/1745047405_doc_902_0.pdf",""
"1","那珂町史","自然環境・原始古代編","第三章　久慈川、那珂川流域の縄文文化","第五節　那珂町の遺跡","16　額田大宮遺跡","276","https://www.city.naka.lg.jp/data/doc/1745047405_doc_902_0.pdf",""
"1","那珂町史","自然環境・原始古代編","第三章　久慈川、那珂川流域の縄文文化","第五節　那珂町の遺跡","17　伊達遺跡","278","https://www.city.naka.lg.jp/data/doc/1745047405_doc_902_0.pdf",""
"1","那珂町史","自然環境・原始古代編","第三章　久慈川、那珂川流域の縄文文化","第五節　那珂町の遺跡","18　永井遺跡","278","https://www.city.naka.lg.jp/data/doc/1745047405_doc_902_0.pdf",""
"1","那珂町史","自然環境・原始古代編","第三章　久慈川、那珂川流域の縄文文化","第五節　那珂町の遺跡","19　畑中遺跡","283","https://www.city.naka.lg.jp/data/doc/1745047405_doc_902_0.pdf",""
"1","那珂町史","自然環境・原始古代編","第三章　久慈川、那珂川流域の縄文文化","第五節　那珂町の遺跡","20　天神小屋遺跡","283","https://www.city.naka.lg.jp/data/doc/1745047405_doc_902_0.pdf",""
"1","那珂町史","自然環境・原始古代編","第三章　久慈川、那珂川流域の縄文文化","第五節　那珂町の遺跡","21　富士山遺跡","283","https://www.city.naka.lg.jp/data/doc/1745047405_doc_902_0.pdf",""
"1","那珂町史","自然環境・原始古代編","第三章　久慈川、那珂川流域の縄文文化","第五節　那珂町の遺跡","22　東の前遺跡","284","https://www.city.naka.lg.jp/data/doc/1745047405_doc_902_0.pdf",""
"1","那珂町史","自然環境・原始古代編","第三章　久慈川、那珂川流域の縄文文化","第五節　那珂町の遺跡","23　石井戸遺跡","294","https://www.city.naka.lg.jp/data/doc/1745047405_doc_902_0.pdf",""
"1","那珂町史","自然環境・原始古代編","第三章　久慈川、那珂川流域の縄文文化","第五節　那珂町の遺跡","24　山王原遺跡","294","https://www.city.naka.lg.jp/data/doc/1745047405_doc_902_0.pdf",""
"1","那珂町史","自然環境・原始古代編","第三章　久慈川、那珂川流域の縄文文化","第五節　那珂町の遺跡","25　台坪遺跡","294","https://www.city.naka.lg.jp/data/doc/1745047405_doc_902_0.pdf",""
"1","那珂町史","自然環境・原始古代編","第三章　久慈川、那珂川流域の縄文文化","第五節　那珂町の遺跡","26　松原遺跡","295","https://www.city.naka.lg.jp/data/doc/1745047405_doc_902_0.pdf",""
"1","那珂町史","自然環境・原始古代編","第三章　久慈川、那珂川流域の縄文文化","第五節　那珂町の遺跡","27　門部遺跡","297","https://www.city.naka.lg.jp/data/doc/1745047405_doc_902_0.pdf",""
"1","那珂町史","自然環境・原始古代編","第三章　久慈川、那珂川流域の縄文文化","第五節　那珂町の遺跡","28　北坪遺跡","297","https://www.city.naka.lg.jp/data/doc/1745047405_doc_902_0.pdf",""
"1","那珂町史","自然環境・原始古代編","第三章　久慈川、那珂川流域の縄文文化","第五節　那珂町の遺跡","29　台遺跡","299","https://www.city.naka.lg.jp/data/doc/1745047405_doc_902_0.pdf",""
"1","那珂町史","自然環境・原始古代編","第三章　久慈川、那珂川流域の縄文文化","第五節　那珂町の遺跡","30　谷津向遺跡","299","https://www.city.naka.lg.jp/data/doc/1745047405_doc_902_0.pdf",""
"1","那珂町史","自然環境・原始古代編","第三章　久慈川、那珂川流域の縄文文化","第五節　那珂町の遺跡","31　京塚遺跡","302","https://www.city.naka.lg.jp/data/doc/1745047405_doc_902_0.pdf",""
"1","那珂町史","自然環境・原始古代編","第三章　久慈川、那珂川流域の縄文文化","第五節　那珂町の遺跡","32　一ッケ遺跡","302","https://www.city.naka.lg.jp/data/doc/1745047405_doc_902_0.pdf",""
"1","那珂町史","自然環境・原始古代編","第三章　久慈川、那珂川流域の縄文文化","第五節　那珂町の遺跡","33　天神山遺跡","303","https://www.city.naka.lg.jp/data/doc/1745047405_doc_902_0.pdf",""
"1","那珂町史","自然環境・原始古代編","第三章　久慈川、那珂川流域の縄文文化","第五節　那珂町の遺跡","34　中台・津田遺跡","303","https://www.city.naka.lg.jp/data/doc/1745047405_doc_902_0.pdf",""
"1","那珂町史","自然環境・原始古代編","第三章　久慈川、那珂川流域の縄文文化","第五節　那珂町の遺跡","35　中台遺跡","310","https://www.city.naka.lg.jp/data/doc/1745047405_doc_902_0.pdf",""
"1","那珂町史","自然環境・原始古代編","第三章　久慈川、那珂川流域の縄文文化","第五節　那珂町の遺跡","36　中台東遺跡","310","https://www.city.naka.lg.jp/data/doc/1745047405_doc_902_0.pdf",""
"1","那珂町史","自然環境・原始古代編","第三章　久慈川、那珂川流域の縄文文化","第五節　那珂町の遺跡","37・38　東木倉遺跡","314","https://www.city.naka.lg.jp/data/doc/1745047405_doc_902_0.pdf",""
"1","那珂町史","自然環境・原始古代編","第三章　久慈川、那珂川流域の縄文文化","第五節　那珂町の遺跡","39　西木倉遺跡","314","https://www.city.naka.lg.jp/data/doc/1745047405_doc_902_0.pdf",""
"1","那珂町史","自然環境・原始古代編","第三章　久慈川、那珂川流域の縄文文化","第五節　那珂町の遺跡","40　清水原遺跡","317","https://www.city.naka.lg.jp/data/doc/1745047405_doc_902_0.pdf",""
"1","那珂町史","自然環境・原始古代編","第三章　久慈川、那珂川流域の縄文文化","第五節　那珂町の遺跡","41　下新地遺跡","318","https://www.city.naka.lg.jp/data/doc/1745047405_doc_902_0.pdf",""
"1","那珂町史","自然環境・原始古代編","第三章　久慈川、那珂川流域の縄文文化","第五節　那珂町の遺跡","42　仲坪遺跡","319","https://www.city.naka.lg.jp/data/doc/1745047405_doc_902_0.pdf",""
"1","那珂町史","自然環境・原始古代編","第三章　久慈川、那珂川流域の縄文文化","第五節　那珂町の遺跡","43　台久保遺跡","319","https://www.city.naka.lg.jp/data/doc/1745047405_doc_902_0.pdf",""
"1","那珂町史","自然環境・原始古代編","第三章　久慈川、那珂川流域の縄文文化","第五節　那珂町の遺跡","44　棒遺跡","320","https://www.city.naka.lg.jp/data/doc/1745047405_doc_902_0.pdf",""
"1","那珂町史","自然環境・原始古代編","第三章　久慈川、那珂川流域の縄文文化","第五節　那珂町の遺跡","45　小屋の内遺跡","320","https://www.city.naka.lg.jp/data/doc/1745047405_doc_902_0.pdf",""
"1","那珂町史","自然環境・原始古代編","第三章　久慈川、那珂川流域の縄文文化","第五節　那珂町の遺跡","46　根本遺跡","320","https://www.city.naka.lg.jp/data/doc/1745047405_doc_902_0.pdf",""
"1","那珂町史","自然環境・原始古代編","第三章　久慈川、那珂川流域の縄文文化","第五節　那珂町の遺跡","47　福ヶ平遺跡","331","https://www.city.naka.lg.jp/data/doc/1745047405_doc_902_0.pdf",""
"1","那珂町史","自然環境・原始古代編","第三章　久慈川、那珂川流域の縄文文化","第五節　那珂町の遺跡","48　八幡遺跡","331","https://www.city.naka.lg.jp/data/doc/1745047405_doc_902_0.pdf",""
"1","那珂町史","自然環境・原始古代編","第三章　久慈川、那珂川流域の縄文文化","第五節　那珂町の遺跡","49　下坪遺跡","332","https://www.city.naka.lg.jp/data/doc/1745047405_doc_902_0.pdf",""
"1","那珂町史","自然環境・原始古代編","第三章　久慈川、那珂川流域の縄文文化","第五節　那珂町の遺跡","50　イカチ遺跡","333","https://www.city.naka.lg.jp/data/doc/1745047405_doc_902_0.pdf",""
"1","那珂町史","自然環境・原始古代編","第三章　久慈川、那珂川流域の縄文文化","第五節　那珂町の遺跡","51　高森遺跡","335","https://www.city.naka.lg.jp/data/doc/1745047405_doc_902_0.pdf",""
"1","那珂町史","自然環境・原始古代編","第四章　弥生文化の成立と展開","","","337","https://www.city.naka.lg.jp/data/doc/1745047405_doc_902_0.pdf",""
"1","那珂町史","自然環境・原始古代編","第四章　弥生文化の成立と展開","第一節　海後遺跡と初期弥生文化","","337","https://www.city.naka.lg.jp/data/doc/1745047405_doc_902_0.pdf",""
"1","那珂町史","自然環境・原始古代編","第四章　弥生文化の成立と展開","第二節　土器の変遷","","341","https://www.city.naka.lg.jp/data/doc/1745047405_doc_902_0.pdf",""
"1","那珂町史","自然環境・原始古代編","第四章　弥生文化の成立と展開","第三節　集落と人口","","349","https://www.city.naka.lg.jp/data/doc/1745047405_doc_902_0.pdf",""
"1","那珂町史","自然環境・原始古代編","第四章　弥生文化の成立と展開","第四節　十王台土器圏の形成とその性格","","361","https://www.city.naka.lg.jp/data/doc/1745047405_doc_902_0.pdf",""
"1","那珂町史","自然環境・原始古代編","第四章　弥生文化の成立と展開","第五節　弥生時代の技術","","373","https://www.city.naka.lg.jp/data/doc/1745047405_doc_902_0.pdf",""
"1","那珂町史","自然環境・原始古代編","第四章　弥生文化の成立と展開","第六節　水稲農耕の軌跡","","377","https://www.city.naka.lg.jp/data/doc/1745047405_doc_902_0.pdf",""
"1","那珂町史","自然環境・原始古代編","第四章　弥生文化の成立と展開","第七節　那珂町の遺跡","","385","https://www.city.naka.lg.jp/data/doc/1745047405_doc_902_0.pdf",""
"1","那珂町史","自然環境・原始古代編","第四章　弥生文化の成立と展開","第七節　那珂町の遺跡","1　海後遺跡A地点","390","https://www.city.naka.lg.jp/data/doc/1745047405_doc_902_0.pdf",""
"1","那珂町史","自然環境・原始古代編","第四章　弥生文化の成立と展開","第七節　那珂町の遺跡","2　海後遺跡B地点","398","https://www.city.naka.lg.jp/data/doc/1745047405_doc_902_0.pdf",""
"1","那珂町史","自然環境・原始古代編","第四章　弥生文化の成立と展開","第七節　那珂町の遺跡","3　永井遺跡","400","https://www.city.naka.lg.jp/data/doc/1745047405_doc_902_0.pdf",""
"1","那珂町史","自然環境・原始古代編","第四章　弥生文化の成立と展開","第七節　那珂町の遺跡","4　新地後遺跡","401","https://www.city.naka.lg.jp/data/doc/1745047405_doc_902_0.pdf",""
"1","那珂町史","自然環境・原始古代編","第四章　弥生文化の成立と展開","第七節　那珂町の遺跡","5　伊達遺跡","401","https://www.city.naka.lg.jp/data/doc/1745047405_doc_902_0.pdf",""
"1","那珂町史","自然環境・原始古代編","第四章　弥生文化の成立と展開","第七節　那珂町の遺跡","6　額田大宮遺跡","405","https://www.city.naka.lg.jp/data/doc/1745047405_doc_902_0.pdf",""
"1","那珂町史","自然環境・原始古代編","第四章　弥生文化の成立と展開","第七節　那珂町の遺跡","7　西塙遺跡","406","https://www.city.naka.lg.jp/data/doc/1745047405_doc_902_0.pdf",""
"1","那珂町史","自然環境・原始古代編","第四章　弥生文化の成立と展開","第七節　那珂町の遺跡","8　森戸遺跡","407","https://www.city.naka.lg.jp/data/doc/1745047405_doc_902_0.pdf",""
"1","那珂町史","自然環境・原始古代編","第四章　弥生文化の成立と展開","第七節　那珂町の遺跡","9　畑中遺跡","415","https://www.city.naka.lg.jp/data/doc/1745047405_doc_902_0.pdf",""
"1","那珂町史","自然環境・原始古代編","第四章　弥生文化の成立と展開","第七節　那珂町の遺跡","10　富士山遺跡","417","https://www.city.naka.lg.jp/data/doc/1745047405_doc_902_0.pdf",""
"1","那珂町史","自然環境・原始古代編","第四章　弥生文化の成立と展開","第七節　那珂町の遺跡","11　岡瀬沢遺跡","418","https://www.city.naka.lg.jp/data/doc/1745047405_doc_902_0.pdf",""
"1","那珂町史","自然環境・原始古代編","第四章　弥生文化の成立と展開","第七節　那珂町の遺跡","12　東の前遺跡","419","https://www.city.naka.lg.jp/data/doc/1745047405_doc_902_0.pdf",""
"1","那珂町史","自然環境・原始古代編","第四章　弥生文化の成立と展開","第七節　那珂町の遺跡","13　南酒出崎遺跡","419","https://www.city.naka.lg.jp/data/doc/1745047405_doc_902_0.pdf",""
"1","那珂町史","自然環境・原始古代編","第四章　弥生文化の成立と展開","第七節　那珂町の遺跡","14　石井戸遺跡","421","https://www.city.naka.lg.jp/data/doc/1745047405_doc_902_0.pdf",""
"1","那珂町史","自然環境・原始古代編","第四章　弥生文化の成立と展開","第七節　那珂町の遺跡","15　山王原遺跡","424","https://www.city.naka.lg.jp/data/doc/1745047405_doc_902_0.pdf",""
"1","那珂町史","自然環境・原始古代編","第四章　弥生文化の成立と展開","第七節　那珂町の遺跡","16　松原遺跡","425","https://www.city.naka.lg.jp/data/doc/1745047405_doc_902_0.pdf",""
"1","那珂町史","自然環境・原始古代編","第四章　弥生文化の成立と展開","第七節　那珂町の遺跡","17　門部遺跡","425","https://www.city.naka.lg.jp/data/doc/1745047405_doc_902_0.pdf",""
"1","那珂町史","自然環境・原始古代編","第四章　弥生文化の成立と展開","第七節　那珂町の遺跡","18　立花遺跡","431","https://www.city.naka.lg.jp/data/doc/1745047405_doc_902_0.pdf",""
"1","那珂町史","自然環境・原始古代編","第四章　弥生文化の成立と展開","第七節　那珂町の遺跡","19　鹿島遺跡","431","https://www.city.naka.lg.jp/data/doc/1745047405_doc_902_0.pdf",""
"1","那珂町史","自然環境・原始古代編","第四章　弥生文化の成立と展開","第七節　那珂町の遺跡","20　新堀遺跡","432","https://www.city.naka.lg.jp/data/doc/1745047405_doc_902_0.pdf",""
"1","那珂町史","自然環境・原始古代編","第四章　弥生文化の成立と展開","第七節　那珂町の遺跡","21　福ヶ平遺跡","433","https://www.city.naka.lg.jp/data/doc/1745047405_doc_902_0.pdf",""
"1","那珂町史","自然環境・原始古代編","第四章　弥生文化の成立と展開","第七節　那珂町の遺跡","22　京塚遺跡","433","https://www.city.naka.lg.jp/data/doc/1745047405_doc_902_0.pdf",""
"1","那珂町史","自然環境・原始古代編","第四章　弥生文化の成立と展開","第七節　那珂町の遺跡","23　一ッケ遺跡","433","https://www.city.naka.lg.jp/data/doc/1745047405_doc_902_0.pdf",""
"1","那珂町史","自然環境・原始古代編","第四章　弥生文化の成立と展開","第七節　那珂町の遺跡","24　中台東遺跡","433","https://www.city.naka.lg.jp/data/doc/1745047405_doc_902_0.pdf",""
"1","那珂町史","自然環境・原始古代編","第四章　弥生文化の成立と展開","第七節　那珂町の遺跡","25　東木倉遺跡","443","https://www.city.naka.lg.jp/data/doc/1745047405_doc_902_0.pdf",""
"1","那珂町史","自然環境・原始古代編","第五章　古墳時代の那珂町","","","445","https://www.city.naka.lg.jp/data/doc/1745047405_doc_902_0.pdf",""
"1","那珂町史","自然環境・原始古代編","第五章　古墳時代の那珂町","第一節　弥生時代から古墳時代へ","","445","https://www.city.naka.lg.jp/data/doc/1745047405_doc_902_0.pdf",""
"1","那珂町史","自然環境・原始古代編","第五章　古墳時代の那珂町","第一節　弥生時代から古墳時代へ","土師器の登場","445","https://www.city.naka.lg.jp/data/doc/1745047405_doc_902_0.pdf",""
"1","那珂町史","自然環境・原始古代編","第五章　古墳時代の那珂町","第一節　弥生時代から古墳時代へ","土師器の展開","450","https://www.city.naka.lg.jp/data/doc/1745047405_doc_902_0.pdf",""
"1","那珂町史","自然環境・原始古代編","第五章　古墳時代の那珂町","第二節　古墳文化の展開と巨大古墳の登場","","464","https://www.city.naka.lg.jp/data/doc/1745047405_doc_902_0.pdf",""
"1","那珂町史","自然環境・原始古代編","第五章　古墳時代の那珂町","第二節　古墳文化の展開と巨大古墳の登場","初期古墳文化の成立","464","https://www.city.naka.lg.jp/data/doc/1745047405_doc_902_0.pdf",""
"1","那珂町史","自然環境・原始古代編","第五章　古墳時代の那珂町","第二節　古墳文化の展開と巨大古墳の登場","那珂町古墳文化の特色","471","https://www.city.naka.lg.jp/data/doc/1745047405_doc_902_0.pdf",""
"1","那珂町史","自然環境・原始古代編","第五章　古墳時代の那珂町","第三節　家父長層の成長と民衆の生活","","479","https://www.city.naka.lg.jp/data/doc/1745047405_doc_902_0.pdf",""
"1","那珂町史","自然環境・原始古代編","第五章　古墳時代の那珂町","第三節　家父長層の成長と民衆の生活","生産技術の発展","479","https://www.city.naka.lg.jp/data/doc/1745047405_doc_902_0.pdf",""
"1","那珂町史","自然環境・原始古代編","第五章　古墳時代の那珂町","第三節　家父長層の成長と民衆の生活","農民生活の諸相","488","https://www.city.naka.lg.jp/data/doc/1745047405_doc_902_0.pdf",""
"1","那珂町史","自然環境・原始古代編","第五章　古墳時代の那珂町","第三節　家父長層の成長と民衆の生活","生活と文化","498","https://www.city.naka.lg.jp/data/doc/1745047405_doc_902_0.pdf",""
"1","那珂町史","自然環境・原始古代編","第五章　古墳時代の那珂町","第四節　国造制の成立と古墳時代の終焉","","518","https://www.city.naka.lg.jp/data/doc/1745047405_doc_902_0.pdf",""
"1","那珂町史","自然環境・原始古代編","第五章　古墳時代の那珂町","第四節　国造制の成立と古墳時代の終焉","国造制成立の前夜","518","https://www.city.naka.lg.jp/data/doc/1745047405_doc_902_0.pdf",""
"1","那珂町史","自然環境・原始古代編","第五章　古墳時代の那珂町","第四節　国造制の成立と古墳時代の終焉","国造制の成立と古墳文化","522","https://www.city.naka.lg.jp/data/doc/1745047405_doc_902_0.pdf",""
"1","那珂町史","自然環境・原始古代編","第五章　古墳時代の那珂町","第五節　那珂町の古墳・横穴墓群","","527","https://www.city.naka.lg.jp/data/doc/1745047405_doc_902_0.pdf",""
"1","那珂町史","自然環境・原始古代編","第五章　古墳時代の那珂町","第五節　那珂町の古墳・横穴墓群","1　海後古墳群","536","https://www.city.naka.lg.jp/data/doc/1745047405_doc_902_0.pdf",""
"1","那珂町史","自然環境・原始古代編","第五章　古墳時代の那珂町","第五節　那珂町の古墳・横穴墓群","2　本米崎古墳群","536","https://www.city.naka.lg.jp/data/doc/1745047405_doc_902_0.pdf",""
"1","那珂町史","自然環境・原始古代編","第五章　古墳時代の那珂町","第五節　那珂町の古墳・横穴墓群","3　向山古墳群","537","https://www.city.naka.lg.jp/data/doc/1745047405_doc_902_0.pdf",""
"1","那珂町史","自然環境・原始古代編","第五章　古墳時代の那珂町","第五節　那珂町の古墳・横穴墓群","4　新地古墳群","537","https://www.city.naka.lg.jp/data/doc/1745047405_doc_902_0.pdf",""
"1","那珂町史","自然環境・原始古代編","第五章　古墳時代の那珂町","第五節　那珂町の古墳・横穴墓群","5　伊達古墳群","538","https://www.city.naka.lg.jp/data/doc/1745047405_doc_902_0.pdf",""
"1","那珂町史","自然環境・原始古代編","第五章　古墳時代の那珂町","第五節　那珂町の古墳・横穴墓群","6　京塚古墳群","538","https://www.city.naka.lg.jp/data/doc/1745047405_doc_902_0.pdf",""
"1","那珂町史","自然環境・原始古代編","第五章　古墳時代の那珂町","第五節　那珂町の古墳・横穴墓群","7　愛宕山古墳群","538","https://www.city.naka.lg.jp/data/doc/1745047405_doc_902_0.pdf",""
"1","那珂町史","自然環境・原始古代編","第五章　古墳時代の那珂町","第五節　那珂町の古墳・横穴墓群","8　畑中古墳群","540","https://www.city.naka.lg.jp/data/doc/1745047405_doc_902_0.pdf",""
"1","那珂町史","自然環境・原始古代編","第五章　古墳時代の那珂町","第五節　那珂町の古墳・横穴墓群","9　笹野古墳群","540","https://www.city.naka.lg.jp/data/doc/1745047405_doc_902_0.pdf",""
"1","那珂町史","自然環境・原始古代編","第五章　古墳時代の那珂町","第五節　那珂町の古墳・横穴墓群","10　天神小屋古墳群","540","https://www.city.naka.lg.jp/data/doc/1745047405_doc_902_0.pdf",""
"1","那珂町史","自然環境・原始古代編","第五章　古墳時代の那珂町","第五節　那珂町の古墳・横穴墓群","11　天神小屋横穴墓群","542","https://www.city.naka.lg.jp/data/doc/1745047405_doc_902_0.pdf",""
"1","那珂町史","自然環境・原始古代編","第五章　古墳時代の那珂町","第五節　那珂町の古墳・横穴墓群","12　新宿古墳群","542","https://www.city.naka.lg.jp/data/doc/1745047405_doc_902_0.pdf",""
"1","那珂町史","自然環境・原始古代編","第五章　古墳時代の那珂町","第五節　那珂町の古墳・横穴墓群","13　ひょうたん塚古墳群","543","https://www.city.naka.lg.jp/data/doc/1745047405_doc_902_0.pdf",""
"1","那珂町史","自然環境・原始古代編","第五章　古墳時代の那珂町","第五節　那珂町の古墳・横穴墓群","14　北酒出横穴墓群","545","https://www.city.naka.lg.jp/data/doc/1745047405_doc_902_0.pdf",""
"1","那珂町史","自然環境・原始古代編","第五章　古墳時代の那珂町","第五節　那珂町の古墳・横穴墓群","15　おはぐろ塚古墳群","545","https://www.city.naka.lg.jp/data/doc/1745047405_doc_902_0.pdf",""
"1","那珂町史","自然環境・原始古代編","第五章　古墳時代の那珂町","第五節　那珂町の古墳・横穴墓群","16　鈴照塚古墳","545","https://www.city.naka.lg.jp/data/doc/1745047405_doc_902_0.pdf",""
"1","那珂町史","自然環境・原始古代編","第五章　古墳時代の那珂町","第五節　那珂町の古墳・横穴墓群","17　西組古墳","547","https://www.city.naka.lg.jp/data/doc/1745047405_doc_902_0.pdf",""
"1","那珂町史","自然環境・原始古代編","第五章　古墳時代の那珂町","第五節　那珂町の古墳・横穴墓群","18　鹿島古墳群","547","https://www.city.naka.lg.jp/data/doc/1745047405_doc_902_0.pdf",""
"1","那珂町史","自然環境・原始古代編","第五章　古墳時代の那珂町","第五節　那珂町の古墳・横穴墓群","19　白河内古墳群","547","https://www.city.naka.lg.jp/data/doc/1745047405_doc_902_0.pdf",""
"1","那珂町史","自然環境・原始古代編","第五章　古墳時代の那珂町","第五節　那珂町の古墳・横穴墓群","20　リュウガイ古墳群","548","https://www.city.naka.lg.jp/data/doc/1745047405_doc_902_0.pdf",""
"1","那珂町史","自然環境・原始古代編","第五章　古墳時代の那珂町","第五節　那珂町の古墳・横穴墓群","21　権現山横穴墓群","548","https://www.city.naka.lg.jp/data/doc/1745047405_doc_902_0.pdf",""
"1","那珂町史","自然環境・原始古代編","第五章　古墳時代の那珂町","第五節　那珂町の古墳・横穴墓群","22　白河内横穴墓群","549","https://www.city.naka.lg.jp/data/doc/1745047405_doc_902_0.pdf",""
"1","那珂町史","自然環境・原始古代編","第五章　古墳時代の那珂町","第五節　那珂町の古墳・横穴墓群","23　西木倉古墳群","549","https://www.city.naka.lg.jp/data/doc/1745047405_doc_902_0.pdf",""
"1","那珂町史","自然環境・原始古代編","第五章　古墳時代の那珂町","第五節　那珂町の古墳・横穴墓群","24　鳥獣センター内横穴墓群","550","https://www.city.naka.lg.jp/data/doc/1745047405_doc_902_0.pdf",""
"1","那珂町史","自然環境・原始古代編","第五章　古墳時代の那珂町","第五節　那珂町の古墳・横穴墓群","25　戸古墳群","550","https://www.city.naka.lg.jp/data/doc/1745047405_doc_902_0.pdf",""
"1","那珂町史","自然環境・原始古代編","第五章　古墳時代の那珂町","第六節　那珂町の遺跡","","551","https://www.city.naka.lg.jp/data/doc/1745047405_doc_902_0.pdf",""
"1","那珂町史","自然環境・原始古代編","第五章　古墳時代の那珂町","第六節　那珂町の遺跡","1　海後仲田遺跡","560","https://www.city.naka.lg.jp/data/doc/1745047405_doc_902_0.pdf",""
"1","那珂町史","自然環境・原始古代編","第五章　古墳時代の那珂町","第六節　那珂町の遺跡","2　海後内遺跡","561","https://www.city.naka.lg.jp/data/doc/1745047405_doc_902_0.pdf",""
"1","那珂町史","自然環境・原始古代編","第五章　古墳時代の那珂町","第六節　那珂町の遺跡","3　古門場遺跡","563","https://www.city.naka.lg.jp/data/doc/1745047405_doc_902_0.pdf",""
"1","那珂町史","自然環境・原始古代編","第五章　古墳時代の那珂町","第六節　那珂町の遺跡","4　久保前遺跡","563","https://www.city.naka.lg.jp/data/doc/1745047405_doc_902_0.pdf",""
"1","那珂町史","自然環境・原始古代編","第五章　古墳時代の那珂町","第六節　那珂町の遺跡","5　籠内遺跡","563","https://www.city.naka.lg.jp/data/doc/1745047405_doc_902_0.pdf",""
"1","那珂町史","自然環境・原始古代編","第五章　古墳時代の那珂町","第六節　那珂町の遺跡","6　永井遺跡","565","https://www.city.naka.lg.jp/data/doc/1745047405_doc_902_0.pdf",""
"1","那珂町史","自然環境・原始古代編","第五章　古墳時代の那珂町","第六節　那珂町の遺跡","7　岸桂寺遺跡","566","https://www.city.naka.lg.jp/data/doc/1745047405_doc_902_0.pdf",""
"1","那珂町史","自然環境・原始古代編","第五章　古墳時代の那珂町","第六節　那珂町の遺跡","8　伊達遺跡","566","https://www.city.naka.lg.jp/data/doc/1745047405_doc_902_0.pdf",""
"1","那珂町史","自然環境・原始古代編","第五章　古墳時代の那珂町","第六節　那珂町の遺跡","9　仙翁内遺跡","578","https://www.city.naka.lg.jp/data/doc/1745047405_doc_902_0.pdf",""
"1","那珂町史","自然環境・原始古代編","第五章　古墳時代の那珂町","第六節　那珂町の遺跡","10　額田大宮遺跡","578","https://www.city.naka.lg.jp/data/doc/1745047405_doc_902_0.pdf",""
"1","那珂町史","自然環境・原始古代編","第五章　古墳時代の那珂町","第六節　那珂町の遺跡","11　額田西塙遺跡","584","https://www.city.naka.lg.jp/data/doc/1745047405_doc_902_0.pdf",""
"1","那珂町史","自然環境・原始古代編","第五章　古墳時代の那珂町","第六節　那珂町の遺跡","12　杉本後遺跡","586","https://www.city.naka.lg.jp/data/doc/1745047405_doc_902_0.pdf",""
"1","那珂町史","自然環境・原始古代編","第五章　古墳時代の那珂町","第六節　那珂町の遺跡","13　森戸遺跡","587","https://www.city.naka.lg.jp/data/doc/1745047405_doc_902_0.pdf",""
"1","那珂町史","自然環境・原始古代編","第五章　古墳時代の那珂町","第六節　那珂町の遺跡","14　畑中遺跡","590","https://www.city.naka.lg.jp/data/doc/1745047405_doc_902_0.pdf",""
"1","那珂町史","自然環境・原始古代編","第五章　古墳時代の那珂町","第六節　那珂町の遺跡","15　東の前遺跡","605","https://www.city.naka.lg.jp/data/doc/1745047405_doc_902_0.pdf",""
"1","那珂町史","自然環境・原始古代編","第五章　古墳時代の那珂町","第六節　那珂町の遺跡","16　笹野遺跡","612","https://www.city.naka.lg.jp/data/doc/1745047405_doc_902_0.pdf",""
"1","那珂町史","自然環境・原始古代編","第五章　古墳時代の那珂町","第六節　那珂町の遺跡","17　富士山遺跡","612","https://www.city.naka.lg.jp/data/doc/1745047405_doc_902_0.pdf",""
"1","那珂町史","自然環境・原始古代編","第五章　古墳時代の那珂町","第六節　那珂町の遺跡","18　塚下遺跡","612","https://www.city.naka.lg.jp/data/doc/1745047405_doc_902_0.pdf",""
"1","那珂町史","自然環境・原始古代編","第五章　古墳時代の那珂町","第六節　那珂町の遺跡","19　坂下遺跡","619","https://www.city.naka.lg.jp/data/doc/1745047405_doc_902_0.pdf",""
"1","那珂町史","自然環境・原始古代編","第五章　古墳時代の那珂町","第六節　那珂町の遺跡","20　新洞遺跡","620","https://www.city.naka.lg.jp/data/doc/1745047405_doc_902_0.pdf",""
"1","那珂町史","自然環境・原始古代編","第五章　古墳時代の那珂町","第六節　那珂町の遺跡","21　沢頭遺跡","620","https://www.city.naka.lg.jp/data/doc/1745047405_doc_902_0.pdf",""
"1","那珂町史","自然環境・原始古代編","第五章　古墳時代の那珂町","第六節　那珂町の遺跡","22　白鳥谷津遺跡","620","https://www.city.naka.lg.jp/data/doc/1745047405_doc_902_0.pdf",""
"1","那珂町史","自然環境・原始古代編","第五章　古墳時代の那珂町","第六節　那珂町の遺跡","23　蔵本遺跡","621","https://www.city.naka.lg.jp/data/doc/1745047405_doc_902_0.pdf",""
"1","那珂町史","自然環境・原始古代編","第五章　古墳時代の那珂町","第六節　那珂町の遺跡","24　石井戸遺跡","626","https://www.city.naka.lg.jp/data/doc/1745047405_doc_902_0.pdf",""
"1","那珂町史","自然環境・原始古代編","第五章　古墳時代の那珂町","第六節　那珂町の遺跡","25　山王原遺跡","628","https://www.city.naka.lg.jp/data/doc/1745047405_doc_902_0.pdf",""
"1","那珂町史","自然環境・原始古代編","第五章　古墳時代の那珂町","第六節　那珂町の遺跡","26　台坪遺跡","630","https://www.city.naka.lg.jp/data/doc/1745047405_doc_902_0.pdf",""
"1","那珂町史","自然環境・原始古代編","第五章　古墳時代の那珂町","第六節　那珂町の遺跡","27　松原遺跡","631","https://www.city.naka.lg.jp/data/doc/1745047405_doc_902_0.pdf",""
"1","那珂町史","自然環境・原始古代編","第五章　古墳時代の那珂町","第六節　那珂町の遺跡","28　門部遺跡","637","https://www.city.naka.lg.jp/data/doc/1745047405_doc_902_0.pdf",""
"1","那珂町史","自然環境・原始古代編","第五章　古墳時代の那珂町","第六節　那珂町の遺跡","29　小屋場遺跡","638","https://www.city.naka.lg.jp/data/doc/1745047405_doc_902_0.pdf",""
"1","那珂町史","自然環境・原始古代編","第五章　古墳時代の那珂町","第六節　那珂町の遺跡","30　立花遺跡","639","https://www.city.naka.lg.jp/data/doc/1745047405_doc_902_0.pdf",""
"1","那珂町史","自然環境・原始古代編","第五章　古墳時代の那珂町","第六節　那珂町の遺跡","31　谷津向遺跡","639","https://www.city.naka.lg.jp/data/doc/1745047405_doc_902_0.pdf",""
"1","那珂町史","自然環境・原始古代編","第五章　古墳時代の那珂町","第六節　那珂町の遺跡","32　榎戸遺跡","640","https://www.city.naka.lg.jp/data/doc/1745047405_doc_902_0.pdf",""
"1","那珂町史","自然環境・原始古代編","第五章　古墳時代の那珂町","第六節　那珂町の遺跡","33　鹿島中丸遺跡","640","https://www.city.naka.lg.jp/data/doc/1745047405_doc_902_0.pdf",""
"1","那珂町史","自然環境・原始古代編","第五章　古墳時代の那珂町","第六節　那珂町の遺跡","34　戸崎井尻遺跡","641","https://www.city.naka.lg.jp/data/doc/1745047405_doc_902_0.pdf",""
"1","那珂町史","自然環境・原始古代編","第五章　古墳時代の那珂町","第六節　那珂町の遺跡","35　戸崎木戸遺跡","641","https://www.city.naka.lg.jp/data/doc/1745047405_doc_902_0.pdf",""
"1","那珂町史","自然環境・原始古代編","第五章　古墳時代の那珂町","第六節　那珂町の遺跡","36　京塚遺跡","642","https://www.city.naka.lg.jp/data/doc/1745047405_doc_902_0.pdf",""
"1","那珂町史","自然環境・原始古代編","第五章　古墳時代の那珂町","第六節　那珂町の遺跡","37　一ッケ遺跡","642","https://www.city.naka.lg.jp/data/doc/1745047405_doc_902_0.pdf",""
"1","那珂町史","自然環境・原始古代編","第五章　古墳時代の那珂町","第六節　那珂町の遺跡","38　津田遺跡","642","https://www.city.naka.lg.jp/data/doc/1745047405_doc_902_0.pdf",""
"1","那珂町史","自然環境・原始古代編","第五章　古墳時代の那珂町","第六節　那珂町の遺跡","39　中台東遺跡","642","https://www.city.naka.lg.jp/data/doc/1745047405_doc_902_0.pdf",""
"1","那珂町史","自然環境・原始古代編","第五章　古墳時代の那珂町","第六節　那珂町の遺跡","40　中台下宿遺跡","643","https://www.city.naka.lg.jp/data/doc/1745047405_doc_902_0.pdf",""
"1","那珂町史","自然環境・原始古代編","第五章　古墳時代の那珂町","第六節　那珂町の遺跡","41　稲荷前遺跡","645","https://www.city.naka.lg.jp/data/doc/1745047405_doc_902_0.pdf",""
"1","那珂町史","自然環境・原始古代編","第五章　古墳時代の那珂町","第六節　那珂町の遺跡","42　西木倉前原遺跡","646","https://www.city.naka.lg.jp/data/doc/1745047405_doc_902_0.pdf",""
"1","那珂町史","自然環境・原始古代編","第五章　古墳時代の那珂町","第六節　那珂町の遺跡","43　西木倉塙遺跡","646","https://www.city.naka.lg.jp/data/doc/1745047405_doc_902_0.pdf",""
"1","那珂町史","自然環境・原始古代編","第五章　古墳時代の那珂町","第六節　那珂町の遺跡","44　豊喰遺跡","646","https://www.city.naka.lg.jp/data/doc/1745047405_doc_902_0.pdf",""
"1","那珂町史","自然環境・原始古代編","第五章　古墳時代の那珂町","第六節　那珂町の遺跡","45　清水原遺跡","647","https://www.city.naka.lg.jp/data/doc/1745047405_doc_902_0.pdf",""
"1","那珂町史","自然環境・原始古代編","第五章　古墳時代の那珂町","第六節　那珂町の遺跡","46　棒遺跡","647","https://www.city.naka.lg.jp/data/doc/1745047405_doc_902_0.pdf",""
"1","那珂町史","自然環境・原始古代編","第五章　古墳時代の那珂町","第六節　那珂町の遺跡","47　林業試験場周辺遺跡","647","https://www.city.naka.lg.jp/data/doc/1745047405_doc_902_0.pdf",""
"1","那珂町史","自然環境・原始古代編","第五章　古墳時代の那珂町","第六節　那珂町の遺跡","48　富士遺跡","647","https://www.city.naka.lg.jp/data/doc/1745047405_doc_902_0.pdf",""
"1","那珂町史","自然環境・原始古代編","第五章　古墳時代の那珂町","第六節　那珂町の遺跡","49　小屋の内遺跡","648","https://www.city.naka.lg.jp/data/doc/1745047405_doc_902_0.pdf",""
"1","那珂町史","自然環境・原始古代編","第五章　古墳時代の那珂町","第六節　那珂町の遺跡","50　国神遺跡","648","https://www.city.naka.lg.jp/data/doc/1745047405_doc_902_0.pdf",""
"1","那珂町史","自然環境・原始古代編","第五章　古墳時代の那珂町","第六節　那珂町の遺跡","51　福ヶ平遺跡","648","https://www.city.naka.lg.jp/data/doc/1745047405_doc_902_0.pdf",""
"1","那珂町史","自然環境・原始古代編","第五章　古墳時代の那珂町","第六節　那珂町の遺跡","52　八幡遺跡","648","https://www.city.naka.lg.jp/data/doc/1745047405_doc_902_0.pdf",""
"1","那珂町史","自然環境・原始古代編","第五章　古墳時代の那珂町","第六節　那珂町の遺跡","53　内屋敷遺跡","649","https://www.city.naka.lg.jp/data/doc/1745047405_doc_902_0.pdf",""
"1","那珂町史","自然環境・原始古代編","第五章　古墳時代の那珂町","第六節　那珂町の遺跡","54　下江戸遺跡","649","https://www.city.naka.lg.jp/data/doc/1745047405_doc_902_0.pdf",""
"1","那珂町史","自然環境・原始古代編","第五章　古墳時代の那珂町","第六節　那珂町の遺跡","55　高森遺跡","649","https://www.city.naka.lg.jp/data/doc/1745047405_doc_902_0.pdf",""
"1","那珂町史","自然環境・原始古代編","第五章　古墳時代の那珂町","第六節　那珂町の遺跡","56　柄目遺跡","650","https://www.city.naka.lg.jp/data/doc/1745047405_doc_902_0.pdf",""
"1","那珂町史","自然環境・原始古代編","第五章　古墳時代の那珂町","第六節　那珂町の遺跡","57　中田遺跡","650","https://www.city.naka.lg.jp/data/doc/1745047405_doc_902_0.pdf",""
"1","那珂町史","自然環境・原始古代編","第六章　奈良・平安時代の那珂町","","","651","https://www.city.naka.lg.jp/data/doc/1745047405_doc_902_0.pdf",""
"1","那珂町史","自然環境・原始古代編","第六章　奈良・平安時代の那珂町","第一節　律令制の成立と那珂町","","651","https://www.city.naka.lg.jp/data/doc/1745047405_doc_902_0.pdf",""
"1","那珂町史","自然環境・原始古代編","第六章　奈良・平安時代の那珂町","第二節　『常陸国風土記』・『万葉集』と那珂町","","672","https://www.city.naka.lg.jp/data/doc/1745047405_doc_902_0.pdf",""
"1","那珂町史","自然環境・原始古代編","第六章　奈良・平安時代の那珂町","第三節　蝦夷征討と農民の負担","","690","https://www.city.naka.lg.jp/data/doc/1745047405_doc_902_0.pdf",""
"1","那珂町史","自然環境・原始古代編","第六章　奈良・平安時代の那珂町","第四節　『和名抄』にみる那珂町の郷","","715","https://www.city.naka.lg.jp/data/doc/1745047405_doc_902_0.pdf",""
"1","那珂町史","自然環境・原始古代編","第六章　奈良・平安時代の那珂町","第五節　遺跡・遺物からみた生活と文化","","735","https://www.city.naka.lg.jp/data/doc/1745047405_doc_902_0.pdf",""
"1","那珂町史","自然環境・原始古代編","第六章　奈良・平安時代の那珂町","第五節　遺跡・遺物からみた生活と文化","住居と集落","736","https://www.city.naka.lg.jp/data/doc/1745047405_doc_902_0.pdf",""
"1","那珂町史","自然環境・原始古代編","第六章　奈良・平安時代の那珂町","第五節　遺跡・遺物からみた生活と文化","さまざまな生業","742","https://www.city.naka.lg.jp/data/doc/1745047405_doc_902_0.pdf",""
"1","那珂町史","自然環境・原始古代編","第六章　奈良・平安時代の那珂町","第五節　遺跡・遺物からみた生活と文化","文字の使用","745","https://www.city.naka.lg.jp/data/doc/1745047405_doc_902_0.pdf",""
"1","那珂町史","自然環境・原始古代編","第六章　奈良・平安時代の那珂町","第五節　遺跡・遺物からみた生活と文化","那珂町の遺跡","749","https://www.city.naka.lg.jp/data/doc/1745047405_doc_902_0.pdf",""
"1","那珂町史","自然環境・原始古代編","第六章　奈良・平安時代の那珂町","第五節　遺跡・遺物からみた生活と文化","1　中台遺跡","758","https://www.city.naka.lg.jp/data/doc/1745047405_doc_902_0.pdf",""
"1","那珂町史","自然環境・原始古代編","第六章　奈良・平安時代の那珂町","第五節　遺跡・遺物からみた生活と文化","2　清水原遺跡","759","https://www.city.naka.lg.jp/data/doc/1745047405_doc_902_0.pdf",""
"1","那珂町史","自然環境・原始古代編","第六章　奈良・平安時代の那珂町","第五節　遺跡・遺物からみた生活と文化","3　西木倉前原遺跡","760","https://www.city.naka.lg.jp/data/doc/1745047405_doc_902_0.pdf",""
"1","那珂町史","自然環境・原始古代編","第六章　奈良・平安時代の那珂町","第五節　遺跡・遺物からみた生活と文化","4　中台下宿遺跡","760","https://www.city.naka.lg.jp/data/doc/1745047405_doc_902_0.pdf",""
"1","那珂町史","自然環境・原始古代編","第六章　奈良・平安時代の那珂町","第五節　遺跡・遺物からみた生活と文化","5　林業試験場内遺跡","760","https://www.city.naka.lg.jp/data/doc/1745047405_doc_902_0.pdf",""
"1","那珂町史","自然環境・原始古代編","第六章　奈良・平安時代の那珂町","第五節　遺跡・遺物からみた生活と文化","6　富士遺跡","761","https://www.city.naka.lg.jp/data/doc/1745047405_doc_902_0.pdf",""
"1","那珂町史","自然環境・原始古代編","第六章　奈良・平安時代の那珂町","第五節　遺跡・遺物からみた生活と文化","7　東木倉遺跡","761","https://www.city.naka.lg.jp/data/doc/1745047405_doc_902_0.pdf",""
"1","那珂町史","自然環境・原始古代編","第六章　奈良・平安時代の那珂町","第五節　遺跡・遺物からみた生活と文化","8　小屋の内遺跡","761","https://www.city.naka.lg.jp/data/doc/1745047405_doc_902_0.pdf",""
"1","那珂町史","自然環境・原始古代編","第六章　奈良・平安時代の那珂町","第五節　遺跡・遺物からみた生活と文化","9　国神遺跡","762","https://www.city.naka.lg.jp/data/doc/1745047405_doc_902_0.pdf",""
"1","那珂町史","自然環境・原始古代編","第六章　奈良・平安時代の那珂町","第五節　遺跡・遺物からみた生活と文化","10　福ヶ平遺跡","763","https://www.city.naka.lg.jp/data/doc/1745047405_doc_902_0.pdf",""
"1","那珂町史","自然環境・原始古代編","第六章　奈良・平安時代の那珂町","第五節　遺跡・遺物からみた生活と文化","11　棒遺跡","763","https://www.city.naka.lg.jp/data/doc/1745047405_doc_902_0.pdf",""
"1","那珂町史","自然環境・原始古代編","第六章　奈良・平安時代の那珂町","第五節　遺跡・遺物からみた生活と文化","12　高森遺跡","763","https://www.city.naka.lg.jp/data/doc/1745047405_doc_902_0.pdf",""
"1","那珂町史","自然環境・原始古代編","第六章　奈良・平安時代の那珂町","第五節　遺跡・遺物からみた生活と文化","13　下江戸遺跡","765","https://www.city.naka.lg.jp/data/doc/1745047405_doc_902_0.pdf",""
"1","那珂町史","自然環境・原始古代編","第六章　奈良・平安時代の那珂町","第五節　遺跡・遺物からみた生活と文化","14　内屋敷遺跡","766","https://www.city.naka.lg.jp/data/doc/1745047405_doc_902_0.pdf",""
"1","那珂町史","自然環境・原始古代編","第六章　奈良・平安時代の那珂町","第五節　遺跡・遺物からみた生活と文化","15　八幡遺跡","766","https://www.city.naka.lg.jp/data/doc/1745047405_doc_902_0.pdf",""
"1","那珂町史","自然環境・原始古代編","第六章　奈良・平安時代の那珂町","第五節　遺跡・遺物からみた生活と文化","16　小屋場遺跡","766","https://www.city.naka.lg.jp/data/doc/1745047405_doc_902_0.pdf",""
"1","那珂町史","自然環境・原始古代編","第六章　奈良・平安時代の那珂町","第五節　遺跡・遺物からみた生活と文化","17　榎戸遺跡","767","https://www.city.naka.lg.jp/data/doc/1745047405_doc_902_0.pdf",""
"1","那珂町史","自然環境・原始古代編","第六章　奈良・平安時代の那珂町","第五節　遺跡・遺物からみた生活と文化","18　片庭遺跡","767","https://www.city.naka.lg.jp/data/doc/1745047405_doc_902_0.pdf",""
"1","那珂町史","自然環境・原始古代編","第六章　奈良・平安時代の那珂町","第五節　遺跡・遺物からみた生活と文化","19　柄目遺跡","767","https://www.city.naka.lg.jp/data/doc/1745047405_doc_902_0.pdf",""
"1","那珂町史","自然環境・原始古代編","第六章　奈良・平安時代の那珂町","第五節　遺跡・遺物からみた生活と文化","20　中田遺跡","768","https://www.city.naka.lg.jp/data/doc/1745047405_doc_902_0.pdf",""
"1","那珂町史","自然環境・原始古代編","第六章　奈良・平安時代の那珂町","第五節　遺跡・遺物からみた生活と文化","21　笹野遺跡","768","https://www.city.naka.lg.jp/data/doc/1745047405_doc_902_0.pdf",""
"1","那珂町史","自然環境・原始古代編","第六章　奈良・平安時代の那珂町","第五節　遺跡・遺物からみた生活と文化","22　富士山遺跡","768","https://www.city.naka.lg.jp/data/doc/1745047405_doc_902_0.pdf",""
"1","那珂町史","自然環境・原始古代編","第六章　奈良・平安時代の那珂町","第五節　遺跡・遺物からみた生活と文化","23　木崎内遺跡","769","https://www.city.naka.lg.jp/data/doc/1745047405_doc_902_0.pdf",""
"1","那珂町史","自然環境・原始古代編","第六章　奈良・平安時代の那珂町","第五節　遺跡・遺物からみた生活と文化","24　石井戸遺跡","769","https://www.city.naka.lg.jp/data/doc/1745047405_doc_902_0.pdf",""
"1","那珂町史","自然環境・原始古代編","","","表目次","771","https://www.city.naka.lg.jp/data/doc/1745047405_doc_902_0.pdf",""
"1","那珂町史","自然環境・原始古代編","","","図版目次","772","https://www.city.naka.lg.jp/data/doc/1745047405_doc_902_0.pdf",""
"1","那珂町史","自然環境・原始古代編","","","あとがき","773","https://www.city.naka.lg.jp/data/doc/1745047405_doc_902_0.pdf",""
"2","那珂町史","中世・近世編","","","口絵","","https://www.city.naka.lg.jp/data/doc/1745047408_doc_902_0.pdf","目次に開始ページの記載なし"
"2","那珂町史","中世・近世編","","","発刊のことば","1","https://www.city.naka.lg.jp/data/doc/1745047408_doc_902_0.pdf",""
"2","那珂町史","中世・近世編","","","凡例","3","https://www.city.naka.lg.jp/data/doc/1745047408_doc_902_0.pdf",""
"2","那珂町史","中世・近世編","中世／第一章　佐竹氏の進出と那珂地方","","","17","https://www.city.naka.lg.jp/data/doc/1745047408_doc_902_0.pdf",""
"2","那珂町史","中世・近世編","中世／第一章　佐竹氏の進出と那珂地方","第一節　古代から中世へ","","17","https://www.city.naka.lg.jp/data/doc/1745047408_doc_902_0.pdf",""
"2","那珂町史","中世・近世編","中世／第一章　佐竹氏の進出と那珂地方","第一節　古代から中世へ","平将門の乱","17","https://www.city.naka.lg.jp/data/doc/1745047408_doc_902_0.pdf",""
"2","那珂町史","中世・近世編","中世／第一章　佐竹氏の進出と那珂地方","第一節　古代から中世へ","常陸平氏の発展","21","https://www.city.naka.lg.jp/data/doc/1745047408_doc_902_0.pdf",""
"2","那珂町史","中世・近世編","中世／第一章　佐竹氏の進出と那珂地方","第一節　古代から中世へ","平忠常の乱と常陸","23","https://www.city.naka.lg.jp/data/doc/1745047408_doc_902_0.pdf",""
"2","那珂町史","中世・近世編","中世／第一章　佐竹氏の進出と那珂地方","第一節　古代から中世へ","吉田郡の成立と那珂・久慈両郡の分割","24","https://www.city.naka.lg.jp/data/doc/1745047408_doc_902_0.pdf",""
"2","那珂町史","中世・近世編","中世／第一章　佐竹氏の進出と那珂地方","第一節　古代から中世へ","前九年の役・後三年の役と常陸","26","https://www.city.naka.lg.jp/data/doc/1745047408_doc_902_0.pdf",""
"2","那珂町史","中世・近世編","中世／第一章　佐竹氏の進出と那珂地方","第一節　古代から中世へ","義家伝説と那珂地方","29","https://www.city.naka.lg.jp/data/doc/1745047408_doc_902_0.pdf",""
"2","那珂町史","中世・近世編","中世／第一章　佐竹氏の進出と那珂地方","第二節　佐竹氏の台頭と那珂地方","","33","https://www.city.naka.lg.jp/data/doc/1745047408_doc_902_0.pdf",""
"2","那珂町史","中世・近世編","中世／第一章　佐竹氏の進出と那珂地方","第二節　佐竹氏の台頭と那珂地方","平安時代末期の那珂地方","33","https://www.city.naka.lg.jp/data/doc/1745047408_doc_902_0.pdf",""
"2","那珂町史","中世・近世編","中世／第一章　佐竹氏の進出と那珂地方","第二節　佐竹氏の台頭と那珂地方","佐竹氏の進出","34","https://www.city.naka.lg.jp/data/doc/1745047408_doc_902_0.pdf",""
"2","那珂町史","中世・近世編","中世／第一章　佐竹氏の進出と那珂地方","第二節　佐竹氏の台頭と那珂地方","国井保と国井氏","37","https://www.city.naka.lg.jp/data/doc/1745047408_doc_902_0.pdf",""
"2","那珂町史","中世・近世編","中世／第一章　佐竹氏の進出と那珂地方","第二節　佐竹氏の台頭と那珂地方","武田郷と武田氏","39","https://www.city.naka.lg.jp/data/doc/1745047408_doc_902_0.pdf",""
"2","那珂町史","中世・近世編","中世／第一章　佐竹氏の進出と那珂地方","第二節　佐竹氏の台頭と那珂地方","吉田氏の吉田郡支配","40","https://www.city.naka.lg.jp/data/doc/1745047408_doc_902_0.pdf",""
"2","那珂町史","中世・近世編","中世／第一章　佐竹氏の進出と那珂地方","第二節　佐竹氏の台頭と那珂地方","保元・平治の乱と常陸","43","https://www.city.naka.lg.jp/data/doc/1745047408_doc_902_0.pdf",""
"2","那珂町史","中世・近世編","中世／第一章　佐竹氏の進出と那珂地方","第三節　佐竹氏と鎌倉幕府","","49","https://www.city.naka.lg.jp/data/doc/1745047408_doc_902_0.pdf",""
"2","那珂町史","中世・近世編","中世／第一章　佐竹氏の進出と那珂地方","第三節　佐竹氏と鎌倉幕府","源頼朝の挙兵と佐竹氏","49","https://www.city.naka.lg.jp/data/doc/1745047408_doc_902_0.pdf",""
"2","那珂町史","中世・近世編","中世／第一章　佐竹氏の進出と那珂地方","第三節　佐竹氏と鎌倉幕府","金砂合戦後の処置と奥七郡","53","https://www.city.naka.lg.jp/data/doc/1745047408_doc_902_0.pdf",""
"2","那珂町史","中世・近世編","中世／第一章　佐竹氏の進出と那珂地方","第三節　佐竹氏と鎌倉幕府","鎌倉幕府の成立と佐竹氏","54","https://www.city.naka.lg.jp/data/doc/1745047408_doc_902_0.pdf",""
"2","那珂町史","中世・近世編","中世／第一章　佐竹氏の進出と那珂地方","第三節　佐竹氏と鎌倉幕府","那珂久氏の活躍と那珂地方","58","https://www.city.naka.lg.jp/data/doc/1745047408_doc_902_0.pdf",""
"2","那珂町史","中世・近世編","中世／第一章　佐竹氏の進出と那珂地方","第三節　佐竹氏と鎌倉幕府","承久の乱と佐竹氏","60","https://www.city.naka.lg.jp/data/doc/1745047408_doc_902_0.pdf",""
"2","那珂町史","中世・近世編","中世／第一章　佐竹氏の進出と那珂地方","第三節　佐竹氏と鎌倉幕府","承久の乱前後の奥七郡","62","https://www.city.naka.lg.jp/data/doc/1745047408_doc_902_0.pdf",""
"2","那珂町史","中世・近世編","中世／第一章　佐竹氏の進出と那珂地方","第三節　佐竹氏と鎌倉幕府","宝治合戦と霜月騒動","66","https://www.city.naka.lg.jp/data/doc/1745047408_doc_902_0.pdf",""
"2","那珂町史","中世・近世編","中世／第一章　佐竹氏の進出と那珂地方","第三節　佐竹氏と鎌倉幕府","鎌倉末期の佐竹氏","68","https://www.city.naka.lg.jp/data/doc/1745047408_doc_902_0.pdf",""
"2","那珂町史","中世・近世編","中世／第二章　佐竹氏支配の進展と那珂地方","","","71","https://www.city.naka.lg.jp/data/doc/1745047408_doc_902_0.pdf",""
"2","那珂町史","中世・近世編","中世／第二章　佐竹氏支配の進展と那珂地方","第一節　南北朝の動乱と那珂地方","","71","https://www.city.naka.lg.jp/data/doc/1745047408_doc_902_0.pdf",""
"2","那珂町史","中世・近世編","中世／第二章　佐竹氏支配の進展と那珂地方","第一節　南北朝の動乱と那珂地方","北条氏の滅亡と常陸","71","https://www.city.naka.lg.jp/data/doc/1745047408_doc_902_0.pdf",""
"2","那珂町史","中世・近世編","中世／第二章　佐竹氏支配の進展と那珂地方","第一節　南北朝の動乱と那珂地方","建武の新政と常陸","73","https://www.city.naka.lg.jp/data/doc/1745047408_doc_902_0.pdf",""
"2","那珂町史","中世・近世編","中世／第二章　佐竹氏支配の進展と那珂地方","第一節　南北朝の動乱と那珂地方","中先代の乱と常陸","76","https://www.city.naka.lg.jp/data/doc/1745047408_doc_902_0.pdf",""
"2","那珂町史","中世・近世編","中世／第二章　佐竹氏支配の進展と那珂地方","第一節　南北朝の動乱と那珂地方","北畠親房と瓜連の合戦","79","https://www.city.naka.lg.jp/data/doc/1745047408_doc_902_0.pdf",""
"2","那珂町史","中世・近世編","中世／第二章　佐竹氏支配の進展と那珂地方","第一節　南北朝の動乱と那珂地方","瓜連城の戦い","80","https://www.city.naka.lg.jp/data/doc/1745047408_doc_902_0.pdf",""
"2","那珂町史","中世・近世編","中世／第二章　佐竹氏支配の進展と那珂地方","第一節　南北朝の動乱と那珂地方","楠木氏の滅亡","82","https://www.city.naka.lg.jp/data/doc/1745047408_doc_902_0.pdf",""
"2","那珂町史","中世・近世編","中世／第二章　佐竹氏支配の進展と那珂地方","第一節　南北朝の動乱と那珂地方","戸村氏の滅亡","87","https://www.city.naka.lg.jp/data/doc/1745047408_doc_902_0.pdf",""
"2","那珂町史","中世・近世編","中世／第二章　佐竹氏支配の進展と那珂地方","第一節　南北朝の動乱と那珂地方","北畠親房の常陸経営","89","https://www.city.naka.lg.jp/data/doc/1745047408_doc_902_0.pdf",""
"2","那珂町史","中世・近世編","中世／第二章　佐竹氏支配の進展と那珂地方","第一節　南北朝の動乱と那珂地方","観応の擾乱と佐竹氏","90","https://www.city.naka.lg.jp/data/doc/1745047408_doc_902_0.pdf",""
"2","那珂町史","中世・近世編","中世／第二章　佐竹氏支配の進展と那珂地方","第一節　南北朝の動乱と那珂地方","佐竹義篤の讓状","93","https://www.city.naka.lg.jp/data/doc/1745047408_doc_902_0.pdf",""
"2","那珂町史","中世・近世編","中世／第二章　佐竹氏支配の進展と那珂地方","第一節　南北朝の動乱と那珂地方","南北朝の統一と鎌倉府","95","https://www.city.naka.lg.jp/data/doc/1745047408_doc_902_0.pdf",""
"2","那珂町史","中世・近世編","中世／第二章　佐竹氏支配の進展と那珂地方","第二節　佐竹惣領家と山入庶子家の内紛","","99","https://www.city.naka.lg.jp/data/doc/1745047408_doc_902_0.pdf",""
"2","那珂町史","中世・近世編","中世／第二章　佐竹氏支配の進展と那珂地方","第二節　佐竹惣領家と山入庶子家の内紛","山入氏の成長と「佐竹の乱」","99","https://www.city.naka.lg.jp/data/doc/1745047408_doc_902_0.pdf",""
"2","那珂町史","中世・近世編","中世／第二章　佐竹氏支配の進展と那珂地方","第二節　佐竹惣領家と山入庶子家の内紛","上杉禅秀の乱と額田氏滅亡","101","https://www.city.naka.lg.jp/data/doc/1745047408_doc_902_0.pdf",""
"2","那珂町史","中世・近世編","中世／第二章　佐竹氏支配の進展と那珂地方","第二節　佐竹惣領家と山入庶子家の内紛","永享の乱・結城合戦と佐竹氏","104","https://www.city.naka.lg.jp/data/doc/1745047408_doc_902_0.pdf",""
"2","那珂町史","中世・近世編","中世／第二章　佐竹氏支配の進展と那珂地方","第二節　佐竹惣領家と山入庶子家の内紛","義俊・義治の時代","108","https://www.city.naka.lg.jp/data/doc/1745047408_doc_902_0.pdf",""
"2","那珂町史","中世・近世編","中世／第二章　佐竹氏支配の進展と那珂地方","第二節　佐竹惣領家と山入庶子家の内紛","江戸氏の擡頭","110","https://www.city.naka.lg.jp/data/doc/1745047408_doc_902_0.pdf",""
"2","那珂町史","中世・近世編","中世／第二章　佐竹氏支配の進展と那珂地方","第二節　佐竹惣領家と山入庶子家の内紛","江戸氏の水戸城攻略と南郡進出","112","https://www.city.naka.lg.jp/data/doc/1745047408_doc_902_0.pdf",""
"2","那珂町史","中世・近世編","中世／第二章　佐竹氏支配の進展と那珂地方","第三節　佐竹義舜・義篤・義昭・義重の時代","","117","https://www.city.naka.lg.jp/data/doc/1745047408_doc_902_0.pdf",""
"2","那珂町史","中世・近世編","中世／第二章　佐竹氏支配の進展と那珂地方","第三節　佐竹義舜・義篤・義昭・義重の時代","佐竹中興の祖義舜","117","https://www.city.naka.lg.jp/data/doc/1745047408_doc_902_0.pdf",""
"2","那珂町史","中世・近世編","中世／第二章　佐竹氏支配の進展と那珂地方","第三節　佐竹義舜・義篤・義昭・義重の時代","佐竹氏と江戸氏との盟約","119","https://www.city.naka.lg.jp/data/doc/1745047408_doc_902_0.pdf",""
"2","那珂町史","中世・近世編","中世／第二章　佐竹氏支配の進展と那珂地方","第三節　佐竹義舜・義篤・義昭・義重の時代","義舜と古河公方の内紛","123","https://www.city.naka.lg.jp/data/doc/1745047408_doc_902_0.pdf",""
"2","那珂町史","中世・近世編","中世／第二章　佐竹氏支配の進展と那珂地方","第三節　佐竹義舜・義篤・義昭・義重の時代","義篤と部垂の乱","123","https://www.city.naka.lg.jp/data/doc/1745047408_doc_902_0.pdf",""
"2","那珂町史","中世・近世編","中世／第二章　佐竹氏支配の進展と那珂地方","第三節　佐竹義舜・義篤・義昭・義重の時代","北酒出新介・玄蕃太夫菅谷へ","125","https://www.city.naka.lg.jp/data/doc/1745047408_doc_902_0.pdf",""
"2","那珂町史","中世・近世編","中世／第二章　佐竹氏支配の進展と那珂地方","第三節　佐竹義舜・義篤・義昭・義重の時代","天文十九年、戸村での戦闘","126","https://www.city.naka.lg.jp/data/doc/1745047408_doc_902_0.pdf",""
"2","那珂町史","中世・近世編","中世／第二章　佐竹氏支配の進展と那珂地方","第三節　佐竹義舜・義篤・義昭・義重の時代","義昭の南奥進出と宇都宮出兵","128","https://www.city.naka.lg.jp/data/doc/1745047408_doc_902_0.pdf",""
"2","那珂町史","中世・近世編","中世／第二章　佐竹氏支配の進展と那珂地方","第三節　佐竹義舜・義篤・義昭・義重の時代","那須出兵と東氏","130","https://www.city.naka.lg.jp/data/doc/1745047408_doc_902_0.pdf",""
"2","那珂町史","中世・近世編","中世／第二章　佐竹氏支配の進展と那珂地方","第三節　佐竹義舜・義篤・義昭・義重の時代","石神城の合戦","133","https://www.city.naka.lg.jp/data/doc/1745047408_doc_902_0.pdf",""
"2","那珂町史","中世・近世編","中世／第二章　佐竹氏支配の進展と那珂地方","第三節　佐竹義舜・義篤・義昭・義重の時代","義重の合従連衡策","135","https://www.city.naka.lg.jp/data/doc/1745047408_doc_902_0.pdf",""
"2","那珂町史","中世・近世編","中世／第二章　佐竹氏支配の進展と那珂地方","第四節　豊臣政権の成立と佐竹氏","","139","https://www.city.naka.lg.jp/data/doc/1745047408_doc_902_0.pdf",""
"2","那珂町史","中世・近世編","中世／第二章　佐竹氏支配の進展と那珂地方","第四節　豊臣政権の成立と佐竹氏","秀吉の関東奥両国惣無事令","139","https://www.city.naka.lg.jp/data/doc/1745047408_doc_902_0.pdf",""
"2","那珂町史","中世・近世編","中世／第二章　佐竹氏支配の進展と那珂地方","第四節　豊臣政権の成立と佐竹氏","江戸氏と大掾氏の合戦","140","https://www.city.naka.lg.jp/data/doc/1745047408_doc_902_0.pdf",""
"2","那珂町史","中世・近世編","中世／第二章　佐竹氏支配の進展と那珂地方","第四節　豊臣政権の成立と佐竹氏","天正十八年額田の乱","143","https://www.city.naka.lg.jp/data/doc/1745047408_doc_902_0.pdf",""
"2","那珂町史","中世・近世編","中世／第二章　佐竹氏支配の進展と那珂地方","第四節　豊臣政権の成立と佐竹氏","会津黒川城の落城","146","https://www.city.naka.lg.jp/data/doc/1745047408_doc_902_0.pdf",""
"2","那珂町史","中世・近世編","中世／第二章　佐竹氏支配の進展と那珂地方","第四節　豊臣政権の成立と佐竹氏","義宣の小田原参陣","148","https://www.city.naka.lg.jp/data/doc/1745047408_doc_902_0.pdf",""
"2","那珂町史","中世・近世編","中世／第二章　佐竹氏支配の進展と那珂地方","第四節　豊臣政権の成立と佐竹氏","水戸城攻略と江戸氏の滅亡","151","https://www.city.naka.lg.jp/data/doc/1745047408_doc_902_0.pdf",""
"2","那珂町史","中世・近世編","中世／第二章　佐竹氏支配の進展と那珂地方","第四節　豊臣政権の成立と佐竹氏","天正十九年額田城攻略","153","https://www.city.naka.lg.jp/data/doc/1745047408_doc_902_0.pdf",""
"2","那珂町史","中世・近世編","中世／第二章　佐竹氏支配の進展と那珂地方","第四節　豊臣政権の成立と佐竹氏","絶え間ない軍役","155","https://www.city.naka.lg.jp/data/doc/1745047408_doc_902_0.pdf",""
"2","那珂町史","中世・近世編","中世／第二章　佐竹氏支配の進展と那珂地方","第四節　豊臣政権の成立と佐竹氏","文禄三年の太閤検地","157","https://www.city.naka.lg.jp/data/doc/1745047408_doc_902_0.pdf",""
"2","那珂町史","中世・近世編","中世／第二章　佐竹氏支配の進展と那珂地方","第四節　豊臣政権の成立と佐竹氏","那珂地方の知行割","159","https://www.city.naka.lg.jp/data/doc/1745047408_doc_902_0.pdf",""
"2","那珂町史","中世・近世編","中世／第二章　佐竹氏支配の進展と那珂地方","第四節　豊臣政権の成立と佐竹氏","慶長七年、突然の国替え","162","https://www.city.naka.lg.jp/data/doc/1745047408_doc_902_0.pdf",""
"2","那珂町史","中世・近世編","中世／第三章　那珂地方の城跡と館跡","","","169","https://www.city.naka.lg.jp/data/doc/1745047408_doc_902_0.pdf",""
"2","那珂町史","中世・近世編","中世／第三章　那珂地方の城跡と館跡","第一節　城跡","","169","https://www.city.naka.lg.jp/data/doc/1745047408_doc_902_0.pdf",""
"2","那珂町史","中世・近世編","中世／第三章　那珂地方の城跡と館跡","第一節　城跡","城の成立","171","https://www.city.naka.lg.jp/data/doc/1745047408_doc_902_0.pdf",""
"2","那珂町史","中世・近世編","中世／第三章　那珂地方の城跡と館跡","第一節　城跡","南酒出城跡","172","https://www.city.naka.lg.jp/data/doc/1745047408_doc_902_0.pdf",""
"2","那珂町史","中世・近世編","中世／第三章　那珂地方の城跡と館跡","第一節　城跡","北酒出城跡","177","https://www.city.naka.lg.jp/data/doc/1745047408_doc_902_0.pdf",""
"2","那珂町史","中世・近世編","中世／第三章　那珂地方の城跡と館跡","第一節　城跡","額田城跡","179","https://www.city.naka.lg.jp/data/doc/1745047408_doc_902_0.pdf",""
"2","那珂町史","中世・近世編","中世／第三章　那珂地方の城跡と館跡","第一節　城跡","戸村城跡","182","https://www.city.naka.lg.jp/data/doc/1745047408_doc_902_0.pdf",""
"2","那珂町史","中世・近世編","中世／第三章　那珂地方の城跡と館跡","第一節　城跡","江戸城跡","186","https://www.city.naka.lg.jp/data/doc/1745047408_doc_902_0.pdf",""
"2","那珂町史","中世・近世編","中世／第三章　那珂地方の城跡と館跡","第二節　館跡","","189","https://www.city.naka.lg.jp/data/doc/1745047408_doc_902_0.pdf",""
"2","那珂町史","中世・近世編","中世／第三章　那珂地方の城跡と館跡","第二節　館跡","館の成立","189","https://www.city.naka.lg.jp/data/doc/1745047408_doc_902_0.pdf",""
"2","那珂町史","中世・近世編","中世／第三章　那珂地方の城跡と館跡","第二節　館跡","向坪館跡","189","https://www.city.naka.lg.jp/data/doc/1745047408_doc_902_0.pdf",""
"2","那珂町史","中世・近世編","中世／第三章　那珂地方の城跡と館跡","第二節　館跡","東崎館跡","191","https://www.city.naka.lg.jp/data/doc/1745047408_doc_902_0.pdf",""
"2","那珂町史","中世・近世編","中世／第三章　那珂地方の城跡と館跡","第二節　館跡","中坪館跡","191","https://www.city.naka.lg.jp/data/doc/1745047408_doc_902_0.pdf",""
"2","那珂町史","中世・近世編","中世／第三章　那珂地方の城跡と館跡","第二節　館跡","玄番山館跡","192","https://www.city.naka.lg.jp/data/doc/1745047408_doc_902_0.pdf",""
"2","那珂町史","中世・近世編","中世／第三章　那珂地方の城跡と館跡","第二節　館跡","原坪館跡","193","https://www.city.naka.lg.jp/data/doc/1745047408_doc_902_0.pdf",""
"2","那珂町史","中世・近世編","中世／第三章　那珂地方の城跡と館跡","第二節　館跡","平野豊前重資館跡","194","https://www.city.naka.lg.jp/data/doc/1745047408_doc_902_0.pdf",""
"2","那珂町史","中世・近世編","中世／第三章　那珂地方の城跡と館跡","第二節　館跡","藤咲丹後館跡","197","https://www.city.naka.lg.jp/data/doc/1745047408_doc_902_0.pdf",""
"2","那珂町史","中世・近世編","中世／第三章　那珂地方の城跡と館跡","第二節　館跡","竹の内館跡","197","https://www.city.naka.lg.jp/data/doc/1745047408_doc_902_0.pdf",""
"2","那珂町史","中世・近世編","中世／第三章　那珂地方の城跡と館跡","第二節　館跡","軍司筑後守館跡","198","https://www.city.naka.lg.jp/data/doc/1745047408_doc_902_0.pdf",""
"2","那珂町史","中世・近世編","中世／第三章　那珂地方の城跡と館跡","第二節　館跡","飛田氏館跡","199","https://www.city.naka.lg.jp/data/doc/1745047408_doc_902_0.pdf",""
"2","那珂町史","中世・近世編","中世／第三章　那珂地方の城跡と館跡","第二節　館跡","柏村越前守館跡","200","https://www.city.naka.lg.jp/data/doc/1745047408_doc_902_0.pdf",""
"2","那珂町史","中世・近世編","中世／第三章　那珂地方の城跡と館跡","第二節　館跡","宮田掃部助館跡","201","https://www.city.naka.lg.jp/data/doc/1745047408_doc_902_0.pdf",""
"2","那珂町史","中世・近世編","中世／第三章　那珂地方の城跡と館跡","第二節　館跡","加藤安房守館跡","201","https://www.city.naka.lg.jp/data/doc/1745047408_doc_902_0.pdf",""
"2","那珂町史","中世・近世編","中世／第三章　那珂地方の城跡と館跡","第二節　館跡","掛札館跡","202","https://www.city.naka.lg.jp/data/doc/1745047408_doc_902_0.pdf",""
"2","那珂町史","中世・近世編","中世／第三章　那珂地方の城跡と館跡","第二節　館跡","備前山館跡","206","https://www.city.naka.lg.jp/data/doc/1745047408_doc_902_0.pdf",""
"2","那珂町史","中世・近世編","中世／第三章　那珂地方の城跡と館跡","第二節　館跡","内後館跡","206","https://www.city.naka.lg.jp/data/doc/1745047408_doc_902_0.pdf",""
"2","那珂町史","中世・近世編","中世／第三章　那珂地方の城跡と館跡","第二節　館跡","大学原館跡","207","https://www.city.naka.lg.jp/data/doc/1745047408_doc_902_0.pdf",""
"2","那珂町史","中世・近世編","中世／第三章　那珂地方の城跡と館跡","第二節　館跡","西木倉館跡","207","https://www.city.naka.lg.jp/data/doc/1745047408_doc_902_0.pdf",""
"2","那珂町史","中世・近世編","中世／第三章　那珂地方の城跡と館跡","第二節　館跡","田崎館跡","208","https://www.city.naka.lg.jp/data/doc/1745047408_doc_902_0.pdf",""
"2","那珂町史","中世・近世編","中世／第三章　那珂地方の城跡と館跡","第二節　館跡","要害館跡","208","https://www.city.naka.lg.jp/data/doc/1745047408_doc_902_0.pdf",""
"2","那珂町史","中世・近世編","中世／第三章　那珂地方の城跡と館跡","第二節　館跡","門部館跡","209","https://www.city.naka.lg.jp/data/doc/1745047408_doc_902_0.pdf",""
"2","那珂町史","中世・近世編","中世／第三章　那珂地方の城跡と館跡","第二節　館跡","中宿東館跡","209","https://www.city.naka.lg.jp/data/doc/1745047408_doc_902_0.pdf",""
"2","那珂町史","中世・近世編","中世／第三章　那珂地方の城跡と館跡","第二節　館跡","堀之内館跡","209","https://www.city.naka.lg.jp/data/doc/1745047408_doc_902_0.pdf",""
"2","那珂町史","中世・近世編","中世／第三章　那珂地方の城跡と館跡","第二節　館跡","高野館跡","210","https://www.city.naka.lg.jp/data/doc/1745047408_doc_902_0.pdf",""
"2","那珂町史","中世・近世編","中世／第三章　那珂地方の城跡と館跡","第二節　館跡","神生館跡","210","https://www.city.naka.lg.jp/data/doc/1745047408_doc_902_0.pdf",""
"2","那珂町史","中世・近世編","中世／第三章　那珂地方の城跡と館跡","第二節　館跡","堤館跡","210","https://www.city.naka.lg.jp/data/doc/1745047408_doc_902_0.pdf",""
"2","那珂町史","中世・近世編","中世／第三章　那珂地方の城跡と館跡","第二節　館跡","木戸館跡","211","https://www.city.naka.lg.jp/data/doc/1745047408_doc_902_0.pdf",""
"2","那珂町史","中世・近世編","中世／第三章　那珂地方の城跡と館跡","第二節　館跡","東風谷館跡","211","https://www.city.naka.lg.jp/data/doc/1745047408_doc_902_0.pdf",""
"2","那珂町史","中世・近世編","中世／第三章　那珂地方の城跡と館跡","第二節　館跡","稲荷山館跡","212","https://www.city.naka.lg.jp/data/doc/1745047408_doc_902_0.pdf",""
"2","那珂町史","中世・近世編","中世／第三章　那珂地方の城跡と館跡","第二節　館跡","檜山館跡","212","https://www.city.naka.lg.jp/data/doc/1745047408_doc_902_0.pdf",""
"2","那珂町史","中世・近世編","中世／第三章　那珂地方の城跡と館跡","第二節　館跡","大内館跡","212","https://www.city.naka.lg.jp/data/doc/1745047408_doc_902_0.pdf",""
"2","那珂町史","中世・近世編","中世／第三章　那珂地方の城跡と館跡","第二節　館跡","小堤館跡","212","https://www.city.naka.lg.jp/data/doc/1745047408_doc_902_0.pdf",""
"2","那珂町史","中世・近世編","中世／第四章　那珂地方の中世文化","","","215","https://www.city.naka.lg.jp/data/doc/1745047408_doc_902_0.pdf",""
"2","那珂町史","中世・近世編","中世／第四章　那珂地方の中世文化","第一節　中世の神社と寺院","","215","https://www.city.naka.lg.jp/data/doc/1745047408_doc_902_0.pdf",""
"2","那珂町史","中世・近世編","中世／第四章　那珂地方の中世文化","第一節　中世の神社と寺院","那珂地方の神社","215","https://www.city.naka.lg.jp/data/doc/1745047408_doc_902_0.pdf",""
"2","那珂町史","中世・近世編","中世／第四章　那珂地方の中世文化","第一節　中世の神社と寺院","三嶋神社","215","https://www.city.naka.lg.jp/data/doc/1745047408_doc_902_0.pdf",""
"2","那珂町史","中世・近世編","中世／第四章　那珂地方の中世文化","第一節　中世の神社と寺院","鹿島八幡神社","218","https://www.city.naka.lg.jp/data/doc/1745047408_doc_902_0.pdf",""
"2","那珂町史","中世・近世編","中世／第四章　那珂地方の中世文化","第一節　中世の神社と寺院","鹿島神社","218","https://www.city.naka.lg.jp/data/doc/1745047408_doc_902_0.pdf",""
"2","那珂町史","中世・近世編","中世／第四章　那珂地方の中世文化","第一節　中世の神社と寺院","鹿島三島神社","219","https://www.city.naka.lg.jp/data/doc/1745047408_doc_902_0.pdf",""
"2","那珂町史","中世・近世編","中世／第四章　那珂地方の中世文化","第一節　中世の神社と寺院","鷲神社","220","https://www.city.naka.lg.jp/data/doc/1745047408_doc_902_0.pdf",""
"2","那珂町史","中世・近世編","中世／第四章　那珂地方の中世文化","第一節　中世の神社と寺院","駒形神社","220","https://www.city.naka.lg.jp/data/doc/1745047408_doc_902_0.pdf",""
"2","那珂町史","中世・近世編","中世／第四章　那珂地方の中世文化","第一節　中世の神社と寺院","曹洞宗の展開と那珂地方","221","https://www.city.naka.lg.jp/data/doc/1745047408_doc_902_0.pdf",""
"2","那珂町史","中世・近世編","中世／第四章　那珂地方の中世文化","第一節　中世の神社と寺院","鱗勝院","223","https://www.city.naka.lg.jp/data/doc/1745047408_doc_902_0.pdf",""
"2","那珂町史","中世・近世編","中世／第四章　那珂地方の中世文化","第一節　中世の神社と寺院","高泰院（蒼龍寺）","223","https://www.city.naka.lg.jp/data/doc/1745047408_doc_902_0.pdf",""
"2","那珂町史","中世・近世編","中世／第四章　那珂地方の中世文化","第一節　中世の神社と寺院","龍昌院","225","https://www.city.naka.lg.jp/data/doc/1745047408_doc_902_0.pdf",""
"2","那珂町史","中世・近世編","中世／第四章　那珂地方の中世文化","第一節　中世の神社と寺院","佐竹山方の真言宗の展開と那珂地方","230","https://www.city.naka.lg.jp/data/doc/1745047408_doc_902_0.pdf",""
"2","那珂町史","中世・近世編","中世／第四章　那珂地方の中世文化","第一節　中世の神社と寺院","文殊院","231","https://www.city.naka.lg.jp/data/doc/1745047408_doc_902_0.pdf",""
"2","那珂町史","中世・近世編","中世／第四章　那珂地方の中世文化","第一節　中世の神社と寺院","毘盧遮那寺","232","https://www.city.naka.lg.jp/data/doc/1745047408_doc_902_0.pdf",""
"2","那珂町史","中世・近世編","中世／第四章　那珂地方の中世文化","第一節　中世の神社と寺院","浄土宗の発展と那珂地方","233","https://www.city.naka.lg.jp/data/doc/1745047408_doc_902_0.pdf",""
"2","那珂町史","中世・近世編","中世／第四章　那珂地方の中世文化","第一節　中世の神社と寺院","浄土真宗の展開と那珂地方","235","https://www.city.naka.lg.jp/data/doc/1745047408_doc_902_0.pdf",""
"2","那珂町史","中世・近世編","中世／第四章　那珂地方の中世文化","第一節　中世の神社と寺院","山伏弁円と上宮寺","237","https://www.city.naka.lg.jp/data/doc/1745047408_doc_902_0.pdf",""
"2","那珂町史","中世・近世編","中世／第四章　那珂地方の中世文化","第一節　中世の神社と寺院","阿弥陀寺と正覚寺","241","https://www.city.naka.lg.jp/data/doc/1745047408_doc_902_0.pdf",""
"2","那珂町史","中世・近世編","中世／第四章　那珂地方の中世文化","第一節　中世の神社と寺院","門部リュウガイ遺跡出土の密教法具","241","https://www.city.naka.lg.jp/data/doc/1745047408_doc_902_0.pdf",""
"2","那珂町史","中世・近世編","中世／第四章　那珂地方の中世文化","第二節　中世の武家文化","","245","https://www.city.naka.lg.jp/data/doc/1745047408_doc_902_0.pdf",""
"2","那珂町史","中世・近世編","中世／第四章　那珂地方の中世文化","第二節　中世の武家文化","関東地方への茶道の伝播","245","https://www.city.naka.lg.jp/data/doc/1745047408_doc_902_0.pdf",""
"2","那珂町史","中世・近世編","中世／第四章　那珂地方の中世文化","第二節　中世の武家文化","佐竹義宣と茶道","247","https://www.city.naka.lg.jp/data/doc/1745047408_doc_902_0.pdf",""
"2","那珂町史","中世・近世編","中世／第四章　那珂地方の中世文化","第二節　中世の武家文化","佐竹氏家臣団と茶道","253","https://www.city.naka.lg.jp/data/doc/1745047408_doc_902_0.pdf","表題の一部はOCR及び画像目視で判読に不確実性あり"
"2","那珂町史","中世・近世編","中世／第四章　那珂地方の中世文化","第二節　中世の武家文化","江戸真純と連歌","258","https://www.city.naka.lg.jp/data/doc/1745047408_doc_902_0.pdf",""
"2","那珂町史","中世・近世編","中世／第四章　那珂地方の中世文化","第二節　中世の武家文化","佐竹氏と連歌","260","https://www.city.naka.lg.jp/data/doc/1745047408_doc_902_0.pdf",""
"2","那珂町史","中世・近世編","中世／第四章　那珂地方の中世文化","第二節　中世の武家文化","佐竹氏と能楽","261","https://www.city.naka.lg.jp/data/doc/1745047408_doc_902_0.pdf",""
"2","那珂町史","中世・近世編","近世／第一章　水戸藩の成立と那珂地方","","","269","https://www.city.naka.lg.jp/data/doc/1745047408_doc_902_0.pdf",""
"2","那珂町史","中世・近世編","近世／第一章　水戸藩の成立と那珂地方","第一節　佐竹氏の秋田移封と水戸藩の成立","","269","https://www.city.naka.lg.jp/data/doc/1745047408_doc_902_0.pdf",""
"2","那珂町史","中世・近世編","近世／第一章　水戸藩の成立と那珂地方","第一節　佐竹氏の秋田移封と水戸藩の成立","佐竹氏の秋田移封","269","https://www.city.naka.lg.jp/data/doc/1745047408_doc_902_0.pdf",""
"2","那珂町史","中世・近世編","近世／第一章　水戸藩の成立と那珂地方","第一節　佐竹氏の秋田移封と水戸藩の成立","佐竹氏移封後の那珂地方","271","https://www.city.naka.lg.jp/data/doc/1745047408_doc_902_0.pdf",""
"2","那珂町史","中世・近世編","近世／第一章　水戸藩の成立と那珂地方","第一節　佐竹氏の秋田移封と水戸藩の成立","備前検地","272","https://www.city.naka.lg.jp/data/doc/1745047408_doc_902_0.pdf",""
"2","那珂町史","中世・近世編","近世／第一章　水戸藩の成立と那珂地方","第一節　佐竹氏の秋田移封と水戸藩の成立","水戸藩の創始","275","https://www.city.naka.lg.jp/data/doc/1745047408_doc_902_0.pdf",""
"2","那珂町史","中世・近世編","近世／第一章　水戸藩の成立と那珂地方","第二節　寛永の検地","","279","https://www.city.naka.lg.jp/data/doc/1745047408_doc_902_0.pdf",""
"2","那珂町史","中世・近世編","近世／第一章　水戸藩の成立と那珂地方","第二節　寛永の検地","寛永検地の内容","279","https://www.city.naka.lg.jp/data/doc/1745047408_doc_902_0.pdf",""
"2","那珂町史","中世・近世編","近世／第一章　水戸藩の成立と那珂地方","第二節　寛永の検地","寛永検地帳と農民の階層","283","https://www.city.naka.lg.jp/data/doc/1745047408_doc_902_0.pdf",""
"2","那珂町史","中世・近世編","近世／第一章　水戸藩の成立と那珂地方","第二節　寛永の検地","那珂地方の正保の知行割替え","286","https://www.city.naka.lg.jp/data/doc/1745047408_doc_902_0.pdf",""
"2","那珂町史","中世・近世編","近世／第一章　水戸藩の成立と那珂地方","第二節　寛永の検地","頼元と頼隆の知行地等","290","https://www.city.naka.lg.jp/data/doc/1745047408_doc_902_0.pdf",""
"2","那珂町史","中世・近世編","近世／第一章　水戸藩の成立と那珂地方","第三節　用水事業","","296","https://www.city.naka.lg.jp/data/doc/1745047408_doc_902_0.pdf",""
"2","那珂町史","中世・近世編","近世／第一章　水戸藩の成立と那珂地方","第三節　用水事業","岩崎江の建設","296","https://www.city.naka.lg.jp/data/doc/1745047408_doc_902_0.pdf",""
"2","那珂町史","中世・近世編","近世／第一章　水戸藩の成立と那珂地方","第三節　用水事業","中岡村等における岩崎江の管理保全","297","https://www.city.naka.lg.jp/data/doc/1745047408_doc_902_0.pdf",""
"2","那珂町史","中世・近世編","近世／第一章　水戸藩の成立と那珂地方","第三節　用水事業","小場江の建設","301","https://www.city.naka.lg.jp/data/doc/1745047408_doc_902_0.pdf",""
"2","那珂町史","中世・近世編","近世／第一章　水戸藩の成立と那珂地方","第三節　用水事業","下江戸村にみる江筋の保全","303","https://www.city.naka.lg.jp/data/doc/1745047408_doc_902_0.pdf",""
"2","那珂町史","中世・近世編","近世／第一章　水戸藩の成立と那珂地方","第三節　用水事業","溜池の増設","306","https://www.city.naka.lg.jp/data/doc/1745047408_doc_902_0.pdf",""
"2","那珂町史","中世・近世編","近世／第一章　水戸藩の成立と那珂地方","第三節　用水事業","東木倉村における溜池の保全","309","https://www.city.naka.lg.jp/data/doc/1745047408_doc_902_0.pdf",""
"2","那珂町史","中世・近世編","近世／第一章　水戸藩の成立と那珂地方","第四節　新田開発","","313","https://www.city.naka.lg.jp/data/doc/1745047408_doc_902_0.pdf",""
"2","那珂町史","中世・近世編","近世／第一章　水戸藩の成立と那珂地方","第四節　新田開発","水戸藩の開発奨励と開発傾向","313","https://www.city.naka.lg.jp/data/doc/1745047408_doc_902_0.pdf",""
"2","那珂町史","中世・近世編","近世／第一章　水戸藩の成立と那珂地方","第四節　新田開発","那珂地方諸村の開発","315","https://www.city.naka.lg.jp/data/doc/1745047408_doc_902_0.pdf","開始ページはOCR及び画像目視で判読に不確実性あり"
"2","那珂町史","中世・近世編","近世／第一章　水戸藩の成立と那珂地方","第四節　新田開発","戸崎飯田村の新田開発","318","https://www.city.naka.lg.jp/data/doc/1745047408_doc_902_0.pdf",""
"2","那珂町史","中世・近世編","近世／第一章　水戸藩の成立と那珂地方","第四節　新田開発","鳥喰（豊喰）村の新田開発","323","https://www.city.naka.lg.jp/data/doc/1745047408_doc_902_0.pdf",""
"2","那珂町史","中世・近世編","近世／第一章　水戸藩の成立と那珂地方","第四節　新田開発","飯田・鳥喰両新田村の存在","327","https://www.city.naka.lg.jp/data/doc/1745047408_doc_902_0.pdf",""
"2","那珂町史","中世・近世編","近世／第二章　水戸藩政の展開と那珂地方","","","335","https://www.city.naka.lg.jp/data/doc/1745047408_doc_902_0.pdf",""
"2","那珂町史","中世・近世編","近世／第二章　水戸藩政の展開と那珂地方","第一節　農村の組織と農民の負担","","335","https://www.city.naka.lg.jp/data/doc/1745047408_doc_902_0.pdf",""
"2","那珂町史","中世・近世編","近世／第二章　水戸藩政の展開と那珂地方","第一節　農村の組織と農民の負担","郡制と農村の支配","335","https://www.city.naka.lg.jp/data/doc/1745047408_doc_902_0.pdf",""
"2","那珂町史","中世・近世編","近世／第二章　水戸藩政の展開と那珂地方","第一節　農村の組織と農民の負担","村の機能","339","https://www.city.naka.lg.jp/data/doc/1745047408_doc_902_0.pdf",""
"2","那珂町史","中世・近世編","近世／第二章　水戸藩政の展開と那珂地方","第一節　農村の組織と農民の負担","村の景観","343","https://www.city.naka.lg.jp/data/doc/1745047408_doc_902_0.pdf",""
"2","那珂町史","中世・近世編","近世／第二章　水戸藩政の展開と那珂地方","第一節　農村の組織と農民の負担","貢租制度","345","https://www.city.naka.lg.jp/data/doc/1745047408_doc_902_0.pdf",""
"2","那珂町史","中世・近世編","近世／第二章　水戸藩政の展開と那珂地方","第一節　農村の組織と農民の負担","農民の階層と身分","350","https://www.city.naka.lg.jp/data/doc/1745047408_doc_902_0.pdf",""
"2","那珂町史","中世・近世編","近世／第二章　水戸藩政の展開と那珂地方","第一節　農村の組織と農民の負担","農民の生活","355","https://www.city.naka.lg.jp/data/doc/1745047408_doc_902_0.pdf",""
"2","那珂町史","中世・近世編","近世／第二章　水戸藩政の展開と那珂地方","第二節　徳川光圀の社寺改革","","361","https://www.city.naka.lg.jp/data/doc/1745047408_doc_902_0.pdf",""
"2","那珂町史","中世・近世編","近世／第二章　水戸藩政の展開と那珂地方","第二節　徳川光圀の社寺改革","宗門改と寺請制","362","https://www.city.naka.lg.jp/data/doc/1745047408_doc_902_0.pdf",""
"2","那珂町史","中世・近世編","近世／第二章　水戸藩政の展開と那珂地方","第二節　徳川光圀の社寺改革","那珂地方の寺院","368","https://www.city.naka.lg.jp/data/doc/1745047408_doc_902_0.pdf",""
"2","那珂町史","中世・近世編","近世／第二章　水戸藩政の展開と那珂地方","第二節　徳川光圀の社寺改革","光圀の寺院整理","377","https://www.city.naka.lg.jp/data/doc/1745047408_doc_902_0.pdf",""
"2","那珂町史","中世・近世編","近世／第二章　水戸藩政の展開と那珂地方","第二節　徳川光圀の社寺改革","向山浄鑑院","385","https://www.city.naka.lg.jp/data/doc/1745047408_doc_902_0.pdf",""
"2","那珂町史","中世・近世編","近世／第二章　水戸藩政の展開と那珂地方","第二節　徳川光圀の社寺改革","神社改革","387","https://www.city.naka.lg.jp/data/doc/1745047408_doc_902_0.pdf",""
"2","那珂町史","中世・近世編","近世／第二章　水戸藩政の展開と那珂地方","第三節　宝永一揆","","395","https://www.city.naka.lg.jp/data/doc/1745047408_doc_902_0.pdf",""
"2","那珂町史","中世・近世編","近世／第二章　水戸藩政の展開と那珂地方","第三節　宝永一揆","藩財政難の増大","395","https://www.city.naka.lg.jp/data/doc/1745047408_doc_902_0.pdf",""
"2","那珂町史","中世・近世編","近世／第二章　水戸藩政の展開と那珂地方","第三節　宝永一揆","松波勘十郎の登場と宝永改革","399","https://www.city.naka.lg.jp/data/doc/1745047408_doc_902_0.pdf",""
"2","那珂町史","中世・近世編","近世／第二章　水戸藩政の展開と那珂地方","第三節　宝永一揆","農民の負担と貢租増徴政策","405","https://www.city.naka.lg.jp/data/doc/1745047408_doc_902_0.pdf",""
"2","那珂町史","中世・近世編","近世／第二章　水戸藩政の展開と那珂地方","第三節　宝永一揆","農民の決起と強訴","409","https://www.city.naka.lg.jp/data/doc/1745047408_doc_902_0.pdf",""
"2","那珂町史","中世・近世編","近世／第二章　水戸藩政の展開と那珂地方","第三節　宝永一揆","一揆の勝利と藩側の対応","414","https://www.city.naka.lg.jp/data/doc/1745047408_doc_902_0.pdf",""
"2","那珂町史","中世・近世編","近世／第三章　交通と運輸","","","419","https://www.city.naka.lg.jp/data/doc/1745047408_doc_902_0.pdf",""
"2","那珂町史","中世・近世編","近世／第三章　交通と運輸","第一節　街道と宿場","","419","https://www.city.naka.lg.jp/data/doc/1745047408_doc_902_0.pdf",""
"2","那珂町史","中世・近世編","近世／第三章　交通と運輸","第一節　街道と宿場","街道の整備","419","https://www.city.naka.lg.jp/data/doc/1745047408_doc_902_0.pdf",""
"2","那珂町史","中世・近世編","近世／第三章　交通と運輸","第一節　街道と宿場","棚倉街道と上町道、下町道","423","https://www.city.naka.lg.jp/data/doc/1745047408_doc_902_0.pdf",""
"2","那珂町史","中世・近世編","近世／第三章　交通と運輸","第一節　街道と宿場","南郷街道とその他の街道","427","https://www.city.naka.lg.jp/data/doc/1745047408_doc_902_0.pdf",""
"2","那珂町史","中世・近世編","近世／第三章　交通と運輸","第一節　街道と宿場","宿駅制度","429","https://www.city.naka.lg.jp/data/doc/1745047408_doc_902_0.pdf",""
"2","那珂町史","中世・近世編","近世／第三章　交通と運輸","第一節　街道と宿場","庶民の旅","435","https://www.city.naka.lg.jp/data/doc/1745047408_doc_902_0.pdf",""
"2","那珂町史","中世・近世編","近世／第三章　交通と運輸","第二節　舟運と河岸","","441","https://www.city.naka.lg.jp/data/doc/1745047408_doc_902_0.pdf",""
"2","那珂町史","中世・近世編","近世／第三章　交通と運輸","第二節　舟運と河岸","那珂川の舟運と河岸","441","https://www.city.naka.lg.jp/data/doc/1745047408_doc_902_0.pdf",""
"2","那珂町史","中世・近世編","近世／第三章　交通と運輸","第二節　舟運と河岸","河岸開設と浜荷中継の特権","443","https://www.city.naka.lg.jp/data/doc/1745047408_doc_902_0.pdf",""
"2","那珂町史","中世・近世編","近世／第三章　交通と運輸","第二節　舟運と河岸","河岸利権の防衛","447","https://www.city.naka.lg.jp/data/doc/1745047408_doc_902_0.pdf",""
"2","那珂町史","中世・近世編","近世／第三章　交通と運輸","第二節　舟運と河岸","柏手中継河岸の衰退","450","https://www.city.naka.lg.jp/data/doc/1745047408_doc_902_0.pdf",""
"2","那珂町史","中世・近世編","近世／第三章　交通と運輸","第二節　舟運と河岸","下江戸河岸の荷扱い量","454","https://www.city.naka.lg.jp/data/doc/1745047408_doc_902_0.pdf",""
"2","那珂町史","中世・近世編","近世／第三章　交通と運輸","第二節　舟運と河岸","河岸役銭と舟賃","461","https://www.city.naka.lg.jp/data/doc/1745047408_doc_902_0.pdf",""
"2","那珂町史","中世・近世編","近世／第三章　交通と運輸","第二節　舟運と河岸","文化・文政の河岸改革","465","https://www.city.naka.lg.jp/data/doc/1745047408_doc_902_0.pdf",""
"2","那珂町史","中世・近世編","近世／第三章　交通と運輸","第二節　舟運と河岸","中継河岸の五十集荷口改め","467","https://www.city.naka.lg.jp/data/doc/1745047408_doc_902_0.pdf",""
"2","那珂町史","中世・近世編","近世／第三章　交通と運輸","第二節　舟運と河岸","弘化の河岸改革とその後","469","https://www.city.naka.lg.jp/data/doc/1745047408_doc_902_0.pdf",""
"2","那珂町史","中世・近世編","近世／第三章　交通と運輸","第二節　舟運と河岸","久慈川の舟運と門部村の新河岸問題","472","https://www.city.naka.lg.jp/data/doc/1745047408_doc_902_0.pdf",""
"2","那珂町史","中世・近世編","近世／第四章　庶民文化の発達","","","479","https://www.city.naka.lg.jp/data/doc/1745047408_doc_902_0.pdf",""
"2","那珂町史","中世・近世編","近世／第四章　庶民文化の発達","第一節　庶民教育の普及","","479","https://www.city.naka.lg.jp/data/doc/1745047408_doc_902_0.pdf",""
"2","那珂町史","中世・近世編","近世／第四章　庶民文化の発達","第一節　庶民教育の普及","那珂地方の寺子屋","479","https://www.city.naka.lg.jp/data/doc/1745047408_doc_902_0.pdf",""
"2","那珂町史","中世・近世編","近世／第四章　庶民文化の発達","第一節　庶民教育の普及","私塾の教育と向学","486","https://www.city.naka.lg.jp/data/doc/1745047408_doc_902_0.pdf",""
"2","那珂町史","中世・近世編","近世／第四章　庶民文化の発達","第二節　庶民の文芸と芸能","","496","https://www.city.naka.lg.jp/data/doc/1745047408_doc_902_0.pdf",""
"2","那珂町史","中世・近世編","近世／第四章　庶民文化の発達","第二節　庶民の文芸と芸能","那珂地方の俳諧","496","https://www.city.naka.lg.jp/data/doc/1745047408_doc_902_0.pdf",""
"2","那珂町史","中世・近世編","近世／第四章　庶民文化の発達","第二節　庶民の文芸と芸能","額田三日坊と義仲寺の時雨会","503","https://www.city.naka.lg.jp/data/doc/1745047408_doc_902_0.pdf",""
"2","那珂町史","中世・近世編","近世／第四章　庶民文化の発達","第二節　庶民の文芸と芸能","絵画と長唄","506","https://www.city.naka.lg.jp/data/doc/1745047408_doc_902_0.pdf",""
"2","那珂町史","中世・近世編","近世／第四章　庶民文化の発達","第三節　民間武術の発達","","511","https://www.city.naka.lg.jp/data/doc/1745047408_doc_902_0.pdf",""
"2","那珂町史","中世・近世編","近世／第四章　庶民文化の発達","第三節　民間武術の発達","郷士の武芸と杖術の普及","511","https://www.city.naka.lg.jp/data/doc/1745047408_doc_902_0.pdf",""
"2","那珂町史","中世・近世編","近世／第四章　庶民文化の発達","第三節　民間武術の発達","柔術の振興と平野又左衛門","514","https://www.city.naka.lg.jp/data/doc/1745047408_doc_902_0.pdf",""
"2","那珂町史","中世・近世編","近世／第四章　庶民文化の発達","第四節　医学と民間治療","","519","https://www.city.naka.lg.jp/data/doc/1745047408_doc_902_0.pdf",""
"2","那珂町史","中世・近世編","近世／第四章　庶民文化の発達","第四節　医学と民間治療","那珂地方の医師","519","https://www.city.naka.lg.jp/data/doc/1745047408_doc_902_0.pdf",""
"2","那珂町史","中世・近世編","近世／第四章　庶民文化の発達","第四節　医学と民間治療","本草と家伝の妙薬","523","https://www.city.naka.lg.jp/data/doc/1745047408_doc_902_0.pdf",""
"2","那珂町史","中世・近世編","近世／第四章　庶民文化の発達","第五節　祭りと民間信仰","","528","https://www.city.naka.lg.jp/data/doc/1745047408_doc_902_0.pdf",""
"2","那珂町史","中世・近世編","近世／第四章　庶民文化の発達","第五節　祭りと民間信仰","神社の祭り","528","https://www.city.naka.lg.jp/data/doc/1745047408_doc_902_0.pdf",""
"2","那珂町史","中世・近世編","近世／第四章　庶民文化の発達","第五節　祭りと民間信仰","民間信仰","532","https://www.city.naka.lg.jp/data/doc/1745047408_doc_902_0.pdf",""
"2","那珂町史","中世・近世編","近世／第五章　農業と農村の変容","","","537","https://www.city.naka.lg.jp/data/doc/1745047408_doc_902_0.pdf",""
"2","那珂町史","中世・近世編","近世／第五章　農業と農村の変容","第一節　農業","","537","https://www.city.naka.lg.jp/data/doc/1745047408_doc_902_0.pdf",""
"2","那珂町史","中世・近世編","近世／第五章　農業と農村の変容","第一節　農業","水田作","539","https://www.city.naka.lg.jp/data/doc/1745047408_doc_902_0.pdf",""
"2","那珂町史","中世・近世編","近世／第五章　農業と農村の変容","第一節　農業","畑作","549","https://www.city.naka.lg.jp/data/doc/1745047408_doc_902_0.pdf",""
"2","那珂町史","中世・近世編","近世／第五章　農業と農村の変容","第一節　農業","著名農産物と商品作物","551","https://www.city.naka.lg.jp/data/doc/1745047408_doc_902_0.pdf",""
"2","那珂町史","中世・近世編","近世／第五章　農業と農村の変容","第一節　農業","農馬、秣野と農具","556","https://www.city.naka.lg.jp/data/doc/1745047408_doc_902_0.pdf",""
"2","那珂町史","中世・近世編","近世／第五章　農業と農村の変容","第二節　農村の荒廃と農民騒動","","561","https://www.city.naka.lg.jp/data/doc/1745047408_doc_902_0.pdf",""
"2","那珂町史","中世・近世編","近世／第五章　農業と農村の変容","第二節　農村の荒廃と農民騒動","年貢の変遷","561","https://www.city.naka.lg.jp/data/doc/1745047408_doc_902_0.pdf",""
"2","那珂町史","中世・近世編","近世／第五章　農業と農村の変容","第二節　農村の荒廃と農民騒動","凶作と飢饉","565","https://www.city.naka.lg.jp/data/doc/1745047408_doc_902_0.pdf",""
"2","那珂町史","中世・近世編","近世／第五章　農業と農村の変容","第二節　農村の荒廃と農民騒動","田畑の荒廃","571","https://www.city.naka.lg.jp/data/doc/1745047408_doc_902_0.pdf",""
"2","那珂町史","中世・近世編","近世／第五章　農業と農村の変容","第二節　農村の荒廃と農民騒動","農村の人口の変化","576","https://www.city.naka.lg.jp/data/doc/1745047408_doc_902_0.pdf",""
"2","那珂町史","中世・近世編","近世／第五章　農業と農村の変容","第二節　農村の荒廃と農民騒動","明和八年の太田鋳銭座打ちこわしと安永三年の太田村騒動","581","https://www.city.naka.lg.jp/data/doc/1745047408_doc_902_0.pdf",""
"2","那珂町史","中世・近世編","近世／第五章　農業と農村の変容","第二節　農村の荒廃と農民騒動","頻発する村方騒動","586","https://www.city.naka.lg.jp/data/doc/1745047408_doc_902_0.pdf",""
"2","那珂町史","中世・近世編","近世／第五章　農業と農村の変容","第三節　農民層の動向と農村改革","","592","https://www.city.naka.lg.jp/data/doc/1745047408_doc_902_0.pdf",""
"2","那珂町史","中世・近世編","近世／第五章　農業と農村の変容","第三節　農民層の動向と農村改革","同族団の組織と動揺","592","https://www.city.naka.lg.jp/data/doc/1745047408_doc_902_0.pdf",""
"2","那珂町史","中世・近世編","近世／第五章　農業と農村の変容","第三節　農民層の動向と農村改革","若者組の組織と行動","595","https://www.city.naka.lg.jp/data/doc/1745047408_doc_902_0.pdf",""
"2","那珂町史","中世・近世編","近世／第五章　農業と農村の変容","第三節　農民層の動向と農村改革","寛政期の藩政と農政論","599","https://www.city.naka.lg.jp/data/doc/1745047408_doc_902_0.pdf",""
"2","那珂町史","中世・近世編","近世／第五章　農業と農村の変容","第三節　農民層の動向と農村改革","農政改革と勧農","602","https://www.city.naka.lg.jp/data/doc/1745047408_doc_902_0.pdf",""
"2","那珂町史","中世・近世編","近世／第五章　農業と農村の変容","第三節　農民層の動向と農村改革","村方改革","606","https://www.city.naka.lg.jp/data/doc/1745047408_doc_902_0.pdf",""
"2","那珂町史","中世・近世編","近世／第六章　天保の改革と那珂地方の村々","","","613","https://www.city.naka.lg.jp/data/doc/1745047408_doc_902_0.pdf",""
"2","那珂町史","中世・近世編","近世／第六章　天保の改革と那珂地方の村々","第一節　天保の政情","","613","https://www.city.naka.lg.jp/data/doc/1745047408_doc_902_0.pdf",""
"2","那珂町史","中世・近世編","近世／第六章　天保の改革と那珂地方の村々","第一節　天保の政情","斉脩の襲封","613","https://www.city.naka.lg.jp/data/doc/1745047408_doc_902_0.pdf",""
"2","那珂町史","中世・近世編","近世／第六章　天保の改革と那珂地方の村々","第一節　天保の政情","磯崎村・額田村改革と飯田村の処罰","614","https://www.city.naka.lg.jp/data/doc/1745047408_doc_902_0.pdf",""
"2","那珂町史","中世・近世編","近世／第六章　天保の改革と那珂地方の村々","第一節　天保の政情","郡制と那珂地方","619","https://www.city.naka.lg.jp/data/doc/1745047408_doc_902_0.pdf",""
"2","那珂町史","中世・近世編","近世／第六章　天保の改革と那珂地方の村々","第一節　天保の政情","斉脩の瑞龍山参拝と額田村鈴木家","623","https://www.city.naka.lg.jp/data/doc/1745047408_doc_902_0.pdf",""
"2","那珂町史","中世・近世編","近世／第六章　天保の改革と那珂地方の村々","第一節　天保の政情","静神社参拝","626","https://www.city.naka.lg.jp/data/doc/1745047408_doc_902_0.pdf",""
"2","那珂町史","中世・近世編","近世／第六章　天保の改革と那珂地方の村々","第一節　天保の政情","天保の飢饉と那珂地方","628","https://www.city.naka.lg.jp/data/doc/1745047408_doc_902_0.pdf",""
"2","那珂町史","中世・近世編","近世／第六章　天保の改革と那珂地方の村々","第一節　天保の政情","公儀巡見と村々の対応","632","https://www.city.naka.lg.jp/data/doc/1745047408_doc_902_0.pdf",""
"2","那珂町史","中世・近世編","近世／第六章　天保の改革と那珂地方の村々","第二節　天保検地","","639","https://www.city.naka.lg.jp/data/doc/1745047408_doc_902_0.pdf",""
"2","那珂町史","中世・近世編","近世／第六章　天保の改革と那珂地方の村々","第二節　天保検地","検地をめぐる論議","639","https://www.city.naka.lg.jp/data/doc/1745047408_doc_902_0.pdf",""
"2","那珂町史","中世・近世編","近世／第六章　天保の改革と那珂地方の村々","第二節　天保検地","検地の準備","643","https://www.city.naka.lg.jp/data/doc/1745047408_doc_902_0.pdf",""
"2","那珂町史","中世・近世編","近世／第六章　天保の改革と那珂地方の村々","第二節　天保検地","検地の実施","646","https://www.city.naka.lg.jp/data/doc/1745047408_doc_902_0.pdf",""
"2","那珂町史","中世・近世編","近世／第六章　天保の改革と那珂地方の村々","第二節　天保検地","検地の結果と年貢の変化","660","https://www.city.naka.lg.jp/data/doc/1745047408_doc_902_0.pdf",""
"2","那珂町史","中世・近世編","近世／第六章　天保の改革と那珂地方の村々","第二節　天保検地","検地による村々の変化","663","https://www.city.naka.lg.jp/data/doc/1745047408_doc_902_0.pdf",""
"2","那珂町史","中世・近世編","近世／第六章　天保の改革と那珂地方の村々","第三節　社寺改革","","671","https://www.city.naka.lg.jp/data/doc/1745047408_doc_902_0.pdf",""
"2","那珂町史","中世・近世編","近世／第六章　天保の改革と那珂地方の村々","第三節　社寺改革","改革の背景","671","https://www.city.naka.lg.jp/data/doc/1745047408_doc_902_0.pdf",""
"2","那珂町史","中世・近世編","近世／第六章　天保の改革と那珂地方の村々","第三節　社寺改革","葬祭刷新と飯田村の自葬祭願い","673","https://www.city.naka.lg.jp/data/doc/1745047408_doc_902_0.pdf",""
"2","那珂町史","中世・近世編","近世／第六章　天保の改革と那珂地方の村々","第三節　社寺改革","梵鐘・仏具類の没収","676","https://www.city.naka.lg.jp/data/doc/1745047408_doc_902_0.pdf",""
"2","那珂町史","中世・近世編","近世／第六章　天保の改革と那珂地方の村々","第三節　社寺改革","寺院・僧侶の整理","680","https://www.city.naka.lg.jp/data/doc/1745047408_doc_902_0.pdf",""
"2","那珂町史","中世・近世編","近世／第六章　天保の改革と那珂地方の村々","第三節　社寺改革","東照宮祭祀と神仏分離","684","https://www.city.naka.lg.jp/data/doc/1745047408_doc_902_0.pdf",""
"2","那珂町史","中世・近世編","近世／第六章　天保の改革と那珂地方の村々","第三節　社寺改革","菅谷村鹿島神社の創建","686","https://www.city.naka.lg.jp/data/doc/1745047408_doc_902_0.pdf",""
"2","那珂町史","中世・近世編","近世／第六章　天保の改革と那珂地方の村々","第三節　社寺改革","斉昭の失脚と本米崎村仏葬願い","691","https://www.city.naka.lg.jp/data/doc/1745047408_doc_902_0.pdf",""
"2","那珂町史","中世・近世編","近世／第七章　幕末の争乱と那珂地方の村々","","","695","https://www.city.naka.lg.jp/data/doc/1745047408_doc_902_0.pdf",""
"2","那珂町史","中世・近世編","近世／第七章　幕末の争乱と那珂地方の村々","第一節　弘化甲辰の国難","","695","https://www.city.naka.lg.jp/data/doc/1745047408_doc_902_0.pdf",""
"2","那珂町史","中世・近世編","近世／第七章　幕末の争乱と那珂地方の村々","第一節　弘化甲辰の国難","斉昭の失脚","695","https://www.city.naka.lg.jp/data/doc/1745047408_doc_902_0.pdf",""
"2","那珂町史","中世・近世編","近世／第七章　幕末の争乱と那珂地方の村々","第一節　弘化甲辰の国難","檜山伴次・鹿島縫殿衛門らの雪冤運動","696","https://www.city.naka.lg.jp/data/doc/1745047408_doc_902_0.pdf",""
"2","那珂町史","中世・近世編","近世／第七章　幕末の争乱と那珂地方の村々","第一節　弘化甲辰の国難","阿久津藤左衛門らの復権運動","700","https://www.city.naka.lg.jp/data/doc/1745047408_doc_902_0.pdf",""
"2","那珂町史","中世・近世編","近世／第七章　幕末の争乱と那珂地方の村々","第二節　安政の改革","","706","https://www.city.naka.lg.jp/data/doc/1745047408_doc_902_0.pdf",""
"2","那珂町史","中世・近世編","近世／第七章　幕末の争乱と那珂地方の村々","第二節　安政の改革","吉田松陰の水戸遊学と小場村・下江戸村訪問","706","https://www.city.naka.lg.jp/data/doc/1745047408_doc_902_0.pdf",""
"2","那珂町史","中世・近世編","近世／第七章　幕末の争乱と那珂地方の村々","第二節　安政の改革","献金郷士復活とペリーの来航","709","https://www.city.naka.lg.jp/data/doc/1745047408_doc_902_0.pdf",""
"2","那珂町史","中世・近世編","近世／第七章　幕末の争乱と那珂地方の村々","第二節　安政の改革","安政の大地震と結城派寺門登一郎らの処分","710","https://www.city.naka.lg.jp/data/doc/1745047408_doc_902_0.pdf",""
"2","那珂町史","中世・近世編","近世／第七章　幕末の争乱と那珂地方の村々","第二節　安政の改革","追鳥狩と那珂地方の村々","714","https://www.city.naka.lg.jp/data/doc/1745047408_doc_902_0.pdf",""
"2","那珂町史","中世・近世編","近世／第七章　幕末の争乱と那珂地方の村々","第二節　安政の改革","農兵の取り立て","720","https://www.city.naka.lg.jp/data/doc/1745047408_doc_902_0.pdf",""
"2","那珂町史","中世・近世編","近世／第七章　幕末の争乱と那珂地方の村々","第三節　桜田門外の変","","723","https://www.city.naka.lg.jp/data/doc/1745047408_doc_902_0.pdf",""
"2","那珂町史","中世・近世編","近世／第七章　幕末の争乱と那珂地方の村々","第三節　桜田門外の変","通商条約の調印と斉昭の処罰","723","https://www.city.naka.lg.jp/data/doc/1745047408_doc_902_0.pdf",""
"2","那珂町史","中世・近世編","近世／第七章　幕末の争乱と那珂地方の村々","第三節　桜田門外の変","第一次小金屯集","728","https://www.city.naka.lg.jp/data/doc/1745047408_doc_902_0.pdf",""
"2","那珂町史","中世・近世編","近世／第七章　幕末の争乱と那珂地方の村々","第三節　桜田門外の変","安政の大獄と那珂地方農民の南上","732","https://www.city.naka.lg.jp/data/doc/1745047408_doc_902_0.pdf",""
"2","那珂町史","中世・近世編","近世／第七章　幕末の争乱と那珂地方の村々","第三節　桜田門外の変","井伊大老襲撃と海後磯之介","733","https://www.city.naka.lg.jp/data/doc/1745047408_doc_902_0.pdf",""
"2","那珂町史","中世・近世編","近世／第七章　幕末の争乱と那珂地方の村々","第三節　桜田門外の変","斉昭死後の政情と村々の対応","739","https://www.city.naka.lg.jp/data/doc/1745047408_doc_902_0.pdf",""
"2","那珂町史","中世・近世編","近世／第七章　幕末の争乱と那珂地方の村々","第三節　桜田門外の変","藩主慶篤の上京と小宅三左衛門","741","https://www.city.naka.lg.jp/data/doc/1745047408_doc_902_0.pdf",""
"2","那珂町史","中世・近世編","近世／第七章　幕末の争乱と那珂地方の村々","第四節　元治甲子の乱","","746","https://www.city.naka.lg.jp/data/doc/1745047408_doc_902_0.pdf",""
"2","那珂町史","中世・近世編","近世／第七章　幕末の争乱と那珂地方の村々","第四節　元治甲子の乱","筑波山挙兵","746","https://www.city.naka.lg.jp/data/doc/1745047408_doc_902_0.pdf",""
"2","那珂町史","中世・近世編","近世／第七章　幕末の争乱と那珂地方の村々","第四節　元治甲子の乱","那珂湊の戦いと那珂地方の対応","748","https://www.city.naka.lg.jp/data/doc/1745047408_doc_902_0.pdf",""
"2","那珂町史","中世・近世編","近世／第七章　幕末の争乱と那珂地方の村々","第四節　元治甲子の乱","那珂湊・神勢館の戦い","749","https://www.city.naka.lg.jp/data/doc/1745047408_doc_902_0.pdf",""
"2","那珂町史","中世・近世編","近世／第七章　幕末の争乱と那珂地方の村々","第四節　元治甲子の乱","本米崎村の焼打ち","751","https://www.city.naka.lg.jp/data/doc/1745047408_doc_902_0.pdf",""
"2","那珂町史","中世・近世編","近世／第七章　幕末の争乱と那珂地方の村々","第四節　元治甲子の乱","額田原の戦い","752","https://www.city.naka.lg.jp/data/doc/1745047408_doc_902_0.pdf",""
"2","那珂町史","中世・近世編","近世／第七章　幕末の争乱と那珂地方の村々","第四節　元治甲子の乱","榊原新左衛門の投降","754","https://www.city.naka.lg.jp/data/doc/1745047408_doc_902_0.pdf",""
"2","那珂町史","中世・近世編","近世／第七章　幕末の争乱と那珂地方の村々","第四節　元治甲子の乱","寺門登一郎の奮戦と田中愿蔵の最期","758","https://www.city.naka.lg.jp/data/doc/1745047408_doc_902_0.pdf",""
"2","那珂町史","中世・近世編","近世／第七章　幕末の争乱と那珂地方の村々","第四節　元治甲子の乱","天狗党の西上と本圀寺勢","760","https://www.city.naka.lg.jp/data/doc/1745047408_doc_902_0.pdf",""
"2","那珂町史","中世・近世編","近世／第七章　幕末の争乱と那珂地方の村々","第四節　元治甲子の乱","諸生方への加勢と打ちこわし","763","https://www.city.naka.lg.jp/data/doc/1745047408_doc_902_0.pdf",""
"2","那珂町史","中世・近世編","近世／第七章　幕末の争乱と那珂地方の村々","第五節　戊辰の内乱","","768","https://www.city.naka.lg.jp/data/doc/1745047408_doc_902_0.pdf",""
"2","那珂町史","中世・近世編","近世／第七章　幕末の争乱と那珂地方の村々","第五節　戊辰の内乱","天狗騒動後の那珂地方","768","https://www.city.naka.lg.jp/data/doc/1745047408_doc_902_0.pdf",""
"2","那珂町史","中世・近世編","近世／第七章　幕末の争乱と那珂地方の村々","第五節　戊辰の内乱","御一新と戊辰の役","770","https://www.city.naka.lg.jp/data/doc/1745047408_doc_902_0.pdf",""
"2","那珂町史","中世・近世編","近世／第七章　幕末の争乱と那珂地方の村々","第五節　戊辰の内乱","天狗、諸生対立の終焉","774","https://www.city.naka.lg.jp/data/doc/1745047408_doc_902_0.pdf",""
"2","那珂町史","中世・近世編","近世／第七章　幕末の争乱と那珂地方の村々","第五節　戊辰の内乱","廃藩置県","777","https://www.city.naka.lg.jp/data/doc/1745047408_doc_902_0.pdf",""
"2","那珂町史","中世・近世編","","","那珂町史略年表","779","https://www.city.naka.lg.jp/data/doc/1745047408_doc_902_0.pdf",""
"2","那珂町史","中世・近世編","","","あとがき","789","https://www.city.naka.lg.jp/data/doc/1745047408_doc_902_0.pdf",""
"3","那珂町史","近代・現代編","","","口絵","","https://www.city.naka.lg.jp/data/doc/1745047412_doc_902_0.pdf","目次に開始ページの記載なし"
"3","那珂町史","近代・現代編","","","発刊のことば","1","https://www.city.naka.lg.jp/data/doc/1745047412_doc_902_0.pdf",""
"3","那珂町史","近代・現代編","","","凡例","3","https://www.city.naka.lg.jp/data/doc/1745047412_doc_902_0.pdf",""
"3","那珂町史","近代・現代編","近代／第一章　近代国家への歩みと那珂地方","","","17","https://www.city.naka.lg.jp/data/doc/1745047412_doc_902_0.pdf",""
"3","那珂町史","近代・現代編","近代／第一章　近代国家への歩みと那珂地方","第一節　廃藩置県と新しい地方制度","","17","https://www.city.naka.lg.jp/data/doc/1745047412_doc_902_0.pdf",""
"3","那珂町史","近代・現代編","近代／第一章　近代国家への歩みと那珂地方","第一節　廃藩置県と新しい地方制度","府藩県三治の体制","17","https://www.city.naka.lg.jp/data/doc/1745047412_doc_902_0.pdf",""
"3","那珂町史","近代・現代編","近代／第一章　近代国家への歩みと那珂地方","第一節　廃藩置県と新しい地方制度","廃藩置県","19","https://www.city.naka.lg.jp/data/doc/1745047412_doc_902_0.pdf",""
"3","那珂町史","近代・現代編","近代／第一章　近代国家への歩みと那珂地方","第一節　廃藩置県と新しい地方制度","壬申戸籍の実施","20","https://www.city.naka.lg.jp/data/doc/1745047412_doc_902_0.pdf",""
"3","那珂町史","近代・現代編","近代／第一章　近代国家への歩みと那珂地方","第一節　廃藩置県と新しい地方制度","大区・小区制の発足と明治六年区制","24","https://www.city.naka.lg.jp/data/doc/1745047412_doc_902_0.pdf",""
"3","那珂町史","近代・現代編","近代／第一章　近代国家への歩みと那珂地方","第一節　廃藩置県と新しい地方制度","高まる小村合併の気運","29","https://www.city.naka.lg.jp/data/doc/1745047412_doc_902_0.pdf",""
"3","那珂町史","近代・現代編","近代／第一章　近代国家への歩みと那珂地方","第一節　廃藩置県と新しい地方制度","明治八年の区制","33","https://www.city.naka.lg.jp/data/doc/1745047412_doc_902_0.pdf",""
"3","那珂町史","近代・現代編","近代／第一章　近代国家への歩みと那珂地方","第一節　廃藩置県と新しい地方制度","明治十年区制と村長制","35","https://www.city.naka.lg.jp/data/doc/1745047412_doc_902_0.pdf",""
"3","那珂町史","近代・現代編","近代／第一章　近代国家への歩みと那珂地方","第一節　廃藩置県と新しい地方制度","人民総代とその選挙","37","https://www.city.naka.lg.jp/data/doc/1745047412_doc_902_0.pdf",""
"3","那珂町史","近代・現代編","近代／第一章　近代国家への歩みと那珂地方","第一節　廃藩置県と新しい地方制度","議事所（民会）","39","https://www.city.naka.lg.jp/data/doc/1745047412_doc_902_0.pdf",""
"3","那珂町史","近代・現代編","近代／第一章　近代国家への歩みと那珂地方","第一節　廃藩置県と新しい地方制度","町村議事会と民費","41","https://www.city.naka.lg.jp/data/doc/1745047412_doc_902_0.pdf",""
"3","那珂町史","近代・現代編","近代／第一章　近代国家への歩みと那珂地方","第二節　三新法下の各村の再編","","45","https://www.city.naka.lg.jp/data/doc/1745047412_doc_902_0.pdf",""
"3","那珂町史","近代・現代編","近代／第一章　近代国家への歩みと那珂地方","第二節　三新法下の各村の再編","三新法の制定","45","https://www.city.naka.lg.jp/data/doc/1745047412_doc_902_0.pdf",""
"3","那珂町史","近代・現代編","近代／第一章　近代国家への歩みと那珂地方","第二節　三新法下の各村の再編","那珂郡役所の設置","48","https://www.city.naka.lg.jp/data/doc/1745047412_doc_902_0.pdf",""
"3","那珂町史","近代・現代編","近代／第一章　近代国家への歩みと那珂地方","第二節　三新法下の各村の再編","連合戸長役場","49","https://www.city.naka.lg.jp/data/doc/1745047412_doc_902_0.pdf",""
"3","那珂町史","近代・現代編","近代／第一章　近代国家への歩みと那珂地方","第二節　三新法下の各村の再編","連合村時の人民総代と町村会","52","https://www.city.naka.lg.jp/data/doc/1745047412_doc_902_0.pdf",""
"3","那珂町史","近代・現代編","近代／第一章　近代国家への歩みと那珂地方","第二節　三新法下の各村の再編","明治十七年改正連合制","56","https://www.city.naka.lg.jp/data/doc/1745047412_doc_902_0.pdf",""
"3","那珂町史","近代・現代編","近代／第一章　近代国家への歩みと那珂地方","第三節　地租改正と那珂郡農民一揆","","61","https://www.city.naka.lg.jp/data/doc/1745047412_doc_902_0.pdf",""
"3","那珂町史","近代・現代編","近代／第一章　近代国家への歩みと那珂地方","第三節　地租改正と那珂郡農民一揆","明治初期の税制改革プラン","61","https://www.city.naka.lg.jp/data/doc/1745047412_doc_902_0.pdf",""
"3","那珂町史","近代・現代編","近代／第一章　近代国家への歩みと那珂地方","第三節　地租改正と那珂郡農民一揆","地租改正法の内容と実施","63","https://www.city.naka.lg.jp/data/doc/1745047412_doc_902_0.pdf",""
"3","那珂町史","近代・現代編","近代／第一章　近代国家への歩みと那珂地方","第三節　地租改正と那珂郡農民一揆","那珂郡農民一揆の蜂起","71","https://www.city.naka.lg.jp/data/doc/1745047412_doc_902_0.pdf",""
"3","那珂町史","近代・現代編","近代／第一章　近代国家への歩みと那珂地方","第三節　地租改正と那珂郡農民一揆","耕宅地改租の完成","75","https://www.city.naka.lg.jp/data/doc/1745047412_doc_902_0.pdf",""
"3","那珂町史","近代・現代編","近代／第一章　近代国家への歩みと那珂地方","第三節　地租改正と那珂郡農民一揆","山林原野の改租","79","https://www.city.naka.lg.jp/data/doc/1745047412_doc_902_0.pdf",""
"3","那珂町史","近代・現代編","近代／第一章　近代国家への歩みと那珂地方","第三節　地租改正と那珂郡農民一揆","地租改正の結果","80","https://www.city.naka.lg.jp/data/doc/1745047412_doc_902_0.pdf",""
"3","那珂町史","近代・現代編","近代／第一章　近代国家への歩みと那珂地方","第四節　草創期の小学校","","81","https://www.city.naka.lg.jp/data/doc/1745047412_doc_902_0.pdf",""
"3","那珂町史","近代・現代編","近代／第一章　近代国家への歩みと那珂地方","第四節　草創期の小学校","学制発布と小学校の創立","82","https://www.city.naka.lg.jp/data/doc/1745047412_doc_902_0.pdf",""
"3","那珂町史","近代・現代編","近代／第一章　近代国家への歩みと那珂地方","第四節　草創期の小学校","小学校教育への努力","85","https://www.city.naka.lg.jp/data/doc/1745047412_doc_902_0.pdf",""
"3","那珂町史","近代・現代編","近代／第一章　近代国家への歩みと那珂地方","第四節　草創期の小学校","学区編成・教育内容","87","https://www.city.naka.lg.jp/data/doc/1745047412_doc_902_0.pdf",""
"3","那珂町史","近代・現代編","近代／第一章　近代国家への歩みと那珂地方","第四節　草創期の小学校","酒出小学校沿革誌・菅谷小学校沿革誌","90","https://www.city.naka.lg.jp/data/doc/1745047412_doc_902_0.pdf",""
"3","那珂町史","近代・現代編","近代／第一章　近代国家への歩みと那珂地方","第四節　草創期の小学校","教育令から小学校令へ","95","https://www.city.naka.lg.jp/data/doc/1745047412_doc_902_0.pdf",""
"3","那珂町史","近代・現代編","近代／第一章　近代国家への歩みと那珂地方","第五節　維新政府の社寺政策","","98","https://www.city.naka.lg.jp/data/doc/1745047412_doc_902_0.pdf",""
"3","那珂町史","近代・現代編","近代／第一章　近代国家への歩みと那珂地方","第五節　維新政府の社寺政策","神仏分離と廃仏毀釈","99","https://www.city.naka.lg.jp/data/doc/1745047412_doc_902_0.pdf",""
"3","那珂町史","近代・現代編","近代／第一章　近代国家への歩みと那珂地方","第五節　維新政府の社寺政策","祭政一致と大教宣布","101","https://www.city.naka.lg.jp/data/doc/1745047412_doc_902_0.pdf",""
"3","那珂町史","近代・現代編","近代／第一章　近代国家への歩みと那珂地方","第五節　維新政府の社寺政策","社寺領上地と寺跡復立","103","https://www.city.naka.lg.jp/data/doc/1745047412_doc_902_0.pdf",""
"3","那珂町史","近代・現代編","近代／第一章　近代国家への歩みと那珂地方","第五節　維新政府の社寺政策","神道国教化と国民教化政策","108","https://www.city.naka.lg.jp/data/doc/1745047412_doc_902_0.pdf",""
"3","那珂町史","近代・現代編","近代／第一章　近代国家への歩みと那珂地方","第六節　士族解体と徴兵令","","111","https://www.city.naka.lg.jp/data/doc/1745047412_doc_902_0.pdf",""
"3","那珂町史","近代・現代編","近代／第一章　近代国家への歩みと那珂地方","第六節　士族解体と徴兵令","士族の解体","111","https://www.city.naka.lg.jp/data/doc/1745047412_doc_902_0.pdf",""
"3","那珂町史","近代・現代編","近代／第一章　近代国家への歩みと那珂地方","第六節　士族解体と徴兵令","士族鎮台兵から徴兵へ","113","https://www.city.naka.lg.jp/data/doc/1745047412_doc_902_0.pdf",""
"3","那珂町史","近代・現代編","近代／第一章　近代国家への歩みと那珂地方","第六節　士族解体と徴兵令","徴兵忌避","115","https://www.city.naka.lg.jp/data/doc/1745047412_doc_902_0.pdf",""
"3","那珂町史","近代・現代編","近代／第一章　近代国家への歩みと那珂地方","第六節　士族解体と徴兵令","西南戦争と徴兵鎮台兵","119","https://www.city.naka.lg.jp/data/doc/1745047412_doc_902_0.pdf",""
"3","那珂町史","近代・現代編","近代／第一章　近代国家への歩みと那珂地方","第七節　自由民権運動","","119","https://www.city.naka.lg.jp/data/doc/1745047412_doc_902_0.pdf",""
"3","那珂町史","近代・現代編","近代／第一章　近代国家への歩みと那珂地方","第七節　自由民権運動","県内の民権結社の活動","119","https://www.city.naka.lg.jp/data/doc/1745047412_doc_902_0.pdf",""
"3","那珂町史","近代・現代編","近代／第一章　近代国家への歩みと那珂地方","第七節　自由民権運動","土木費の地方負担と県会の分裂","123","https://www.city.naka.lg.jp/data/doc/1745047412_doc_902_0.pdf",""
"3","那珂町史","近代・現代編","近代／第一章　近代国家への歩みと那珂地方","第七節　自由民権運動","松方デフレ下の政情と民権活動","126","https://www.city.naka.lg.jp/data/doc/1745047412_doc_902_0.pdf","開始ページはOCR及び画像目視で判読に不確実性あり"
"3","那珂町史","近代・現代編","近代／第一章　近代国家への歩みと那珂地方","第七節　自由民権運動","民権結社集宣会の活動","128","https://www.city.naka.lg.jp/data/doc/1745047412_doc_902_0.pdf","開始ページはOCR及び画像目視で判読に不確実性あり"
"3","那珂町史","近代・現代編","近代／第一章　近代国家への歩みと那珂地方","第八節　交通・通信の変遷","","130","https://www.city.naka.lg.jp/data/doc/1745047412_doc_902_0.pdf",""
"3","那珂町史","近代・現代編","近代／第一章　近代国家への歩みと那珂地方","第八節　交通・通信の変遷","那珂地方の街道","130","https://www.city.naka.lg.jp/data/doc/1745047412_doc_902_0.pdf",""
"3","那珂町史","近代・現代編","近代／第一章　近代国家への歩みと那珂地方","第八節　交通・通信の変遷","人力車と陸運会社","133","https://www.city.naka.lg.jp/data/doc/1745047412_doc_902_0.pdf",""
"3","那珂町史","近代・現代編","近代／第一章　近代国家への歩みと那珂地方","第八節　交通・通信の変遷","渡し場と久慈川の渡船場","137","https://www.city.naka.lg.jp/data/doc/1745047412_doc_902_0.pdf",""
"3","那珂町史","近代・現代編","近代／第一章　近代国家への歩みと那珂地方","第八節　交通・通信の変遷","久慈川新橋架設","141","https://www.city.naka.lg.jp/data/doc/1745047412_doc_902_0.pdf",""
"3","那珂町史","近代・現代編","近代／第一章　近代国家への歩みと那珂地方","第八節　交通・通信の変遷","郵便制度の発足","145","https://www.city.naka.lg.jp/data/doc/1745047412_doc_902_0.pdf",""
"3","那珂町史","近代・現代編","近代／第一章　近代国家への歩みと那珂地方","第九節　諸産業の動向","","150","https://www.city.naka.lg.jp/data/doc/1745047412_doc_902_0.pdf",""
"3","那珂町史","近代・現代編","近代／第一章　近代国家への歩みと那珂地方","第九節　諸産業の動向","農業生産力の位置","150","https://www.city.naka.lg.jp/data/doc/1745047412_doc_902_0.pdf",""
"3","那珂町史","近代・現代編","近代／第一章　近代国家への歩みと那珂地方","第九節　諸産業の動向","製茶業の盛況","152","https://www.city.naka.lg.jp/data/doc/1745047412_doc_902_0.pdf",""
"3","那珂町史","近代・現代編","近代／第一章　近代国家への歩みと那珂地方","第九節　諸産業の動向","活発な養蚕","156","https://www.city.naka.lg.jp/data/doc/1745047412_doc_902_0.pdf",""
"3","那珂町史","近代・現代編","近代／第一章　近代国家への歩みと那珂地方","第九節　諸産業の動向","酒造業の再編成とその経営","159","https://www.city.naka.lg.jp/data/doc/1745047412_doc_902_0.pdf",""
"3","那珂町史","近代・現代編","近代／第一章　近代国家への歩みと那珂地方","第九節　諸産業の動向","商品経済のひろがり","162","https://www.city.naka.lg.jp/data/doc/1745047412_doc_902_0.pdf",""
"3","那珂町史","近代・現代編","近代／第一章　近代国家への歩みと那珂地方","第九節　諸産業の動向","金融と地主制","163","https://www.city.naka.lg.jp/data/doc/1745047412_doc_902_0.pdf",""
"3","那珂町史","近代・現代編","近代／第一章　近代国家への歩みと那珂地方","第一〇節　治安体制の整備","","170","https://www.city.naka.lg.jp/data/doc/1745047412_doc_902_0.pdf",""
"3","那珂町史","近代・現代編","近代／第一章　近代国家への歩みと那珂地方","第一〇節　治安体制の整備","新しい警察制度の発足","172","https://www.city.naka.lg.jp/data/doc/1745047412_doc_902_0.pdf",""
"3","那珂町史","近代・現代編","近代／第一章　近代国家への歩みと那珂地方","第一〇節　治安体制の整備","菅谷警察分署の誕生","175","https://www.city.naka.lg.jp/data/doc/1745047412_doc_902_0.pdf",""
"3","那珂町史","近代・現代編","近代／第一章　近代国家への歩みと那珂地方","第一〇節　治安体制の整備","巡査駐在所等","179","https://www.city.naka.lg.jp/data/doc/1745047412_doc_902_0.pdf",""
"3","那珂町史","近代・現代編","近代／第一章　近代国家への歩みと那珂地方","第一〇節　治安体制の整備","消防組制度","184","https://www.city.naka.lg.jp/data/doc/1745047412_doc_902_0.pdf",""
"3","那珂町史","近代・現代編","近代／第二章　地方自治制度の確立","","","187","https://www.city.naka.lg.jp/data/doc/1745047412_doc_902_0.pdf",""
"3","那珂町史","近代・現代編","近代／第二章　地方自治制度の確立","第一節　地方行政制度の成立","","187","https://www.city.naka.lg.jp/data/doc/1745047412_doc_902_0.pdf",""
"3","那珂町史","近代・現代編","近代／第二章　地方自治制度の確立","第一節　地方行政制度の成立","府県制、郡制の公布","187","https://www.city.naka.lg.jp/data/doc/1745047412_doc_902_0.pdf",""
"3","那珂町史","近代・現代編","近代／第二章　地方自治制度の確立","第一節　地方行政制度の成立","那珂郡役所新築問題で紛争","190","https://www.city.naka.lg.jp/data/doc/1745047412_doc_902_0.pdf",""
"3","那珂町史","近代・現代編","近代／第二章　地方自治制度の確立","第一節　地方行政制度の成立","選挙制度の改革","194","https://www.city.naka.lg.jp/data/doc/1745047412_doc_902_0.pdf",""
"3","那珂町史","近代・現代編","近代／第二章　地方自治制度の確立","第二節　地方自治権の拡大","","201","https://www.city.naka.lg.jp/data/doc/1745047412_doc_902_0.pdf",""
"3","那珂町史","近代・現代編","近代／第二章　地方自治制度の確立","第二節　地方自治権の拡大","市制・町村制の公布","201","https://www.city.naka.lg.jp/data/doc/1745047412_doc_902_0.pdf",""
"3","那珂町史","近代・現代編","近代／第二章　地方自治制度の確立","第二節　地方自治権の拡大","規模合理化の必要性と政府の企画","203","https://www.city.naka.lg.jp/data/doc/1745047412_doc_902_0.pdf",""
"3","那珂町史","近代・現代編","近代／第二章　地方自治制度の確立","第二節　地方自治権の拡大","市制・町村制による大合併","207","https://www.city.naka.lg.jp/data/doc/1745047412_doc_902_0.pdf",""
"3","那珂町史","近代・現代編","近代／第二章　地方自治制度の確立","第二節　地方自治権の拡大","村政の実態と変遷","218","https://www.city.naka.lg.jp/data/doc/1745047412_doc_902_0.pdf",""
"3","那珂町史","近代・現代編","近代／第二章　地方自治制度の確立","第三節　日清・日露戦争と那珂地方","","220","https://www.city.naka.lg.jp/data/doc/1745047412_doc_902_0.pdf",""
"3","那珂町史","近代・現代編","近代／第二章　地方自治制度の確立","第三節　日清・日露戦争と那珂地方","日清戦争と民衆動員","220","https://www.city.naka.lg.jp/data/doc/1745047412_doc_902_0.pdf",""
"3","那珂町史","近代・現代編","近代／第二章　地方自治制度の確立","第三節　日清・日露戦争と那珂地方","日露戦争と国民動員","223","https://www.city.naka.lg.jp/data/doc/1745047412_doc_902_0.pdf",""
"3","那珂町史","近代・現代編","近代／第二章　地方自治制度の確立","第三節　日清・日露戦争と那珂地方","戦時下の国民生活","227","https://www.city.naka.lg.jp/data/doc/1745047412_doc_902_0.pdf",""
"3","那珂町史","近代・現代編","近代／第二章　地方自治制度の確立","第三節　日清・日露戦争と那珂地方","日露講和と国民の動き","233","https://www.city.naka.lg.jp/data/doc/1745047412_doc_902_0.pdf",""
"3","那珂町史","近代・現代編","近代／第二章　地方自治制度の確立","第四節　交通・通信の近代化","","235","https://www.city.naka.lg.jp/data/doc/1745047412_doc_902_0.pdf",""
"3","那珂町史","近代・現代編","近代／第二章　地方自治制度の確立","第四節　交通・通信の近代化","太田鉄道開通","235","https://www.city.naka.lg.jp/data/doc/1745047412_doc_902_0.pdf",""
"3","那珂町史","近代・現代編","近代／第二章　地方自治制度の確立","第四節　交通・通信の近代化","通信の発達","245","https://www.city.naka.lg.jp/data/doc/1745047412_doc_902_0.pdf",""
"3","那珂町史","近代・現代編","近代／第二章　地方自治制度の確立","第五節　諸産業の進展","","249","https://www.city.naka.lg.jp/data/doc/1745047412_doc_902_0.pdf",""
"3","那珂町史","近代・現代編","近代／第二章　地方自治制度の確立","第五節　諸産業の進展","近代農業への過渡期","249","https://www.city.naka.lg.jp/data/doc/1745047412_doc_902_0.pdf",""
"3","那珂町史","近代・現代編","近代／第二章　地方自治制度の確立","第五節　諸産業の進展","養蚕と製糸","256","https://www.city.naka.lg.jp/data/doc/1745047412_doc_902_0.pdf",""
"3","那珂町史","近代・現代編","近代／第二章　地方自治制度の確立","第五節　諸産業の進展","葉たばこ栽培の拡大","257","https://www.city.naka.lg.jp/data/doc/1745047412_doc_902_0.pdf",""
"3","那珂町史","近代・現代編","近代／第二章　地方自治制度の確立","第五節　諸産業の進展","製茶の低迷","259","https://www.city.naka.lg.jp/data/doc/1745047412_doc_902_0.pdf",""
"3","那珂町史","近代・現代編","近代／第二章　地方自治制度の確立","第五節　諸産業の進展","減少する酒造業","261","https://www.city.naka.lg.jp/data/doc/1745047412_doc_902_0.pdf",""
"3","那珂町史","近代・現代編","近代／第二章　地方自治制度の確立","第五節　諸産業の進展","請負業・出稼ぎ","262","https://www.city.naka.lg.jp/data/doc/1745047412_doc_902_0.pdf",""
"3","那珂町史","近代・現代編","近代／第二章　地方自治制度の確立","第五節　諸産業の進展","商業など諸営業の進展と肥料商の台頭","263","https://www.city.naka.lg.jp/data/doc/1745047412_doc_902_0.pdf",""
"3","那珂町史","近代・現代編","近代／第二章　地方自治制度の確立","第五節　諸産業の進展","諸会社の設立と挫折","266","https://www.city.naka.lg.jp/data/doc/1745047412_doc_902_0.pdf",""
"3","那珂町史","近代・現代編","近代／第二章　地方自治制度の確立","第五節　諸産業の進展","農業の指導奨励と農会","267","https://www.city.naka.lg.jp/data/doc/1745047412_doc_902_0.pdf",""
"3","那珂町史","近代・現代編","近代／第二章　地方自治制度の確立","第五節　諸産業の進展","購買販売信用組合の設立","271","https://www.city.naka.lg.jp/data/doc/1745047412_doc_902_0.pdf",""
"3","那珂町史","近代・現代編","近代／第二章　地方自治制度の確立","第五節　諸産業の進展","資産家の金融","273","https://www.city.naka.lg.jp/data/doc/1745047412_doc_902_0.pdf",""
"3","那珂町史","近代・現代編","近代／第二章　地方自治制度の確立","第五節　諸産業の進展","地主制と小作地の増加","275","https://www.city.naka.lg.jp/data/doc/1745047412_doc_902_0.pdf",""
"3","那珂町史","近代・現代編","近代／第二章　地方自治制度の確立","第五節　諸産業の進展","農村の窮乏と市町村是の制定","278","https://www.city.naka.lg.jp/data/doc/1745047412_doc_902_0.pdf",""
"3","那珂町史","近代・現代編","近代／第二章　地方自治制度の確立","第六節　国民教育の確立","","282","https://www.city.naka.lg.jp/data/doc/1745047412_doc_902_0.pdf",""
"3","那珂町史","近代・現代編","近代／第二章　地方自治制度の確立","第六節　国民教育の確立","小学校令・町村制実施と小学校","282","https://www.city.naka.lg.jp/data/doc/1745047412_doc_902_0.pdf",""
"3","那珂町史","近代・現代編","近代／第二章　地方自治制度の確立","第六節　国民教育の確立","国家的な学校行事","285","https://www.city.naka.lg.jp/data/doc/1745047412_doc_902_0.pdf",""
"3","那珂町史","近代・現代編","近代／第二章　地方自治制度の確立","第六節　国民教育の確立","那珂第一高等小学校と組合立高等小学校","287","https://www.city.naka.lg.jp/data/doc/1745047412_doc_902_0.pdf",""
"3","那珂町史","近代・現代編","近代／第二章　地方自治制度の確立","第六節　国民教育の確立","菅谷村・五台村・芳野村組合立農学校","289","https://www.city.naka.lg.jp/data/doc/1745047412_doc_902_0.pdf",""
"3","那珂町史","近代・現代編","近代／第二章　地方自治制度の確立","第六節　国民教育の確立","夜学会・実業補習学校と戊申青年会","292","https://www.city.naka.lg.jp/data/doc/1745047412_doc_902_0.pdf",""
"3","那珂町史","近代・現代編","近代／第二章　地方自治制度の確立","第六節　国民教育の確立","学校の郷土誌編さん","297","https://www.city.naka.lg.jp/data/doc/1745047412_doc_902_0.pdf",""
"3","那珂町史","近代・現代編","近代／第二章　地方自治制度の確立","第七節　民間武術の発達","","303","https://www.city.naka.lg.jp/data/doc/1745047412_doc_902_0.pdf",""
"3","那珂町史","近代・現代編","近代／第二章　地方自治制度の確立","第七節　民間武術の発達","民間武術の概要","303","https://www.city.naka.lg.jp/data/doc/1745047412_doc_902_0.pdf",""
"3","那珂町史","近代・現代編","近代／第二章　地方自治制度の確立","第七節　民間武術の発達","新編為我流柔術と那珂地方","304","https://www.city.naka.lg.jp/data/doc/1745047412_doc_902_0.pdf","開始ページはOCR及び画像目視で判読に不確実性あり"
"3","那珂町史","近代・現代編","近代／第二章　地方自治制度の確立","第七節　民間武術の発達","無比流杖術","306","https://www.city.naka.lg.jp/data/doc/1745047412_doc_902_0.pdf",""
"3","那珂町史","近代・現代編","近代／第二章　地方自治制度の確立","第七節　民間武術の発達","三和無敵流","308","https://www.city.naka.lg.jp/data/doc/1745047412_doc_902_0.pdf",""
"3","那珂町史","近代・現代編","近代／第二章　地方自治制度の確立","第七節　民間武術の発達","武徳会設立による武道の普及","309","https://www.city.naka.lg.jp/data/doc/1745047412_doc_902_0.pdf",""
"3","那珂町史","近代・現代編","近代／第二章　地方自治制度の確立","第八節　治安施設と消防の発達","","313","https://www.city.naka.lg.jp/data/doc/1745047412_doc_902_0.pdf",""
"3","那珂町史","近代・現代編","近代／第二章　地方自治制度の確立","第八節　治安施設と消防の発達","警察分署・派出所・駐在所の動向","313","https://www.city.naka.lg.jp/data/doc/1745047412_doc_902_0.pdf",""
"3","那珂町史","近代・現代編","近代／第二章　地方自治制度の確立","第八節　治安施設と消防の発達","那珂地方消防組の発達","314","https://www.city.naka.lg.jp/data/doc/1745047412_doc_902_0.pdf",""
"3","那珂町史","近代・現代編","近代／第二章　地方自治制度の確立","第九節　医療の近代化と流行病対策","","318","https://www.city.naka.lg.jp/data/doc/1745047412_doc_902_0.pdf",""
"3","那珂町史","近代・現代編","近代／第二章　地方自治制度の確立","第九節　医療の近代化と流行病対策","医師と医療","318","https://www.city.naka.lg.jp/data/doc/1745047412_doc_902_0.pdf",""
"3","那珂町史","近代・現代編","近代／第二章　地方自治制度の確立","第九節　医療の近代化と流行病対策","急性伝染病の流行と対策","321","https://www.city.naka.lg.jp/data/doc/1745047412_doc_902_0.pdf",""
"3","那珂町史","近代・現代編","近代／第二章　地方自治制度の確立","第一〇節　明治期の自然災害と対策","","325","https://www.city.naka.lg.jp/data/doc/1745047412_doc_902_0.pdf",""
"3","那珂町史","近代・現代編","近代／第二章　地方自治制度の確立","第一〇節　明治期の自然災害と対策","久慈川・那珂川の洪水と干ばつ・冷害","325","https://www.city.naka.lg.jp/data/doc/1745047412_doc_902_0.pdf",""
"3","那珂町史","近代・現代編","近代／第二章　地方自治制度の確立","第一〇節　明治期の自然災害と対策","久慈川河口開削工事","332","https://www.city.naka.lg.jp/data/doc/1745047412_doc_902_0.pdf",""
"3","那珂町史","近代・現代編","近代／第三章　大正デモクラシーの時代","","","335","https://www.city.naka.lg.jp/data/doc/1745047412_doc_902_0.pdf",""
"3","那珂町史","近代・現代編","近代／第三章　大正デモクラシーの時代","第一節　第一次世界大戦と那珂地方","","335","https://www.city.naka.lg.jp/data/doc/1745047412_doc_902_0.pdf",""
"3","那珂町史","近代・現代編","近代／第三章　大正デモクラシーの時代","第一節　第一次世界大戦と那珂地方","第一次世界大戦とシベリア出兵","335","https://www.city.naka.lg.jp/data/doc/1745047412_doc_902_0.pdf",""
"3","那珂町史","近代・現代編","近代／第三章　大正デモクラシーの時代","第一節　第一次世界大戦と那珂地方","地方改良運動と木崎村","336","https://www.city.naka.lg.jp/data/doc/1745047412_doc_902_0.pdf",""
"3","那珂町史","近代・現代編","近代／第三章　大正デモクラシーの時代","第一節　第一次世界大戦と那珂地方","大戦景気の影響","338","https://www.city.naka.lg.jp/data/doc/1745047412_doc_902_0.pdf",""
"3","那珂町史","近代・現代編","近代／第三章　大正デモクラシーの時代","第二節　地方制度の変化","","341","https://www.city.naka.lg.jp/data/doc/1745047412_doc_902_0.pdf",""
"3","那珂町史","近代・現代編","近代／第三章　大正デモクラシーの時代","第二節　地方制度の変化","郡制の廃止","341","https://www.city.naka.lg.jp/data/doc/1745047412_doc_902_0.pdf",""
"3","那珂町史","近代・現代編","近代／第三章　大正デモクラシーの時代","第二節　地方制度の変化","郡農会の変化","343","https://www.city.naka.lg.jp/data/doc/1745047412_doc_902_0.pdf",""
"3","那珂町史","近代・現代編","近代／第三章　大正デモクラシーの時代","第二節　地方制度の変化","合併後の各村状況","343","https://www.city.naka.lg.jp/data/doc/1745047412_doc_902_0.pdf",""
"3","那珂町史","近代・現代編","近代／第三章　大正デモクラシーの時代","第三節　大正デモクラシーと農村","","350","https://www.city.naka.lg.jp/data/doc/1745047412_doc_902_0.pdf",""
"3","那珂町史","近代・現代編","近代／第三章　大正デモクラシーの時代","第三節　大正デモクラシーと農村","菅谷村の政争","350","https://www.city.naka.lg.jp/data/doc/1745047412_doc_902_0.pdf",""
"3","那珂町史","近代・現代編","近代／第三章　大正デモクラシーの時代","第三節　大正デモクラシーと農村","普通選挙運動の展開","357","https://www.city.naka.lg.jp/data/doc/1745047412_doc_902_0.pdf",""
"3","那珂町史","近代・現代編","近代／第三章　大正デモクラシーの時代","第四節　陸上交通機関の発展","","360","https://www.city.naka.lg.jp/data/doc/1745047412_doc_902_0.pdf",""
"3","那珂町史","近代・現代編","近代／第三章　大正デモクラシーの時代","第四節　陸上交通機関の発展","乗合馬車","360","https://www.city.naka.lg.jp/data/doc/1745047412_doc_902_0.pdf",""
"3","那珂町史","近代・現代編","近代／第三章　大正デモクラシーの時代","第四節　陸上交通機関の発展","大郡線と水戸鉄道","361","https://www.city.naka.lg.jp/data/doc/1745047412_doc_902_0.pdf",""
"3","那珂町史","近代・現代編","近代／第三章　大正デモクラシーの時代","第四節　陸上交通機関の発展","乗合自動車の登場","365","https://www.city.naka.lg.jp/data/doc/1745047412_doc_902_0.pdf",""
"3","那珂町史","近代・現代編","近代／第三章　大正デモクラシーの時代","第五節　産業の推移と農村問題","","371","https://www.city.naka.lg.jp/data/doc/1745047412_doc_902_0.pdf",""
"3","那珂町史","近代・現代編","近代／第三章　大正デモクラシーの時代","第五節　産業の推移と農村問題","「農業・農村問題」の発生と那珂地方","371","https://www.city.naka.lg.jp/data/doc/1745047412_doc_902_0.pdf",""
"3","那珂町史","近代・現代編","近代／第三章　大正デモクラシーの時代","第五節　産業の推移と農村問題","農業の推移","372","https://www.city.naka.lg.jp/data/doc/1745047412_doc_902_0.pdf",""
"3","那珂町史","近代・現代編","近代／第三章　大正デモクラシーの時代","第五節　産業の推移と農村問題","主要穀物の生産","374","https://www.city.naka.lg.jp/data/doc/1745047412_doc_902_0.pdf",""
"3","那珂町史","近代・現代編","近代／第三章　大正デモクラシーの時代","第五節　産業の推移と農村問題","養蚕の実績","376","https://www.city.naka.lg.jp/data/doc/1745047412_doc_902_0.pdf",""
"3","那珂町史","近代・現代編","近代／第三章　大正デモクラシーの時代","第五節　産業の推移と農村問題","葉たばこ栽培の普及","378","https://www.city.naka.lg.jp/data/doc/1745047412_doc_902_0.pdf",""
"3","那珂町史","近代・現代編","近代／第三章　大正デモクラシーの時代","第五節　産業の推移と農村問題","農家戸数と規模","380","https://www.city.naka.lg.jp/data/doc/1745047412_doc_902_0.pdf",""
"3","那珂町史","近代・現代編","近代／第三章　大正デモクラシーの時代","第五節　産業の推移と農村問題","金肥の多用と肥料商の台頭","382","https://www.city.naka.lg.jp/data/doc/1745047412_doc_902_0.pdf",""
"3","那珂町史","近代・現代編","近代／第三章　大正デモクラシーの時代","第五節　産業の推移と農村問題","農会と産業組合","384","https://www.city.naka.lg.jp/data/doc/1745047412_doc_902_0.pdf",""
"3","那珂町史","近代・現代編","近代／第三章　大正デモクラシーの時代","第五節　産業の推移と農村問題","小作組合の設立","386","https://www.city.naka.lg.jp/data/doc/1745047412_doc_902_0.pdf",""
"3","那珂町史","近代・現代編","近代／第三章　大正デモクラシーの時代","第五節　産業の推移と農村問題","地主・小作関係の推移","388","https://www.city.naka.lg.jp/data/doc/1745047412_doc_902_0.pdf",""
"3","那珂町史","近代・現代編","近代／第三章　大正デモクラシーの時代","第五節　産業の推移と農村問題","灌漑干拓の一例","393","https://www.city.naka.lg.jp/data/doc/1745047412_doc_902_0.pdf",""
"3","那珂町史","近代・現代編","近代／第三章　大正デモクラシーの時代","第五節　産業の推移と農村問題","額田の建具屋","394","https://www.city.naka.lg.jp/data/doc/1745047412_doc_902_0.pdf",""
"3","那珂町史","近代・現代編","近代／第三章　大正デモクラシーの時代","第五節　産業の推移と農村問題","茨城製粉株式会社","396","https://www.city.naka.lg.jp/data/doc/1745047412_doc_902_0.pdf",""
"3","那珂町史","近代・現代編","近代／第三章　大正デモクラシーの時代","第五節　産業の推移と農村問題","賃金と物価の上昇","397","https://www.city.naka.lg.jp/data/doc/1745047412_doc_902_0.pdf",""
"3","那珂町史","近代・現代編","近代／第三章　大正デモクラシーの時代","第五節　産業の推移と農村問題","急激な人口の流失","397","https://www.city.naka.lg.jp/data/doc/1745047412_doc_902_0.pdf",""
"3","那珂町史","近代・現代編","近代／第三章　大正デモクラシーの時代","第五節　産業の推移と農村問題","大正期の繁栄をめぐって","399","https://www.city.naka.lg.jp/data/doc/1745047412_doc_902_0.pdf",""
"3","那珂町史","近代・現代編","近代／第三章　大正デモクラシーの時代","第六節　大正期の教育","","404","https://www.city.naka.lg.jp/data/doc/1745047412_doc_902_0.pdf",""
"3","那珂町史","近代・現代編","近代／第三章　大正デモクラシーの時代","第六節　大正期の教育","根本正の活躍と義務教育の延長","404","https://www.city.naka.lg.jp/data/doc/1745047412_doc_902_0.pdf",""
"3","那珂町史","近代・現代編","近代／第三章　大正デモクラシーの時代","第六節　大正期の教育","菅谷小学校の自由教育と教育改善案","411","https://www.city.naka.lg.jp/data/doc/1745047412_doc_902_0.pdf",""
"3","那珂町史","近代・現代編","近代／第三章　大正デモクラシーの時代","第六節　大正期の教育","青年訓練所","414","https://www.city.naka.lg.jp/data/doc/1745047412_doc_902_0.pdf",""
"3","那珂町史","近代・現代編","近代／第三章　大正デモクラシーの時代","第六節　大正期の教育","学校少年団と青年会の活動","420","https://www.city.naka.lg.jp/data/doc/1745047412_doc_902_0.pdf",""
"3","那珂町史","近代・現代編","近代／第三章　大正デモクラシーの時代","第七節　文化の発達","","425","https://www.city.naka.lg.jp/data/doc/1745047412_doc_902_0.pdf",""
"3","那珂町史","近代・現代編","近代／第三章　大正デモクラシーの時代","第七節　文化の発達","俳諧の普及","425","https://www.city.naka.lg.jp/data/doc/1745047412_doc_902_0.pdf",""
"3","那珂町史","近代・現代編","近代／第三章　大正デモクラシーの時代","第七節　文化の発達","芸能神楽の振興","427","https://www.city.naka.lg.jp/data/doc/1745047412_doc_902_0.pdf",""
"3","那珂町史","近代・現代編","近代／第三章　大正デモクラシーの時代","第七節　文化の発達","那珂地方の画人たち","431","https://www.city.naka.lg.jp/data/doc/1745047412_doc_902_0.pdf",""
"3","那珂町史","近代・現代編","近代／第三章　大正デモクラシーの時代","第八節　水車から内燃機関・電力へ","","438","https://www.city.naka.lg.jp/data/doc/1745047412_doc_902_0.pdf",""
"3","那珂町史","近代・現代編","近代／第三章　大正デモクラシーの時代","第八節　水車から内燃機関・電力へ","動力としての水車","438","https://www.city.naka.lg.jp/data/doc/1745047412_doc_902_0.pdf",""
"3","那珂町史","近代・現代編","近代／第三章　大正デモクラシーの時代","第八節　水車から内燃機関・電力へ","電灯の普及","446","https://www.city.naka.lg.jp/data/doc/1745047412_doc_902_0.pdf",""
"3","那珂町史","近代・現代編","近代／第三章　大正デモクラシーの時代","第九節　消防・治安と未成年者の飲酒禁止法","","453","https://www.city.naka.lg.jp/data/doc/1745047412_doc_902_0.pdf",""
"3","那珂町史","近代・現代編","近代／第三章　大正デモクラシーの時代","第九節　消防・治安と未成年者の飲酒禁止法","消防組の設置","453","https://www.city.naka.lg.jp/data/doc/1745047412_doc_902_0.pdf",""
"3","那珂町史","近代・現代編","近代／第三章　大正デモクラシーの時代","第九節　消防・治安と未成年者の飲酒禁止法","菅谷警察署と駐在所","461","https://www.city.naka.lg.jp/data/doc/1745047412_doc_902_0.pdf",""
"3","那珂町史","近代・現代編","近代／第三章　大正デモクラシーの時代","第九節　消防・治安と未成年者の飲酒禁止法","未成年者の飲酒禁止法","463","https://www.city.naka.lg.jp/data/doc/1745047412_doc_902_0.pdf",""
"3","那珂町史","近代・現代編","近代／第三章　大正デモクラシーの時代","第一〇節　大正期の自然災害と対策","","467","https://www.city.naka.lg.jp/data/doc/1745047412_doc_902_0.pdf",""
"3","那珂町史","近代・現代編","近代／第三章　大正デモクラシーの時代","第一〇節　大正期の自然災害と対策","久慈川洪水とその影響","467","https://www.city.naka.lg.jp/data/doc/1745047412_doc_902_0.pdf",""
"3","那珂町史","近代・現代編","近代／第三章　大正デモクラシーの時代","第一〇節　大正期の自然災害と対策","干ばつ防止と岩崎・小場江堰","470","https://www.city.naka.lg.jp/data/doc/1745047412_doc_902_0.pdf",""
"3","那珂町史","近代・現代編","近代／第四章　昭和恐慌から戦争へ","","","481","https://www.city.naka.lg.jp/data/doc/1745047412_doc_902_0.pdf",""
"3","那珂町史","近代・現代編","近代／第四章　昭和恐慌から戦争へ","第一節　昭和恐慌期の那珂地方","","481","https://www.city.naka.lg.jp/data/doc/1745047412_doc_902_0.pdf",""
"3","那珂町史","近代・現代編","近代／第四章　昭和恐慌から戦争へ","第一節　昭和恐慌期の那珂地方","不況必至の昭和初期","481","https://www.city.naka.lg.jp/data/doc/1745047412_doc_902_0.pdf",""
"3","那珂町史","近代・現代編","近代／第四章　昭和恐慌から戦争へ","第一節　昭和恐慌期の那珂地方","戦前の那珂地方の階層構造","490","https://www.city.naka.lg.jp/data/doc/1745047412_doc_902_0.pdf",""
"3","那珂町史","近代・現代編","近代／第四章　昭和恐慌から戦争へ","第一節　昭和恐慌期の那珂地方","小都会的にぎわい","493","https://www.city.naka.lg.jp/data/doc/1745047412_doc_902_0.pdf",""
"3","那珂町史","近代・現代編","近代／第四章　昭和恐慌から戦争へ","第一節　昭和恐慌期の那珂地方","中村製糸所と養蚕業の終焉","496","https://www.city.naka.lg.jp/data/doc/1745047412_doc_902_0.pdf",""
"3","那珂町史","近代・現代編","近代／第四章　昭和恐慌から戦争へ","第一節　昭和恐慌期の那珂地方","千代橋・幸久橋の架橋","498","https://www.city.naka.lg.jp/data/doc/1745047412_doc_902_0.pdf",""
"3","那珂町史","近代・現代編","近代／第四章　昭和恐慌から戦争へ","第一節　昭和恐慌期の那珂地方","時局匡救道路","500","https://www.city.naka.lg.jp/data/doc/1745047412_doc_902_0.pdf",""
"3","那珂町史","近代・現代編","近代／第四章　昭和恐慌から戦争へ","第一節　昭和恐慌期の那珂地方","水郡線全線開通","503","https://www.city.naka.lg.jp/data/doc/1745047412_doc_902_0.pdf",""
"3","那珂町史","近代・現代編","近代／第四章　昭和恐慌から戦争へ","第一節　昭和恐慌期の那珂地方","乗合バス会社の統合","505","https://www.city.naka.lg.jp/data/doc/1745047412_doc_902_0.pdf",""
"3","那珂町史","近代・現代編","近代／第四章　昭和恐慌から戦争へ","第一節　昭和恐慌期の那珂地方","郵便局増設と電話の普及","507","https://www.city.naka.lg.jp/data/doc/1745047412_doc_902_0.pdf",""
"3","那珂町史","近代・現代編","近代／第四章　昭和恐慌から戦争へ","第二節　日中戦争から太平洋戦争へ","","512","https://www.city.naka.lg.jp/data/doc/1745047412_doc_902_0.pdf",""
"3","那珂町史","近代・現代編","近代／第四章　昭和恐慌から戦争へ","第二節　日中戦争から太平洋戦争へ","軍需産業主導下の景気回復","512","https://www.city.naka.lg.jp/data/doc/1745047412_doc_902_0.pdf",""
"3","那珂町史","近代・現代編","近代／第四章　昭和恐慌から戦争へ","第二節　日中戦争から太平洋戦争へ","満蒙開拓","514","https://www.city.naka.lg.jp/data/doc/1745047412_doc_902_0.pdf",""
"3","那珂町史","近代・現代編","近代／第四章　昭和恐慌から戦争へ","第二節　日中戦争から太平洋戦争へ","後藤圀彦・信彦兄弟と愛郷会","515","https://www.city.naka.lg.jp/data/doc/1745047412_doc_902_0.pdf",""
"3","那珂町史","近代・現代編","近代／第四章　昭和恐慌から戦争へ","第二節　日中戦争から太平洋戦争へ","日中戦争と村々の対応","522","https://www.city.naka.lg.jp/data/doc/1745047412_doc_902_0.pdf",""
"3","那珂町史","近代・現代編","近代／第四章　昭和恐慌から戦争へ","第三節　戦時体制下の那珂地方","","534","https://www.city.naka.lg.jp/data/doc/1745047412_doc_902_0.pdf",""
"3","那珂町史","近代・現代編","近代／第四章　昭和恐慌から戦争へ","第三節　戦時体制下の那珂地方","『神崎村報』の創刊と銃後の守り","534","https://www.city.naka.lg.jp/data/doc/1745047412_doc_902_0.pdf",""
"3","那珂町史","近代・現代編","近代／第四章　昭和恐慌から戦争へ","第三節　戦時体制下の那珂地方","那珂地方事務所の設置と菅谷村の町制施行","542","https://www.city.naka.lg.jp/data/doc/1745047412_doc_902_0.pdf",""
"3","那珂町史","近代・現代編","近代／第四章　昭和恐慌から戦争へ","第三節　戦時体制下の那珂地方","日米開戦と菅谷監視哨","547","https://www.city.naka.lg.jp/data/doc/1745047412_doc_902_0.pdf",""
"3","那珂町史","近代・現代編","近代／第四章　昭和恐慌から戦争へ","第三節　戦時体制下の那珂地方","水戸北飛行場の建設","550","https://www.city.naka.lg.jp/data/doc/1745047412_doc_902_0.pdf","開始ページはOCR及び画像目視で判読に不確実性あり"
"3","那珂町史","近代・現代編","近代／第四章　昭和恐慌から戦争へ","第三節　戦時体制下の那珂地方","物資不足・価格統制と動員令","556","https://www.city.naka.lg.jp/data/doc/1745047412_doc_902_0.pdf",""
"3","那珂町史","近代・現代編","近代／第四章　昭和恐慌から戦争へ","第三節　戦時体制下の那珂地方","食糧増産と甘藷の増産","560","https://www.city.naka.lg.jp/data/doc/1745047412_doc_902_0.pdf",""
"3","那珂町史","近代・現代編","近代／第四章　昭和恐慌から戦争へ","第三節　戦時体制下の那珂地方","食糧増産と有ケ池江下耕地整理事業","563","https://www.city.naka.lg.jp/data/doc/1745047412_doc_902_0.pdf",""
"3","那珂町史","近代・現代編","近代／第四章　昭和恐慌から戦争へ","第三節　戦時体制下の那珂地方","農会から農業会へ","564","https://www.city.naka.lg.jp/data/doc/1745047412_doc_902_0.pdf",""
"3","那珂町史","近代・現代編","近代／第四章　昭和恐慌から戦争へ","第三節　戦時体制下の那珂地方","軍需経済下の諸産業","565","https://www.city.naka.lg.jp/data/doc/1745047412_doc_902_0.pdf",""
"3","那珂町史","近代・現代編","近代／第四章　昭和恐慌から戦争へ","第三節　戦時体制下の那珂地方","戦前型産業社会の破綻","566","https://www.city.naka.lg.jp/data/doc/1745047412_doc_902_0.pdf",""
"3","那珂町史","近代・現代編","近代／第四章　昭和恐慌から戦争へ","第三節　戦時体制下の那珂地方","昭和十一・二年の大洪水","569","https://www.city.naka.lg.jp/data/doc/1745047412_doc_902_0.pdf","開始ページはOCR及び画像目視で判読に不確実性あり"
"3","那珂町史","近代・現代編","近代／第四章　昭和恐慌から戦争へ","第三節　戦時体制下の那珂地方","皇国民教育と国民学校","573","https://www.city.naka.lg.jp/data/doc/1745047412_doc_902_0.pdf",""
"3","那珂町史","近代・現代編","近代／第四章　昭和恐慌から戦争へ","第三節　戦時体制下の那珂地方","青年学校の設立","574","https://www.city.naka.lg.jp/data/doc/1745047412_doc_902_0.pdf",""
"3","那珂町史","近代・現代編","近代／第四章　昭和恐慌から戦争へ","第三節　戦時体制下の那珂地方","阿弥陀寺・上宮寺への学童集団疎開","583","https://www.city.naka.lg.jp/data/doc/1745047412_doc_902_0.pdf",""
"3","那珂町史","近代・現代編","近代／第四章　昭和恐慌から戦争へ","第三節　戦時体制下の那珂地方","空襲警報下の那珂地方","595","https://www.city.naka.lg.jp/data/doc/1745047412_doc_902_0.pdf",""
"3","那珂町史","近代・現代編","現代／第一章　戦後混乱からの脱却","","","607","https://www.city.naka.lg.jp/data/doc/1745047412_doc_902_0.pdf",""
"3","那珂町史","近代・現代編","現代／第一章　戦後混乱からの脱却","第一節　太平洋戦争の終焉","","607","https://www.city.naka.lg.jp/data/doc/1745047412_doc_902_0.pdf",""
"3","那珂町史","近代・現代編","現代／第一章　戦後混乱からの脱却","第一節　太平洋戦争の終焉","ポツダム宣言の受諾","607","https://www.city.naka.lg.jp/data/doc/1745047412_doc_902_0.pdf",""
"3","那珂町史","近代・現代編","現代／第一章　戦後混乱からの脱却","第一節　太平洋戦争の終焉","内地部隊の復員と海外引揚げ者","610","https://www.city.naka.lg.jp/data/doc/1745047412_doc_902_0.pdf",""
"3","那珂町史","近代・現代編","現代／第一章　戦後混乱からの脱却","第一節　太平洋戦争の終焉","遺族会の設立","613","https://www.city.naka.lg.jp/data/doc/1745047412_doc_902_0.pdf",""
"3","那珂町史","近代・現代編","現代／第一章　戦後混乱からの脱却","第二節　戦後の混乱と民主化","","617","https://www.city.naka.lg.jp/data/doc/1745047412_doc_902_0.pdf",""
"3","那珂町史","近代・現代編","現代／第一章　戦後混乱からの脱却","第二節　戦後の混乱と民主化","アメリカ軍の進駐","617","https://www.city.naka.lg.jp/data/doc/1745047412_doc_902_0.pdf",""
"3","那珂町史","近代・現代編","現代／第一章　戦後混乱からの脱却","第二節　戦後の混乱と民主化","人口の急増と食糧難と悪性インフレ","620","https://www.city.naka.lg.jp/data/doc/1745047412_doc_902_0.pdf",""
"3","那珂町史","近代・現代編","現代／第一章　戦後混乱からの脱却","第二節　戦後の混乱と民主化","経済統制の解除","623","https://www.city.naka.lg.jp/data/doc/1745047412_doc_902_0.pdf",""
"3","那珂町史","近代・現代編","現代／第一章　戦後混乱からの脱却","第二節　戦後の混乱と民主化","終戦直後の産業状況","623","https://www.city.naka.lg.jp/data/doc/1745047412_doc_902_0.pdf",""
"3","那珂町史","近代・現代編","現代／第一章　戦後混乱からの脱却","第二節　戦後の混乱と民主化","那珂中部用水事業","624","https://www.city.naka.lg.jp/data/doc/1745047412_doc_902_0.pdf",""
"3","那珂町史","近代・現代編","現代／第一章　戦後混乱からの脱却","第二節　戦後の混乱と民主化","選挙法の改正と新町村長の誕生","625","https://www.city.naka.lg.jp/data/doc/1745047412_doc_902_0.pdf",""
"3","那珂町史","近代・現代編","現代／第一章　戦後混乱からの脱却","第二節　戦後の混乱と民主化","那珂地方の供出と新制中学校の創立","628","https://www.city.naka.lg.jp/data/doc/1745047412_doc_902_0.pdf",""
"3","那珂町史","近代・現代編","現代／第一章　戦後混乱からの脱却","第三節　農地改革と農村の変貌","","635","https://www.city.naka.lg.jp/data/doc/1745047412_doc_902_0.pdf",""
"3","那珂町史","近代・現代編","現代／第一章　戦後混乱からの脱却","第三節　農地改革と農村の変貌","農地改革までの過程","635","https://www.city.naka.lg.jp/data/doc/1745047412_doc_902_0.pdf",""
"3","那珂町史","近代・現代編","現代／第一章　戦後混乱からの脱却","第三節　農地改革と農村の変貌","改革の主役農地委員会","636","https://www.city.naka.lg.jp/data/doc/1745047412_doc_902_0.pdf",""
"3","那珂町史","近代・現代編","現代／第一章　戦後混乱からの脱却","第三節　農地改革と農村の変貌","農業会と農民組合","639","https://www.city.naka.lg.jp/data/doc/1745047412_doc_902_0.pdf",""
"3","那珂町史","近代・現代編","現代／第一章　戦後混乱からの脱却","第三節　農地改革と農村の変貌","農地の買収と売渡し","641","https://www.city.naka.lg.jp/data/doc/1745047412_doc_902_0.pdf",""
"3","那珂町史","近代・現代編","現代／第一章　戦後混乱からの脱却","第三節　農地改革と農村の変貌","未墾地の解放","646","https://www.city.naka.lg.jp/data/doc/1745047412_doc_902_0.pdf",""
"3","那珂町史","近代・現代編","現代／第一章　戦後混乱からの脱却","第三節　農地改革と農村の変貌","開拓による入植と増反","650","https://www.city.naka.lg.jp/data/doc/1745047412_doc_902_0.pdf",""
"3","那珂町史","近代・現代編","現代／第一章　戦後混乱からの脱却","第四節　戦後の復興と独立","","655","https://www.city.naka.lg.jp/data/doc/1745047412_doc_902_0.pdf",""
"3","那珂町史","近代・現代編","現代／第一章　戦後混乱からの脱却","第四節　戦後の復興と独立","講和条約の締結と菅谷町の記念行事","655","https://www.city.naka.lg.jp/data/doc/1745047412_doc_902_0.pdf",""
"3","那珂町史","近代・現代編","現代／第一章　戦後混乱からの脱却","第四節　戦後の復興と独立","地方自治法の制定と那珂地方事務所","658","https://www.city.naka.lg.jp/data/doc/1745047412_doc_902_0.pdf",""
"3","那珂町史","近代・現代編","現代／第一章　戦後混乱からの脱却","第四節　戦後の復興と独立","農地改革後の農業改革","661","https://www.city.naka.lg.jp/data/doc/1745047412_doc_902_0.pdf",""
"3","那珂町史","近代・現代編","現代／第一章　戦後混乱からの脱却","第四節　戦後の復興と独立","新農村建設運動と那珂地方","662","https://www.city.naka.lg.jp/data/doc/1745047412_doc_902_0.pdf",""
"3","那珂町史","近代・現代編","現代／第一章　戦後混乱からの脱却","第五節　町村合併と那珂町の誕生","","668","https://www.city.naka.lg.jp/data/doc/1745047412_doc_902_0.pdf",""
"3","那珂町史","近代・現代編","現代／第一章　戦後混乱からの脱却","第五節　町村合併と那珂町の誕生","県の合併試案と旧町村の対応","668","https://www.city.naka.lg.jp/data/doc/1745047412_doc_902_0.pdf",""
"3","那珂町史","近代・現代編","現代／第一章　戦後混乱からの脱却","第五節　町村合併と那珂町の誕生","木崎・芳野・戸多村の動向","674","https://www.city.naka.lg.jp/data/doc/1745047412_doc_902_0.pdf",""
"3","那珂町史","近代・現代編","現代／第一章　戦後混乱からの脱却","第五節　町村合併と那珂町の誕生","町村合併の議決と旧町村の解散","677","https://www.city.naka.lg.jp/data/doc/1745047412_doc_902_0.pdf",""
"3","那珂町史","近代・現代編","現代／第一章　戦後混乱からの脱却","第五節　町村合併と那珂町の誕生","那珂町の発足","683","https://www.city.naka.lg.jp/data/doc/1745047412_doc_902_0.pdf",""
"3","那珂町史","近代・現代編","現代／第一章　戦後混乱からの脱却","第五節　町村合併と那珂町の誕生","鹿島地区の瓜連町編入","688","https://www.city.naka.lg.jp/data/doc/1745047412_doc_902_0.pdf",""
"3","那珂町史","近代・現代編","現代／第二章　高度経済成長と那珂町","","","699","https://www.city.naka.lg.jp/data/doc/1745047412_doc_902_0.pdf",""
"3","那珂町史","近代・現代編","現代／第二章　高度経済成長と那珂町","第一節　行財政の発展と福祉の増進","","699","https://www.city.naka.lg.jp/data/doc/1745047412_doc_902_0.pdf",""
"3","那珂町史","近代・現代編","現代／第二章　高度経済成長と那珂町","第一節　行財政の発展と福祉の増進","行政機構の拡充と議員の定数減","699","https://www.city.naka.lg.jp/data/doc/1745047412_doc_902_0.pdf",""
"3","那珂町史","近代・現代編","現代／第二章　高度経済成長と那珂町","第一節　行財政の発展と福祉の増進","完納運動と財政の充実","705","https://www.city.naka.lg.jp/data/doc/1745047412_doc_902_0.pdf",""
"3","那珂町史","近代・現代編","現代／第二章　高度経済成長と那珂町","第一節　行財政の発展と福祉の増進","児童福祉・老人福祉","709","https://www.city.naka.lg.jp/data/doc/1745047412_doc_902_0.pdf",""
"3","那珂町史","近代・現代編","現代／第二章　高度経済成長と那珂町","第一節　行財政の発展と福祉の増進","那珂町の赤痢と上下水道の普及","711","https://www.city.naka.lg.jp/data/doc/1745047412_doc_902_0.pdf",""
"3","那珂町史","近代・現代編","現代／第二章　高度経済成長と那珂町","第一節　行財政の発展と福祉の増進","国民健康保険と芳野診療所","723","https://www.city.naka.lg.jp/data/doc/1745047412_doc_902_0.pdf",""
"3","那珂町史","近代・現代編","現代／第二章　高度経済成長と那珂町","第二節　交通・通信の変化と発展","","731","https://www.city.naka.lg.jp/data/doc/1745047412_doc_902_0.pdf",""
"3","那珂町史","近代・現代編","現代／第二章　高度経済成長と那珂町","第二節　交通・通信の変化と発展","道路交通網の整備","731","https://www.city.naka.lg.jp/data/doc/1745047412_doc_902_0.pdf",""
"3","那珂町史","近代・現代編","現代／第二章　高度経済成長と那珂町","第二節　交通・通信の変化と発展","自家用車の普及","735","https://www.city.naka.lg.jp/data/doc/1745047412_doc_902_0.pdf",""
"3","那珂町史","近代・現代編","現代／第二章　高度経済成長と那珂町","第二節　交通・通信の変化と発展","水郡線の合理化","739","https://www.city.naka.lg.jp/data/doc/1745047412_doc_902_0.pdf",""
"3","那珂町史","近代・現代編","現代／第二章　高度経済成長と那珂町","第二節　交通・通信の変化と発展","有線放送から公社電話の時代へ","742","https://www.city.naka.lg.jp/data/doc/1745047412_doc_902_0.pdf",""
"3","那珂町史","近代・現代編","現代／第二章　高度経済成長と那珂町","第二節　交通・通信の変化と発展","郵便業務の合理化","745","https://www.city.naka.lg.jp/data/doc/1745047412_doc_902_0.pdf",""
"3","那珂町史","近代・現代編","現代／第二章　高度経済成長と那珂町","第三節　産業経済の発展","","749","https://www.city.naka.lg.jp/data/doc/1745047412_doc_902_0.pdf",""
"3","那珂町史","近代・現代編","現代／第二章　高度経済成長と那珂町","第三節　産業経済の発展","食糧増産から適地適産へ","749","https://www.city.naka.lg.jp/data/doc/1745047412_doc_902_0.pdf",""
"3","那珂町史","近代・現代編","現代／第二章　高度経済成長と那珂町","第三節　産業経済の発展","農協の合併","752","https://www.city.naka.lg.jp/data/doc/1745047412_doc_902_0.pdf",""
"3","那珂町史","近代・現代編","現代／第二章　高度経済成長と那珂町","第三節　産業経済の発展","減反政策と総合農政","752","https://www.city.naka.lg.jp/data/doc/1745047412_doc_902_0.pdf",""
"3","那珂町史","近代・現代編","現代／第二章　高度経済成長と那珂町","第三節　産業経済の発展","農業基本法施行一〇年以後の農畜産業","753","https://www.city.naka.lg.jp/data/doc/1745047412_doc_902_0.pdf",""
"3","那珂町史","近代・現代編","現代／第二章　高度経済成長と那珂町","第三節　産業経済の発展","第二次・第三次産業時代へ","755","https://www.city.naka.lg.jp/data/doc/1745047412_doc_902_0.pdf",""
"3","那珂町史","近代・現代編","現代／第二章　高度経済成長と那珂町","第三節　産業経済の発展","商工業の伸展","763","https://www.city.naka.lg.jp/data/doc/1745047412_doc_902_0.pdf",""
"3","那珂町史","近代・現代編","現代／第二章　高度経済成長と那珂町","第三節　産業経済の発展","農業の危機と今後の課題","769","https://www.city.naka.lg.jp/data/doc/1745047412_doc_902_0.pdf",""
"3","那珂町史","近代・現代編","現代／第二章　高度経済成長と那珂町","第四節　教育と文化","","775","https://www.city.naka.lg.jp/data/doc/1745047412_doc_902_0.pdf",""
"3","那珂町史","近代・現代編","現代／第二章　高度経済成長と那珂町","第四節　教育と文化","皇民教育の否定と進駐軍の学校視察","775","https://www.city.naka.lg.jp/data/doc/1745047412_doc_902_0.pdf",""
"3","那珂町史","近代・現代編","現代／第二章　高度経済成長と那珂町","第四節　教育と文化","教育基本法と六・三制","777","https://www.city.naka.lg.jp/data/doc/1745047412_doc_902_0.pdf",""
"3","那珂町史","近代・現代編","現代／第二章　高度経済成長と那珂町","第四節　教育と文化","PTAと教育委員会","782","https://www.city.naka.lg.jp/data/doc/1745047412_doc_902_0.pdf","表題及び開始ページはOCR及び画像目視で判読に不確実性あり"
"3","那珂町史","近代・現代編","現代／第二章　高度経済成長と那珂町","第四節　教育と文化","木崎小学校の統合および菅谷小学校の移転新築","785","https://www.city.naka.lg.jp/data/doc/1745047412_doc_902_0.pdf",""
"3","那珂町史","近代・現代編","現代／第二章　高度経済成長と那珂町","第四節　教育と文化","中学校の統合","790","https://www.city.naka.lg.jp/data/doc/1745047412_doc_902_0.pdf","開始ページはOCR及び画像目視で判読に不確実性あり"
"3","那珂町史","近代・現代編","現代／第二章　高度経済成長と那珂町","第四節　教育と文化","県立水戸農業高等学校・那珂高等学校の誘致","795","https://www.city.naka.lg.jp/data/doc/1745047412_doc_902_0.pdf","開始ページはOCR及び画像目視で判読に不確実性あり"
"3","那珂町史","近代・現代編","現代／第二章　高度経済成長と那珂町","第四節　教育と文化","新聞・ラジオの普及","803","https://www.city.naka.lg.jp/data/doc/1745047412_doc_902_0.pdf",""
"3","那珂町史","近代・現代編","現代／第二章　高度経済成長と那珂町","第四節　教育と文化","テレビ時代の到来","806","https://www.city.naka.lg.jp/data/doc/1745047412_doc_902_0.pdf",""
"3","那珂町史","近代・現代編","現代／第二章　高度経済成長と那珂町","第四節　教育と文化","那珂町の文化財","809","https://www.city.naka.lg.jp/data/doc/1745047412_doc_902_0.pdf",""
"3","那珂町史","近代・現代編","現代／第二章　高度経済成長と那珂町","第五節　新しい警察消防制度と自然災害への克服","","815","https://www.city.naka.lg.jp/data/doc/1745047412_doc_902_0.pdf",""
"3","那珂町史","近代・現代編","現代／第二章　高度経済成長と那珂町","第五節　新しい警察消防制度と自然災害への克服","自治体警察の誕生","815","https://www.city.naka.lg.jp/data/doc/1745047412_doc_902_0.pdf",""
"3","那珂町史","近代・現代編","現代／第二章　高度経済成長と那珂町","第五節　新しい警察消防制度と自然災害への克服","警防団から消防団へ","820","https://www.city.naka.lg.jp/data/doc/1745047412_doc_902_0.pdf",""
"3","那珂町史","近代・現代編","現代／第二章　高度経済成長と那珂町","第五節　新しい警察消防制度と自然災害への克服","常設消防署の誕生","824","https://www.city.naka.lg.jp/data/doc/1745047412_doc_902_0.pdf",""
"3","那珂町史","近代・現代編","現代／第二章　高度経済成長と那珂町","第五節　新しい警察消防制度と自然災害への克服","戦後の自然災害と被害","826","https://www.city.naka.lg.jp/data/doc/1745047412_doc_902_0.pdf",""
"3","那珂町史","近代・現代編","現代／第二章　高度経済成長と那珂町","第五節　新しい警察消防制度と自然災害への克服","久慈川・那珂川の改修計画と工事","831","https://www.city.naka.lg.jp/data/doc/1745047412_doc_902_0.pdf",""
"3","那珂町史","近代・現代編","現代／第二章　高度経済成長と那珂町","第六節　将来の那珂町","","835","https://www.city.naka.lg.jp/data/doc/1745047412_doc_902_0.pdf",""
"3","那珂町史","近代・現代編","現代／第二章　高度経済成長と那珂町","第六節　将来の那珂町","生活環境の整備","835","https://www.city.naka.lg.jp/data/doc/1745047412_doc_902_0.pdf",""
"3","那珂町史","近代・現代編","現代／第二章　高度経済成長と那珂町","第六節　将来の那珂町","那珂町総合計画","839","https://www.city.naka.lg.jp/data/doc/1745047412_doc_902_0.pdf",""
"3","那珂町史","近代・現代編","現代／第二章　高度経済成長と那珂町","第六節　将来の那珂町","個別計画等の作成","843","https://www.city.naka.lg.jp/data/doc/1745047412_doc_902_0.pdf",""
"3","那珂町史","近代・現代編","現代／第二章　高度経済成長と那珂町","第六節　将来の那珂町","商業環境の整備と農業文化の継承","845","https://www.city.naka.lg.jp/data/doc/1745047412_doc_902_0.pdf",""
"3","那珂町史","近代・現代編","現代／第二章　高度経済成長と那珂町","第六節　将来の那珂町","環境の保全","845","https://www.city.naka.lg.jp/data/doc/1745047412_doc_902_0.pdf",""
"3","那珂町史","近代・現代編","","","那珂町史略年表","849","https://www.city.naka.lg.jp/data/doc/1745047412_doc_902_0.pdf",""
"3","那珂町史","近代・現代編","","","あとがき","855","https://www.city.naka.lg.jp/data/doc/1745047412_doc_902_0.pdf",""
"4","那珂町の考古学","","","","序","1","https://www.city.naka.lg.jp/data/doc/1745047416_doc_902_0.pdf",""
"4","那珂町の考古学","","","","凡例","3","https://www.city.naka.lg.jp/data/doc/1745047416_doc_902_0.pdf",""
"4","那珂町の考古学","","","","はじめに","9","https://www.city.naka.lg.jp/data/doc/1745047416_doc_902_0.pdf",""
"4","那珂町の考古学","","先土器時代","","","13","https://www.city.naka.lg.jp/data/doc/1745047416_doc_902_0.pdf",""
"4","那珂町の考古学","","先土器時代","","新地遺跡","14","https://www.city.naka.lg.jp/data/doc/1745047416_doc_902_0.pdf",""
"4","那珂町の考古学","","先土器時代","","額田大宮遺跡","23","https://www.city.naka.lg.jp/data/doc/1745047416_doc_902_0.pdf",""
"4","那珂町の考古学","","先土器時代","","畑中遺跡、北坪遺跡","24","https://www.city.naka.lg.jp/data/doc/1745047416_doc_902_0.pdf",""
"4","那珂町の考古学","","先土器時代","","森戸遺跡","24","https://www.city.naka.lg.jp/data/doc/1745047416_doc_902_0.pdf",""
"4","那珂町の考古学","","先土器時代","","発生期の土器","30","https://www.city.naka.lg.jp/data/doc/1745047416_doc_902_0.pdf",""
"4","那珂町の考古学","","先土器時代","","豊喰遺跡","31","https://www.city.naka.lg.jp/data/doc/1745047416_doc_902_0.pdf",""
"4","那珂町の考古学","","縄文時代","","","37","https://www.city.naka.lg.jp/data/doc/1745047416_doc_902_0.pdf",""
"4","那珂町の考古学","","縄文時代","","井草式","39","https://www.city.naka.lg.jp/data/doc/1745047416_doc_902_0.pdf",""
"4","那珂町の考古学","","縄文時代","","夏島式","39","https://www.city.naka.lg.jp/data/doc/1745047416_doc_902_0.pdf",""
"4","那珂町の考古学","","縄文時代","","稲荷台式","40","https://www.city.naka.lg.jp/data/doc/1745047416_doc_902_0.pdf",""
"4","那珂町の考古学","","縄文時代","","花輪台Ⅰ","42","https://www.city.naka.lg.jp/data/doc/1745047416_doc_902_0.pdf",""
"4","那珂町の考古学","","縄文時代","","花輪台Ⅱ","43","https://www.city.naka.lg.jp/data/doc/1745047416_doc_902_0.pdf",""
"4","那珂町の考古学","","縄文時代","","稲荷原","47","https://www.city.naka.lg.jp/data/doc/1745047416_doc_902_0.pdf",""
"4","那珂町の考古学","","縄文時代","","初期沈線文","49","https://www.city.naka.lg.jp/data/doc/1745047416_doc_902_0.pdf",""
"4","那珂町の考古学","","縄文時代","","三戸","50","https://www.city.naka.lg.jp/data/doc/1745047416_doc_902_0.pdf",""
"4","那珂町の考古学","","縄文時代","","日計型押型文","55","https://www.city.naka.lg.jp/data/doc/1745047416_doc_902_0.pdf",""
"4","那珂町の考古学","","縄文時代","","田戸下層","56","https://www.city.naka.lg.jp/data/doc/1745047416_doc_902_0.pdf",""
"4","那珂町の考古学","","縄文時代","","田戸上層","60","https://www.city.naka.lg.jp/data/doc/1745047416_doc_902_0.pdf",""
"4","那珂町の考古学","","縄文時代","","子母口","61","https://www.city.naka.lg.jp/data/doc/1745047416_doc_902_0.pdf",""
"4","那珂町の考古学","","縄文時代","","槻木下層","62","https://www.city.naka.lg.jp/data/doc/1745047416_doc_902_0.pdf",""
"4","那珂町の考古学","","縄文時代","","野島","63","https://www.city.naka.lg.jp/data/doc/1745047416_doc_902_0.pdf",""
"4","那珂町の考古学","","縄文時代","","鵜ヶ島台","64","https://www.city.naka.lg.jp/data/doc/1745047416_doc_902_0.pdf",""
"4","那珂町の考古学","","縄文時代","","茅山下層","65","https://www.city.naka.lg.jp/data/doc/1745047416_doc_902_0.pdf",""
"4","那珂町の考古学","","縄文時代","","茅山上層","65","https://www.city.naka.lg.jp/data/doc/1745047416_doc_902_0.pdf",""
"4","那珂町の考古学","","縄文時代","","常世2式","66","https://www.city.naka.lg.jp/data/doc/1745047416_doc_902_0.pdf",""
"4","那珂町の考古学","","縄文時代","","遠下","67","https://www.city.naka.lg.jp/data/doc/1745047416_doc_902_0.pdf",""
"4","那珂町の考古学","","縄文時代","","花積下層","68","https://www.city.naka.lg.jp/data/doc/1745047416_doc_902_0.pdf",""
"4","那珂町の考古学","","縄文時代","","関山","70","https://www.city.naka.lg.jp/data/doc/1745047416_doc_902_0.pdf",""
"4","那珂町の考古学","","縄文時代","","黒浜","72","https://www.city.naka.lg.jp/data/doc/1745047416_doc_902_0.pdf",""
"4","那珂町の考古学","","縄文時代","","諸磯","74","https://www.city.naka.lg.jp/data/doc/1745047416_doc_902_0.pdf",""
"4","那珂町の考古学","","縄文時代","","浮島","75","https://www.city.naka.lg.jp/data/doc/1745047416_doc_902_0.pdf",""
"4","那珂町の考古学","","縄文時代","","興津","77","https://www.city.naka.lg.jp/data/doc/1745047416_doc_902_0.pdf",""
"4","那珂町の考古学","","縄文時代","","十三菩提","84","https://www.city.naka.lg.jp/data/doc/1745047416_doc_902_0.pdf",""
"4","那珂町の考古学","","縄文時代","","下小野","85","https://www.city.naka.lg.jp/data/doc/1745047416_doc_902_0.pdf",""
"4","那珂町の考古学","","縄文時代","","五領ヶ台","88","https://www.city.naka.lg.jp/data/doc/1745047416_doc_902_0.pdf",""
"4","那珂町の考古学","","縄文時代","","阿玉台","89","https://www.city.naka.lg.jp/data/doc/1745047416_doc_902_0.pdf",""
"4","那珂町の考古学","","縄文時代","","大木","92","https://www.city.naka.lg.jp/data/doc/1745047416_doc_902_0.pdf",""
"4","那珂町の考古学","","縄文時代","","加曾利E","93","https://www.city.naka.lg.jp/data/doc/1745047416_doc_902_0.pdf",""
"4","那珂町の考古学","","縄文時代","","称名寺","95","https://www.city.naka.lg.jp/data/doc/1745047416_doc_902_0.pdf",""
"4","那珂町の考古学","","縄文時代","","堀之内","96","https://www.city.naka.lg.jp/data/doc/1745047416_doc_902_0.pdf",""
"4","那珂町の考古学","","縄文時代","","加曾利B","99","https://www.city.naka.lg.jp/data/doc/1745047416_doc_902_0.pdf",""
"4","那珂町の考古学","","縄文時代","","安行式（後期）","102","https://www.city.naka.lg.jp/data/doc/1745047416_doc_902_0.pdf",""
"4","那珂町の考古学","","縄文時代","","安行式（晩期）","104","https://www.city.naka.lg.jp/data/doc/1745047416_doc_902_0.pdf",""
"4","那珂町の考古学","","縄文時代","","大洞","106","https://www.city.naka.lg.jp/data/doc/1745047416_doc_902_0.pdf",""
"4","那珂町の考古学","","縄文時代","","土偶","111","https://www.city.naka.lg.jp/data/doc/1745047416_doc_902_0.pdf",""
"4","那珂町の考古学","","縄文時代","","縄文時代の石器","115","https://www.city.naka.lg.jp/data/doc/1745047416_doc_902_0.pdf",""
"4","那珂町の考古学","","縄文時代","","石匙","117","https://www.city.naka.lg.jp/data/doc/1745047416_doc_902_0.pdf",""
"4","那珂町の考古学","","縄文時代","","石皿","117","https://www.city.naka.lg.jp/data/doc/1745047416_doc_902_0.pdf",""
"4","那珂町の考古学","","縄文時代","","石錘","117","https://www.city.naka.lg.jp/data/doc/1745047416_doc_902_0.pdf",""
"4","那珂町の考古学","","縄文時代","","石鏃","119","https://www.city.naka.lg.jp/data/doc/1745047416_doc_902_0.pdf",""
"4","那珂町の考古学","","縄文時代","","打製石斧","121","https://www.city.naka.lg.jp/data/doc/1745047416_doc_902_0.pdf",""
"4","那珂町の考古学","","縄文時代","","スタンプ形石器","124","https://www.city.naka.lg.jp/data/doc/1745047416_doc_902_0.pdf",""
"4","那珂町の考古学","","縄文時代","","石棒・石剣","126","https://www.city.naka.lg.jp/data/doc/1745047416_doc_902_0.pdf",""
"4","那珂町の考古学","","縄文時代","","装身具","128","https://www.city.naka.lg.jp/data/doc/1745047416_doc_902_0.pdf",""
"4","那珂町の考古学","","縄文時代","","異形石器","129","https://www.city.naka.lg.jp/data/doc/1745047416_doc_902_0.pdf",""
"4","那珂町の考古学","","弥生時代","","","130","https://www.city.naka.lg.jp/data/doc/1745047416_doc_902_0.pdf",""
"4","那珂町の考古学","","弥生時代","","初期弥生式土器","131","https://www.city.naka.lg.jp/data/doc/1745047416_doc_902_0.pdf",""
"4","那珂町の考古学","","弥生時代","","海後遺跡の土器","132","https://www.city.naka.lg.jp/data/doc/1745047416_doc_902_0.pdf",""
"4","那珂町の考古学","","弥生時代","","野沢式土器","134","https://www.city.naka.lg.jp/data/doc/1745047416_doc_902_0.pdf",""
"4","那珂町の考古学","","弥生時代","","足洗式土器","137","https://www.city.naka.lg.jp/data/doc/1745047416_doc_902_0.pdf",""
"4","那珂町の考古学","","弥生時代","","東中根式土器","140","https://www.city.naka.lg.jp/data/doc/1745047416_doc_902_0.pdf",""
"4","那珂町の考古学","","弥生時代","","松原式土器","145","https://www.city.naka.lg.jp/data/doc/1745047416_doc_902_0.pdf",""
"4","那珂町の考古学","","弥生時代","","天王山式土器","153","https://www.city.naka.lg.jp/data/doc/1745047416_doc_902_0.pdf",""
"4","那珂町の考古学","","弥生時代","","十王台式土器","154","https://www.city.naka.lg.jp/data/doc/1745047416_doc_902_0.pdf",""
"4","那珂町の考古学","","弥生時代","","紡錘車","159","https://www.city.naka.lg.jp/data/doc/1745047416_doc_902_0.pdf",""
"4","那珂町の考古学","","弥生時代","","弥生時代の石器","163","https://www.city.naka.lg.jp/data/doc/1745047416_doc_902_0.pdf",""
"4","那珂町の考古学","","弥生時代","","鉄斧","166","https://www.city.naka.lg.jp/data/doc/1745047416_doc_902_0.pdf",""
"4","那珂町の考古学","","古墳時代","","","167","https://www.city.naka.lg.jp/data/doc/1745047416_doc_902_0.pdf",""
"4","那珂町の考古学","","古墳時代","","額田式土器","168","https://www.city.naka.lg.jp/data/doc/1745047416_doc_902_0.pdf",""
"4","那珂町の考古学","","古墳時代","","五領式","170","https://www.city.naka.lg.jp/data/doc/1745047416_doc_902_0.pdf",""
"4","那珂町の考古学","","古墳時代","","和泉式","170","https://www.city.naka.lg.jp/data/doc/1745047416_doc_902_0.pdf",""
"4","那珂町の考古学","","古墳時代","","鬼高式","170","https://www.city.naka.lg.jp/data/doc/1745047416_doc_902_0.pdf",""
"4","那珂町の考古学","","古墳時代","","絵画のある土器","174","https://www.city.naka.lg.jp/data/doc/1745047416_doc_902_0.pdf",""
"4","那珂町の考古学","","古墳時代","","前方後円墳","175","https://www.city.naka.lg.jp/data/doc/1745047416_doc_902_0.pdf",""
"4","那珂町の考古学","","古墳時代","","横穴式石室","176","https://www.city.naka.lg.jp/data/doc/1745047416_doc_902_0.pdf",""
"4","那珂町の考古学","","古墳時代","","埴輪","177","https://www.city.naka.lg.jp/data/doc/1745047416_doc_902_0.pdf",""
"4","那珂町の考古学","","古墳時代","","鉄器","179","https://www.city.naka.lg.jp/data/doc/1745047416_doc_902_0.pdf",""
"4","那珂町の考古学","","古墳時代","","装身具・石製模造品","182","https://www.city.naka.lg.jp/data/doc/1745047416_doc_902_0.pdf",""
"4","那珂町の考古学","","奈良・平安時代","","","184","https://www.city.naka.lg.jp/data/doc/1745047416_doc_902_0.pdf",""
"4","那珂町の考古学","","奈良・平安時代","","泉前","185","https://www.city.naka.lg.jp/data/doc/1745047416_doc_902_0.pdf",""
"4","那珂町の考古学","","奈良・平安時代","","国分","185","https://www.city.naka.lg.jp/data/doc/1745047416_doc_902_0.pdf",""
"4","那珂町の考古学","","奈良・平安時代","","墨書","186","https://www.city.naka.lg.jp/data/doc/1745047416_doc_902_0.pdf",""
"4","那珂町の考古学","","奈良・平安時代","","緑釉","188","https://www.city.naka.lg.jp/data/doc/1745047416_doc_902_0.pdf",""
"4","那珂町の考古学","","奈良・平安時代","","砥石と鏡","190","https://www.city.naka.lg.jp/data/doc/1745047416_doc_902_0.pdf",""
"4","那珂町の考古学","","鎌倉・室町時代","","","191","https://www.city.naka.lg.jp/data/doc/1745047416_doc_902_0.pdf",""
"4","那珂町の考古学","","鎌倉・室町時代","","瀬戸瓶子・瀬戸水注","192","https://www.city.naka.lg.jp/data/doc/1745047416_doc_902_0.pdf",""
"4","那珂町の考古学","","鎌倉・室町時代","","中世陶器","194","https://www.city.naka.lg.jp/data/doc/1745047416_doc_902_0.pdf",""
"4","那珂町の考古学","","鎌倉・室町時代","","密教法具と鰐口","196","https://www.city.naka.lg.jp/data/doc/1745047416_doc_902_0.pdf",""
"4","那珂町の考古学","","","","あとがき","204","https://www.city.naka.lg.jp/data/doc/1745047416_doc_902_0.pdf",""
"5","那珂町史の研究","第1号","","","題字","","https://www.city.naka.lg.jp/data/doc/1745047420_doc_902_0.pdf","目次に開始ページの記載なし"
"5","那珂町史の研究","第1号","","","序文","","https://www.city.naka.lg.jp/data/doc/1745047420_doc_902_0.pdf","目次に開始ページの記載なし"
"5","那珂町史の研究","第1号","","","茨城の考古学研究と那珂町の埋蔵遺跡","1","https://www.city.naka.lg.jp/data/doc/1745047420_doc_902_0.pdf",""
"5","那珂町史の研究","第1号","","","原好誼の『占春亭日誌』から","17","https://www.city.naka.lg.jp/data/doc/1745047420_doc_902_0.pdf",""
"5","那珂町史の研究","第1号","","","吉田松陰と水戸及び下江戸","29","https://www.city.naka.lg.jp/data/doc/1745047420_doc_902_0.pdf",""
"5","那珂町史の研究","第1号","","","南酒出城の侍達","45","https://www.city.naka.lg.jp/data/doc/1745047420_doc_902_0.pdf",""
"5","那珂町史の研究","第1号","","","戸村家重代の太刀とさっぺい祭","53","https://www.city.naka.lg.jp/data/doc/1745047420_doc_902_0.pdf",""
"5","那珂町史の研究","第1号","","","那珂町における小学校の創設まで","57","https://www.city.naka.lg.jp/data/doc/1745047420_doc_902_0.pdf",""
"5","那珂町史の研究","第1号","","","秋田へ移った戸村氏の最後","69","https://www.city.naka.lg.jp/data/doc/1745047420_doc_902_0.pdf",""
"5","那珂町史の研究","第1号","","","地藏尊とお地藏さん","92","https://www.city.naka.lg.jp/data/doc/1745047420_doc_902_0.pdf",""
"5","那珂町史の研究","第1号","","","町史編さん略日誌","98","https://www.city.naka.lg.jp/data/doc/1745047420_doc_902_0.pdf",""
"5","那珂町史の研究","第1号","","","町史編さん委員会組織","102","https://www.city.naka.lg.jp/data/doc/1745047420_doc_902_0.pdf",""
"5","那珂町史の研究","第1号","","","編集後記","103","https://www.city.naka.lg.jp/data/doc/1745047420_doc_902_0.pdf",""
"5","那珂町史の研究","第2号","","","題字","","https://www.city.naka.lg.jp/data/doc/1745047420_doc_902_0.pdf","目次に開始ページの記載なし"
"5","那珂町史の研究","第2号","","","序文","","https://www.city.naka.lg.jp/data/doc/1745047420_doc_902_0.pdf","目次に開始ページの記載なし"
"5","那珂町史の研究","第2号","","","那珂町の自然（その一）","1","https://www.city.naka.lg.jp/data/doc/1745047420_doc_902_0.pdf",""
"5","那珂町史の研究","第2号","","","了証蓮如法尼の墓と比久尼街道―附　白石館址の研究について―","10","https://www.city.naka.lg.jp/data/doc/1745047420_doc_902_0.pdf",""
"5","那珂町史の研究","第2号","","","飯田寄居舘主掛札氏について","15","https://www.city.naka.lg.jp/data/doc/1745047420_doc_902_0.pdf",""
"5","那珂町史の研究","第2号","","","奥郡の原始眞宗","26","https://www.city.naka.lg.jp/data/doc/1745047420_doc_902_0.pdf",""
"5","那珂町史の研究","第2号","","","地方の山伏―那珂町の場合―","42","https://www.city.naka.lg.jp/data/doc/1745047420_doc_902_0.pdf",""
"5","那珂町史の研究","第2号","","","街道と旅―那珂町域内の街道を中心として―","59","https://www.city.naka.lg.jp/data/doc/1745047420_doc_902_0.pdf",""
"5","那珂町史の研究","第2号","","","旧額田村向山所在の常福寺について","74","https://www.city.naka.lg.jp/data/doc/1745047420_doc_902_0.pdf",""
"5","那珂町史の研究","第2号","","","豐喰の天満神社について","85","https://www.city.naka.lg.jp/data/doc/1745047420_doc_902_0.pdf",""
"5","那珂町史の研究","第2号","","","明治二十二年調査の五臺村地誌―茨城縣の皇國地誌編さんに関連して―","86","https://www.city.naka.lg.jp/data/doc/1745047420_doc_902_0.pdf",""
"5","那珂町史の研究","第3号","","","題字","","https://www.city.naka.lg.jp/data/doc/1745047420_doc_902_0.pdf","目次に開始ページの記載なし"
"5","那珂町史の研究","第3号","","","序文","","https://www.city.naka.lg.jp/data/doc/1745047420_doc_902_0.pdf","目次に開始ページの記載なし"
"5","那珂町史の研究","第3号","","","那珂町の自然（その二）","1","https://www.city.naka.lg.jp/data/doc/1745047420_doc_902_0.pdf",""
"5","那珂町史の研究","第3号","","","親鸞聖人と妻惠信尼の手紙","19","https://www.city.naka.lg.jp/data/doc/1745047420_doc_902_0.pdf",""
"5","那珂町史の研究","第3号","","","戸崎山蓮光寺についての研究","26","https://www.city.naka.lg.jp/data/doc/1745047420_doc_902_0.pdf",""
"5","那珂町史の研究","第3号","","","金光寺跡を偲んで","29","https://www.city.naka.lg.jp/data/doc/1745047420_doc_902_0.pdf",""
"5","那珂町史の研究","第3号","","","水戸藩の税制について（その一）","37","https://www.city.naka.lg.jp/data/doc/1745047420_doc_902_0.pdf",""
"5","那珂町史の研究","第3号","","","明治初期における地方制度の沿革","64","https://www.city.naka.lg.jp/data/doc/1745047420_doc_902_0.pdf",""
"5","那珂町史の研究","第3号","","","明治時代の教科書に現われた立身出世について","85","https://www.city.naka.lg.jp/data/doc/1745047420_doc_902_0.pdf",""
"5","那珂町史の研究","第3号","","","那珂町における茶業の変貌","95","https://www.city.naka.lg.jp/data/doc/1745047420_doc_902_0.pdf",""
"5","那珂町史の研究","第3号","","","随想","106","https://www.city.naka.lg.jp/data/doc/1745047420_doc_902_0.pdf",""
"5","那珂町史の研究","第3号","","","町史編さんの感想","","https://www.city.naka.lg.jp/data/doc/1745047420_doc_902_0.pdf","目次に個別開始ページの記載なし（親見出しの開始ページは106）"
"5","那珂町史の研究","第3号","","","里ごころ","","https://www.city.naka.lg.jp/data/doc/1745047420_doc_902_0.pdf","目次に個別開始ページの記載なし（親見出しの開始ページは106）"
"5","那珂町史の研究","第3号","","","町史編さんに期待する","","https://www.city.naka.lg.jp/data/doc/1745047420_doc_902_0.pdf","目次に個別開始ページの記載なし（親見出しの開始ページは106）"
"5","那珂町史の研究","第3号","","","町史編さん略日誌（二）","110","https://www.city.naka.lg.jp/data/doc/1745047420_doc_902_0.pdf",""
"5","那珂町史の研究","第3号","","","編集後記","113","https://www.city.naka.lg.jp/data/doc/1745047420_doc_902_0.pdf",""
"6","那珂町史の研究","第4号","","","題字","","https://www.city.naka.lg.jp/data/doc/1745047425_doc_902_0.pdf","目次に開始ページの記載なし"
"6","那珂町史の研究","第4号","","","序文","","https://www.city.naka.lg.jp/data/doc/1745047425_doc_902_0.pdf","目次に開始ページの記載なし"
"6","那珂町史の研究","第4号","","","那珂町の自然（二）","1","https://www.city.naka.lg.jp/data/doc/1745047425_doc_902_0.pdf",""
"6","那珂町史の研究","第4号","","","那珂郡飯田村・島嶺・豊喰三村の新田開発","14","https://www.city.naka.lg.jp/data/doc/1745047425_doc_902_0.pdf",""
"6","那珂町史の研究","第4号","","","宝永の改革について―宝永三年貢の増徴について―","42","https://www.city.naka.lg.jp/data/doc/1745047425_doc_902_0.pdf",""
"6","那珂町史の研究","第4号","","","明治時代の額田小学校長野口熊八について","51","https://www.city.naka.lg.jp/data/doc/1745047425_doc_902_0.pdf",""
"6","那珂町史の研究","第4号","","","清水原事件","55","https://www.city.naka.lg.jp/data/doc/1745047425_doc_902_0.pdf",""
"6","那珂町史の研究","第4号","","","那珂郡役所新築をめぐる紛争―湊町・菅谷村―","69","https://www.city.naka.lg.jp/data/doc/1745047425_doc_902_0.pdf",""
"6","那珂町史の研究","第4号","","","随想","82","https://www.city.naka.lg.jp/data/doc/1745047425_doc_902_0.pdf",""
"6","那珂町史の研究","第4号","","","父祖ゆかりの地那珂町を訪ねて","82","https://www.city.naka.lg.jp/data/doc/1745047425_doc_902_0.pdf",""
"6","那珂町史の研究","第4号","","","町史編さん略日誌（四）","86","https://www.city.naka.lg.jp/data/doc/1745047425_doc_902_0.pdf",""
"6","那珂町史の研究","第4号","","","編集後記","91","https://www.city.naka.lg.jp/data/doc/1745047425_doc_902_0.pdf",""
"6","那珂町史の研究","第5号","","","題字","","https://www.city.naka.lg.jp/data/doc/1745047425_doc_902_0.pdf","目次に開始ページの記載なし"
"6","那珂町史の研究","第5号","","","序文","","https://www.city.naka.lg.jp/data/doc/1745047425_doc_902_0.pdf","目次に開始ページの記載なし"
"6","那珂町史の研究","第5号","","","那珂町の動物・植物の概要","1","https://www.city.naka.lg.jp/data/doc/1745047425_doc_902_0.pdf",""
"6","那珂町史の研究","第5号","","","那珂町豊喰遺跡の再検討―最古の土器群をめぐる最近の研究成果に照して―","7","https://www.city.naka.lg.jp/data/doc/1745047425_doc_902_0.pdf",""
"6","那珂町史の研究","第5号","","","徳川光圀（義公）と菅谷・横須賀家について","16","https://www.city.naka.lg.jp/data/doc/1745047425_doc_902_0.pdf",""
"6","那珂町史の研究","第5号","","","中崎家文書に見る木崎地区の酒造考","28","https://www.city.naka.lg.jp/data/doc/1745047425_doc_902_0.pdf",""
"6","那珂町史の研究","第5号","","","那珂町の和算家―関流八伝石川貫道について―","37","https://www.city.naka.lg.jp/data/doc/1745047425_doc_902_0.pdf",""
"6","那珂町史の研究","第5号","","","鴨志田半七・孝順家文書について","49","https://www.city.naka.lg.jp/data/doc/1745047425_doc_902_0.pdf",""
"6","那珂町史の研究","第5号","","","那珂町域における動力の変遷―水車から内燃機関・そして電力へ―","87","https://www.city.naka.lg.jp/data/doc/1745047425_doc_902_0.pdf",""
"6","那珂町史の研究","第5号","","","町史編さん略日誌（五）","106","https://www.city.naka.lg.jp/data/doc/1745047425_doc_902_0.pdf",""
"6","那珂町史の研究","第5号","","","編集後記","109","https://www.city.naka.lg.jp/data/doc/1745047425_doc_902_0.pdf",""
"6","那珂町史の研究","第6号","","","題字","","https://www.city.naka.lg.jp/data/doc/1745047425_doc_902_0.pdf","目次に開始ページの記載なし"
"6","那珂町史の研究","第6号","","","序文","","https://www.city.naka.lg.jp/data/doc/1745047425_doc_902_0.pdf","目次に開始ページの記載なし"
"6","那珂町史の研究","第6号","","","白河内古墳覺書―特に壁画の意味と被葬者を中心として―","1","https://www.city.naka.lg.jp/data/doc/1745047425_doc_902_0.pdf",""
"6","那珂町史の研究","第6号","","","「和名抄」に見える古代の郷名と那珂町","11","https://www.city.naka.lg.jp/data/doc/1745047425_doc_902_0.pdf",""
"6","那珂町史の研究","第6号","","","中崎村の年貢皆済目録―中崎家文書から（1）―","23","https://www.city.naka.lg.jp/data/doc/1745047425_doc_902_0.pdf",""
"6","那珂町史の研究","第6号","","","文化・文政期の額田村改革と村方騒動","36","https://www.city.naka.lg.jp/data/doc/1745047425_doc_902_0.pdf",""
"6","那珂町史の研究","第6号","","","武田耕雲齋の手紙（木内造酒夫所蔵）について","55","https://www.city.naka.lg.jp/data/doc/1745047425_doc_902_0.pdf",""
"6","那珂町史の研究","第6号","","","本県の製茶傳習所と第一製茶研究所","62","https://www.city.naka.lg.jp/data/doc/1745047425_doc_902_0.pdf",""
"6","那珂町史の研究","第6号","","","額田の建具業に関する経済地理学的研究","75","https://www.city.naka.lg.jp/data/doc/1745047425_doc_902_0.pdf",""
"6","那珂町史の研究","第6号","","","町史編さん略日誌（六）","96","https://www.city.naka.lg.jp/data/doc/1745047425_doc_902_0.pdf",""
"6","那珂町史の研究","第6号","","","編集後記","99","https://www.city.naka.lg.jp/data/doc/1745047425_doc_902_0.pdf",""
"6","那珂町史の研究","第7号","","","題字","","https://www.city.naka.lg.jp/data/doc/1745047425_doc_902_0.pdf","目次に開始ページの記載なし"
"6","那珂町史の研究","第7号","","","序文","","https://www.city.naka.lg.jp/data/doc/1745047425_doc_902_0.pdf","目次に開始ページの記載なし"
"6","那珂町史の研究","第7号","","","古代における那珂町周辺の産物について","1","https://www.city.naka.lg.jp/data/doc/1745047425_doc_902_0.pdf",""
"6","那珂町史の研究","第7号","","","江戸氏の発展と綱衣争論","14","https://www.city.naka.lg.jp/data/doc/1745047425_doc_902_0.pdf","表題の「綱衣」はOCR及び画像目視で判読に不確実性あり"
"6","那珂町史の研究","第7号","","","天保・安政期の藩政改革と額田村改革","21","https://www.city.naka.lg.jp/data/doc/1745047425_doc_902_0.pdf",""
"6","那珂町史の研究","第7号","","","藤田東湖の母の手紙（木内造酒夫氏所蔵）について","41","https://www.city.naka.lg.jp/data/doc/1745047425_doc_902_0.pdf",""
"6","那珂町史の研究","第7号","","","天狗・諸生の乱と那珂町","49","https://www.city.naka.lg.jp/data/doc/1745047425_doc_902_0.pdf",""
"6","那珂町史の研究","第7号","","","茶業組合と製茶の粗製乱造防止・品質改良―那珂郡茶業組合を中心として―","63","https://www.city.naka.lg.jp/data/doc/1745047425_doc_902_0.pdf",""
"6","那珂町史の研究","第7号","","","水郡線と根本正","81","https://www.city.naka.lg.jp/data/doc/1745047425_doc_902_0.pdf",""
"6","那珂町史の研究","第7号","","","町史編さん略日誌（七）","92","https://www.city.naka.lg.jp/data/doc/1745047425_doc_902_0.pdf",""
"6","那珂町史の研究","第7号","","","編集後記","97","https://www.city.naka.lg.jp/data/doc/1745047425_doc_902_0.pdf",""
"6","那珂町史の研究","第8号","","","題字","","https://www.city.naka.lg.jp/data/doc/1745047425_doc_902_0.pdf","目次に開始ページの記載なし"
"6","那珂町史の研究","第8号","","","序","","https://www.city.naka.lg.jp/data/doc/1745047425_doc_902_0.pdf","目次に開始ページの記載なし"
"6","那珂町史の研究","第8号","","","農村荒廃と農民層の動向―那珂台地の村々と若者組・同族集団―","1","https://www.city.naka.lg.jp/data/doc/1745047425_doc_902_0.pdf",""
"6","那珂町史の研究","第8号","","","天保の飢饉と那珂町域","35","https://www.city.naka.lg.jp/data/doc/1745047425_doc_902_0.pdf",""
"6","那珂町史の研究","第8号","","","徳川齊昭の就藩と村方の「御用留」―中崎文書から（2）―","47","https://www.city.naka.lg.jp/data/doc/1745047425_doc_902_0.pdf",""
"6","那珂町史の研究","第8号","","","明治初年の那珂町の諸史料から","65","https://www.city.naka.lg.jp/data/doc/1745047425_doc_902_0.pdf",""
"6","那珂町史の研究","第8号","","","製茶の粗製濫造防止・品質改良","86","https://www.city.naka.lg.jp/data/doc/1745047425_doc_902_0.pdf",""
"6","那珂町史の研究","第8号","","","町史編さん略日誌（八）","95","https://www.city.naka.lg.jp/data/doc/1745047425_doc_902_0.pdf",""
"6","那珂町史の研究","第8号","","","編集後記","98","https://www.city.naka.lg.jp/data/doc/1745047425_doc_902_0.pdf",""
"6","那珂町史の研究","第9号","","","題字","","https://www.city.naka.lg.jp/data/doc/1745047425_doc_902_0.pdf","目次に開始ページの記載なし"
"6","那珂町史の研究","第9号","","","序","","https://www.city.naka.lg.jp/data/doc/1745047425_doc_902_0.pdf","目次に開始ページの記載なし"
"6","那珂町史の研究","第9号","","","那珂川舟運と河岸","1","https://www.city.naka.lg.jp/data/doc/1745047425_doc_902_0.pdf",""
"6","那珂町史の研究","第9号","","","一、河岸開設と浜荷中継の特権","6","https://www.city.naka.lg.jp/data/doc/1745047425_doc_902_0.pdf",""
"6","那珂町史の研究","第9号","","","二、河岸利権の防衛","12","https://www.city.naka.lg.jp/data/doc/1745047425_doc_902_0.pdf",""
"6","那珂町史の研究","第9号","","","三、粕干鰯中継河岸の衰退","19","https://www.city.naka.lg.jp/data/doc/1745047425_doc_902_0.pdf",""
"6","那珂町史の研究","第9号","","","四、下江戸河岸の荷扱い量","25","https://www.city.naka.lg.jp/data/doc/1745047425_doc_902_0.pdf",""
"6","那珂町史の研究","第9号","","","五、河岸役銭と舟賃","37","https://www.city.naka.lg.jp/data/doc/1745047425_doc_902_0.pdf",""
"6","那珂町史の研究","第9号","","","六、文化文政の河岸改革","47","https://www.city.naka.lg.jp/data/doc/1745047425_doc_902_0.pdf",""
"6","那珂町史の研究","第9号","","","七、中継河岸の五十集荷口改め","52","https://www.city.naka.lg.jp/data/doc/1745047425_doc_902_0.pdf",""
"6","那珂町史の研究","第9号","","","八、弘化の河岸改革とその後","57","https://www.city.naka.lg.jp/data/doc/1745047425_doc_902_0.pdf",""
"6","那珂町史の研究","第9号","","","九、年表","66","https://www.city.naka.lg.jp/data/doc/1745047425_doc_902_0.pdf",""
"6","那珂町史の研究","第9号","","","あとがき","75","https://www.city.naka.lg.jp/data/doc/1745047425_doc_902_0.pdf",""
"6","那珂町史の研究","第9号","","","町史編さん略日誌（九）","76","https://www.city.naka.lg.jp/data/doc/1745047425_doc_902_0.pdf",""
"6","那珂町史の研究","第9号","","","那珂町史の研究総目次","79","https://www.city.naka.lg.jp/data/doc/1745047425_doc_902_0.pdf",""
"6","那珂町史の研究","第9号","","","編集後記","84","https://www.city.naka.lg.jp/data/doc/1745047425_doc_902_0.pdf",""
"6","那珂町史の研究","第10号","","","題字","","https://www.city.naka.lg.jp/data/doc/1745047425_doc_902_0.pdf","目次に開始ページの記載なし"
"6","那珂町史の研究","第10号","","","序","","https://www.city.naka.lg.jp/data/doc/1745047425_doc_902_0.pdf","目次に開始ページの記載なし"
"6","那珂町史の研究","第10号","","","佐竹義宣及びその家臣団の文化―茶道・連歌・能を中心に―","1","https://www.city.naka.lg.jp/data/doc/1745047425_doc_902_0.pdf",""
"6","那珂町史の研究","第10号","","","中世の城館と文化財保護（1）―茨城県那珂郡那珂町について―","18","https://www.city.naka.lg.jp/data/doc/1745047425_doc_902_0.pdf",""
"6","那珂町史の研究","第10号","","","近世史料の概要と保存について","62","https://www.city.naka.lg.jp/data/doc/1745047425_doc_902_0.pdf",""
"6","那珂町史の研究","第10号","","","徳川齊昭の就藩と村方の「御用留」（続）―中崎家文書から（3）―","76","https://www.city.naka.lg.jp/data/doc/1745047425_doc_902_0.pdf",""
"6","那珂町史の研究","第10号","","","海外引揚者を訪ねて","94","https://www.city.naka.lg.jp/data/doc/1745047425_doc_902_0.pdf",""
"6","那珂町史の研究","第10号","","","町史編さん略日誌（一〇）","114","https://www.city.naka.lg.jp/data/doc/1745047425_doc_902_0.pdf",""
"6","那珂町史の研究","第10号","","","編集後記","116","https://www.city.naka.lg.jp/data/doc/1745047425_doc_902_0.pdf",""
"6","那珂町史の研究","第11号","","","題字","","https://www.city.naka.lg.jp/data/doc/1745047425_doc_902_0.pdf","目次に開始ページの記載なし"
"6","那珂町史の研究","第11号","","","序","","https://www.city.naka.lg.jp/data/doc/1745047425_doc_902_0.pdf","目次に開始ページの記載なし"
"6","那珂町史の研究","第11号","","","古代の驛路と那珂地方―石橋驛を中心に―","1","https://www.city.naka.lg.jp/data/doc/1745047425_doc_902_0.pdf",""
"6","那珂町史の研究","第11号","","","近世における那珂町の考古資料","12","https://www.city.naka.lg.jp/data/doc/1745047425_doc_902_0.pdf",""
"6","那珂町史の研究","第11号","","","水戸藩財政収納に関する新史料―寛政十一年分、文化四年分の「御収納元御披露目録」の紹介―","29","https://www.city.naka.lg.jp/data/doc/1745047425_doc_902_0.pdf",""
"6","那珂町史の研究","第11号","","","徳川齊昭夫人登美宮と那珂地方","40","https://www.city.naka.lg.jp/data/doc/1745047425_doc_902_0.pdf",""
"6","那珂町史の研究","第11号","","","地租改正と農民層の動向","67","https://www.city.naka.lg.jp/data/doc/1745047425_doc_902_0.pdf",""
"6","那珂町史の研究","第11号","","","町史編さん略日誌（一一）","100","https://www.city.naka.lg.jp/data/doc/1745047425_doc_902_0.pdf",""
"6","那珂町史の研究","第11号","","","編集後記","105","https://www.city.naka.lg.jp/data/doc/1745047425_doc_902_0.pdf",""
"7","那珂町史の研究","第12号","","","題字","","https://www.city.naka.lg.jp/data/doc/1745047429_doc_902_0.pdf","目次に開始ページの記載なし"
"7","那珂町史の研究","第12号","","","序","","https://www.city.naka.lg.jp/data/doc/1745047429_doc_902_0.pdf","目次に開始ページの記載なし"
"7","那珂町史の研究","第12号","","","那珂町周辺の古代の地名について（1）","1","https://www.city.naka.lg.jp/data/doc/1745047429_doc_902_0.pdf",""
"7","那珂町史の研究","第12号","","","中世の城館と文化財保護（2）―茨城県那珂郡那珂町について―","13","https://www.city.naka.lg.jp/data/doc/1745047429_doc_902_0.pdf",""
"7","那珂町史の研究","第12号","","","近世における農村荒廃と家―有賀・飯田・上青柳・上河内村の事例から―","38","https://www.city.naka.lg.jp/data/doc/1745047429_doc_902_0.pdf",""
"7","那珂町史の研究","第12号","","","明治十年茨城県布達による学校沿革誌について","46","https://www.city.naka.lg.jp/data/doc/1745047429_doc_902_0.pdf",""
"7","那珂町史の研究","第12号","","","日華事変と那珂地方―『寺門治平日記』と「神崎村諸書類綴」から―","60","https://www.city.naka.lg.jp/data/doc/1745047429_doc_902_0.pdf",""
"7","那珂町史の研究","第12号","","","自治体史の編さんと史料保存活用について","90","https://www.city.naka.lg.jp/data/doc/1745047429_doc_902_0.pdf",""
"7","那珂町史の研究","第12号","","","町史編さん略日誌（一二）","112","https://www.city.naka.lg.jp/data/doc/1745047429_doc_902_0.pdf",""
"7","那珂町史の研究","第12号","","","編集後記","115","https://www.city.naka.lg.jp/data/doc/1745047429_doc_902_0.pdf",""
"7","那珂町史の研究","第13号","","","題字","","https://www.city.naka.lg.jp/data/doc/1745047429_doc_902_0.pdf","目次に開始ページの記載なし"
"7","那珂町史の研究","第13号","","","序","","https://www.city.naka.lg.jp/data/doc/1745047429_doc_902_0.pdf","目次に開始ページの記載なし"
"7","那珂町史の研究","第13号","","","那珂町周辺の古代の地名について（2）","1","https://www.city.naka.lg.jp/data/doc/1745047429_doc_902_0.pdf",""
"7","那珂町史の研究","第13号","","","村方文書の調査と整理について","16","https://www.city.naka.lg.jp/data/doc/1745047429_doc_902_0.pdf",""
"7","那珂町史の研究","第13号","","","大東亜戦争（太平洋戦争）と那珂地方―『寺門治平日記』から―","43","https://www.city.naka.lg.jp/data/doc/1745047429_doc_902_0.pdf",""
"7","那珂町史の研究","第13号","","","農地改革から農業改革へ","101","https://www.city.naka.lg.jp/data/doc/1745047429_doc_902_0.pdf",""
"7","那珂町史の研究","第13号","","","町史編さん略日誌（一三）","117","https://www.city.naka.lg.jp/data/doc/1745047429_doc_902_0.pdf",""
"7","那珂町史の研究","第13号","","","編集後記","119","https://www.city.naka.lg.jp/data/doc/1745047429_doc_902_0.pdf",""
"8","瓜連町史","","","","発刊にあたって","","https://www.city.naka.lg.jp/data/doc/1745047433_doc_902_0.pdf","目次に開始ページの記載なし"
"8","瓜連町史","","","","発刊によせて","","https://www.city.naka.lg.jp/data/doc/1745047433_doc_902_0.pdf","目次に開始ページの記載なし"
"8","瓜連町史","","第一章　自然環境","","","3","https://www.city.naka.lg.jp/data/doc/1745047433_doc_902_0.pdf",""
"8","瓜連町史","","第一章　自然環境","第一節　位置と面積","","3","https://www.city.naka.lg.jp/data/doc/1745047433_doc_902_0.pdf",""
"8","瓜連町史","","第一章　自然環境","第一節　位置と面積","一、　位置","3","https://www.city.naka.lg.jp/data/doc/1745047433_doc_902_0.pdf",""
"8","瓜連町史","","第一章　自然環境","第一節　位置と面積","自然と歴史の調和した町","3","https://www.city.naka.lg.jp/data/doc/1745047433_doc_902_0.pdf",""
"8","瓜連町史","","第一章　自然環境","第一節　位置と面積","緑の住居都市（ベッドタウン）","5","https://www.city.naka.lg.jp/data/doc/1745047433_doc_902_0.pdf",""
"8","瓜連町史","","第一章　自然環境","第一節　位置と面積","二、　面積と人口","7","https://www.city.naka.lg.jp/data/doc/1745047433_doc_902_0.pdf",""
"8","瓜連町史","","第一章　自然環境","第二節　地形と地質","","8","https://www.city.naka.lg.jp/data/doc/1745047433_doc_902_0.pdf",""
"8","瓜連町史","","第一章　自然環境","第二節　地形と地質","一、　地形","8","https://www.city.naka.lg.jp/data/doc/1745047433_doc_902_0.pdf",""
"8","瓜連町史","","第一章　自然環境","第二節　地形と地質","地形区分","8","https://www.city.naka.lg.jp/data/doc/1745047433_doc_902_0.pdf",""
"8","瓜連町史","","第一章　自然環境","第二節　地形と地質","瓜連丘陵の地形","8","https://www.city.naka.lg.jp/data/doc/1745047433_doc_902_0.pdf",""
"8","瓜連町史","","第一章　自然環境","第二節　地形と地質","台地の地形","12","https://www.city.naka.lg.jp/data/doc/1745047433_doc_902_0.pdf",""
"8","瓜連町史","","第一章　自然環境","第二節　地形と地質","沖積低地の地形","12","https://www.city.naka.lg.jp/data/doc/1745047433_doc_902_0.pdf",""
"8","瓜連町史","","第一章　自然環境","第二節　地形と地質","二、　地質","14","https://www.city.naka.lg.jp/data/doc/1745047433_doc_902_0.pdf",""
"8","瓜連町史","","第一章　自然環境","第二節　地形と地質","地質のあらまし","14","https://www.city.naka.lg.jp/data/doc/1745047433_doc_902_0.pdf",""
"8","瓜連町史","","第一章　自然環境","第二節　地形と地質","瓜連町の基盤地質","14","https://www.city.naka.lg.jp/data/doc/1745047433_doc_902_0.pdf",""
"8","瓜連町史","","第一章　自然環境","第二節　地形と地質","荒屋層","14","https://www.city.naka.lg.jp/data/doc/1745047433_doc_902_0.pdf",""
"8","瓜連町史","","第一章　自然環境","第二節　地形と地質","瓜連層","15","https://www.city.naka.lg.jp/data/doc/1745047433_doc_902_0.pdf",""
"8","瓜連町史","","第一章　自然環境","第二節　地形と地質","瓜連丘陵の堆積物","17","https://www.city.naka.lg.jp/data/doc/1745047433_doc_902_0.pdf",""
"8","瓜連町史","","第一章　自然環境","第二節　地形と地質","古徳礫層","18","https://www.city.naka.lg.jp/data/doc/1745047433_doc_902_0.pdf",""
"8","瓜連町史","","第一章　自然環境","第二節　地形と地質","新町礫層","18","https://www.city.naka.lg.jp/data/doc/1745047433_doc_902_0.pdf",""
"8","瓜連町史","","第一章　自然環境","第二節　地形と地質","引田層","19","https://www.city.naka.lg.jp/data/doc/1745047433_doc_902_0.pdf",""
"8","瓜連町史","","第一章　自然環境","第二節　地形と地質","台地の堆積物","21","https://www.city.naka.lg.jp/data/doc/1745047433_doc_902_0.pdf",""
"8","瓜連町史","","第一章　自然環境","第二節　地形と地質","見和層","21","https://www.city.naka.lg.jp/data/doc/1745047433_doc_902_0.pdf",""
"8","瓜連町史","","第一章　自然環境","第二節　地形と地質","額田段丘礫層","22","https://www.city.naka.lg.jp/data/doc/1745047433_doc_902_0.pdf",""
"8","瓜連町史","","第一章　自然環境","第二節　地形と地質","関東ローム層","24","https://www.city.naka.lg.jp/data/doc/1745047433_doc_902_0.pdf",""
"8","瓜連町史","","第一章　自然環境","第二節　地形と地質","沖積地の堆積物","24","https://www.city.naka.lg.jp/data/doc/1745047433_doc_902_0.pdf",""
"8","瓜連町史","","第一章　自然環境","第三節　気候","","27","https://www.city.naka.lg.jp/data/doc/1745047433_doc_902_0.pdf",""
"8","瓜連町史","","第一章　自然環境","第三節　気候","一、　瓜連の気候","27","https://www.city.naka.lg.jp/data/doc/1745047433_doc_902_0.pdf",""
"8","瓜連町史","","第一章　自然環境","第三節　気候","気候区分","27","https://www.city.naka.lg.jp/data/doc/1745047433_doc_902_0.pdf",""
"8","瓜連町史","","第一章　自然環境","第三節　気候","二、　瓜連の気象特性","27","https://www.city.naka.lg.jp/data/doc/1745047433_doc_902_0.pdf",""
"8","瓜連町史","","第一章　自然環境","第三節　気候","気温","28","https://www.city.naka.lg.jp/data/doc/1745047433_doc_902_0.pdf",""
"8","瓜連町史","","第一章　自然環境","第三節　気候","降水量","29","https://www.city.naka.lg.jp/data/doc/1745047433_doc_902_0.pdf",""
"8","瓜連町史","","第一章　自然環境","第三節　気候","風・雷雨","30","https://www.city.naka.lg.jp/data/doc/1745047433_doc_902_0.pdf",""
"8","瓜連町史","","第一章　自然環境","第四節　植物と動物","","35","https://www.city.naka.lg.jp/data/doc/1745047433_doc_902_0.pdf",""
"8","瓜連町史","","第一章　自然環境","第四節　植物と動物","一、　瓜連の植物","35","https://www.city.naka.lg.jp/data/doc/1745047433_doc_902_0.pdf",""
"8","瓜連町史","","第一章　自然環境","第四節　植物と動物","（1）　植生の概要","35","https://www.city.naka.lg.jp/data/doc/1745047433_doc_902_0.pdf",""
"8","瓜連町史","","第一章　自然環境","第四節　植物と動物","台地斜面","35","https://www.city.naka.lg.jp/data/doc/1745047433_doc_902_0.pdf",""
"8","瓜連町史","","第一章　自然環境","第四節　植物と動物","丘陵地","36","https://www.city.naka.lg.jp/data/doc/1745047433_doc_902_0.pdf",""
"8","瓜連町史","","第一章　自然環境","第四節　植物と動物","静神社境内","38","https://www.city.naka.lg.jp/data/doc/1745047433_doc_902_0.pdf",""
"8","瓜連町史","","第一章　自然環境","第四節　植物と動物","古徳溜池","39","https://www.city.naka.lg.jp/data/doc/1745047433_doc_902_0.pdf",""
"8","瓜連町史","","第一章　自然環境","第四節　植物と動物","（2）　分布上注目すべき植物","42","https://www.city.naka.lg.jp/data/doc/1745047433_doc_902_0.pdf",""
"8","瓜連町史","","第一章　自然環境","第四節　植物と動物","二、　瓜連の動物","49","https://www.city.naka.lg.jp/data/doc/1745047433_doc_902_0.pdf",""
"8","瓜連町史","","第一章　自然環境","第四節　植物と動物","三、　瓜連の鳥類","53","https://www.city.naka.lg.jp/data/doc/1745047433_doc_902_0.pdf",""
"8","瓜連町史","","第一章　自然環境","第四節　植物と動物","（1）　市街地・農耕地","53","https://www.city.naka.lg.jp/data/doc/1745047433_doc_902_0.pdf",""
"8","瓜連町史","","第一章　自然環境","第四節　植物と動物","（2）　古徳沼とその周辺","54","https://www.city.naka.lg.jp/data/doc/1745047433_doc_902_0.pdf",""
"8","瓜連町史","","第一章　自然環境","第四節　植物と動物","オオハクチョウ","54","https://www.city.naka.lg.jp/data/doc/1745047433_doc_902_0.pdf",""
"8","瓜連町史","","第一章　自然環境","第四節　植物と動物","ガン・カモ類","59","https://www.city.naka.lg.jp/data/doc/1745047433_doc_902_0.pdf",""
"8","瓜連町史","","第一章　自然環境","第四節　植物と動物","水鳥","60","https://www.city.naka.lg.jp/data/doc/1745047433_doc_902_0.pdf",""
"8","瓜連町史","","第一章　自然環境","第四節　植物と動物","水辺の鳥","61","https://www.city.naka.lg.jp/data/doc/1745047433_doc_902_0.pdf",""
"8","瓜連町史","","第一章　自然環境","第四節　植物と動物","山の鳥","61","https://www.city.naka.lg.jp/data/doc/1745047433_doc_902_0.pdf",""
"8","瓜連町史","","第一章　自然環境","第四節　植物と動物","（3）　久慈川と河川敷","62","https://www.city.naka.lg.jp/data/doc/1745047433_doc_902_0.pdf",""
"8","瓜連町史","","第一章　自然環境","第四節　植物と動物","（4）　鳥類目録について","63","https://www.city.naka.lg.jp/data/doc/1745047433_doc_902_0.pdf",""
"8","瓜連町史","","第二章　原始・古代の瓜連地方","","","69","https://www.city.naka.lg.jp/data/doc/1745047433_doc_902_0.pdf",""
"8","瓜連町史","","第二章　原始・古代の瓜連地方","第一節　原始・古代の概観","","69","https://www.city.naka.lg.jp/data/doc/1745047433_doc_902_0.pdf",""
"8","瓜連町史","","第二章　原始・古代の瓜連地方","第一節　原始・古代の概観","一、　先土器時代の人々の生活","70","https://www.city.naka.lg.jp/data/doc/1745047433_doc_902_0.pdf",""
"8","瓜連町史","","第二章　原始・古代の瓜連地方","第一節　原始・古代の概観","二、　縄文時代の人々の生活","74","https://www.city.naka.lg.jp/data/doc/1745047433_doc_902_0.pdf",""
"8","瓜連町史","","第二章　原始・古代の瓜連地方","第一節　原始・古代の概観","大塚遺跡出土の縄文式土器","80","https://www.city.naka.lg.jp/data/doc/1745047433_doc_902_0.pdf",""
"8","瓜連町史","","第二章　原始・古代の瓜連地方","第一節　原始・古代の概観","縄文時代人の集落のあり方","81","https://www.city.naka.lg.jp/data/doc/1745047433_doc_902_0.pdf",""
"8","瓜連町史","","第二章　原始・古代の瓜連地方","第一節　原始・古代の概観","縄文時代人の日常生活と遺物","85","https://www.city.naka.lg.jp/data/doc/1745047433_doc_902_0.pdf",""
"8","瓜連町史","","第二章　原始・古代の瓜連地方","第一節　原始・古代の概観","縄文人の原始信仰","90","https://www.city.naka.lg.jp/data/doc/1745047433_doc_902_0.pdf",""
"8","瓜連町史","","第二章　原始・古代の瓜連地方","第一節　原始・古代の概観","三、　瓜連地方の弥生式文化の形成","93","https://www.city.naka.lg.jp/data/doc/1745047433_doc_902_0.pdf",""
"8","瓜連町史","","第二章　原始・古代の瓜連地方","第一節　原始・古代の概観","瓜連町出土の弥生式土器","95","https://www.city.naka.lg.jp/data/doc/1745047433_doc_902_0.pdf",""
"8","瓜連町史","","第二章　原始・古代の瓜連地方","第一節　原始・古代の概観","瓜連町周辺の弥生式土器","98","https://www.city.naka.lg.jp/data/doc/1745047433_doc_902_0.pdf",""
"8","瓜連町史","","第二章　原始・古代の瓜連地方","第二節　奈良・平安時代の瓜連地方","","105","https://www.city.naka.lg.jp/data/doc/1745047433_doc_902_0.pdf",""
"8","瓜連町史","","第二章　原始・古代の瓜連地方","第二節　奈良・平安時代の瓜連地方","一、　大化改新前の瓜連地方","105","https://www.city.naka.lg.jp/data/doc/1745047433_doc_902_0.pdf",""
"8","瓜連町史","","第二章　原始・古代の瓜連地方","第二節　奈良・平安時代の瓜連地方","久自の国","105","https://www.city.naka.lg.jp/data/doc/1745047433_doc_902_0.pdf",""
"8","瓜連町史","","第二章　原始・古代の瓜連地方","第二節　奈良・平安時代の瓜連地方","久自の国造","107","https://www.city.naka.lg.jp/data/doc/1745047433_doc_902_0.pdf",""
"8","瓜連町史","","第二章　原始・古代の瓜連地方","第二節　奈良・平安時代の瓜連地方","二、　常陸と郡の成立・瓜連地方","110","https://www.city.naka.lg.jp/data/doc/1745047433_doc_902_0.pdf",""
"8","瓜連町史","","第二章　原始・古代の瓜連地方","第二節　奈良・平安時代の瓜連地方","大化改新と常陸国","110","https://www.city.naka.lg.jp/data/doc/1745047433_doc_902_0.pdf",""
"8","瓜連町史","","第二章　原始・古代の瓜連地方","第二節　奈良・平安時代の瓜連地方","常陸十一郡の成立","112","https://www.city.naka.lg.jp/data/doc/1745047433_doc_902_0.pdf",""
"8","瓜連町史","","第二章　原始・古代の瓜連地方","第二節　奈良・平安時代の瓜連地方","郡と里","115","https://www.city.naka.lg.jp/data/doc/1745047433_doc_902_0.pdf",""
"8","瓜連町史","","第二章　原始・古代の瓜連地方","第二節　奈良・平安時代の瓜連地方","三、　久慈郡","116","https://www.city.naka.lg.jp/data/doc/1745047433_doc_902_0.pdf",""
"8","瓜連町史","","第二章　原始・古代の瓜連地方","第二節　奈良・平安時代の瓜連地方","郡の由来","118","https://www.city.naka.lg.jp/data/doc/1745047433_doc_902_0.pdf",""
"8","瓜連町史","","第二章　原始・古代の瓜連地方","第二節　奈良・平安時代の瓜連地方","大里・薬谷遺跡","119","https://www.city.naka.lg.jp/data/doc/1745047433_doc_902_0.pdf",""
"8","瓜連町史","","第二章　原始・古代の瓜連地方","第二節　奈良・平安時代の瓜連地方","久慈郡の郷里","122","https://www.city.naka.lg.jp/data/doc/1745047433_doc_902_0.pdf",""
"8","瓜連町史","","第二章　原始・古代の瓜連地方","第二節　奈良・平安時代の瓜連地方","瓜連地方の郷","124","https://www.city.naka.lg.jp/data/doc/1745047433_doc_902_0.pdf",""
"8","瓜連町史","","第二章　原始・古代の瓜連地方","第二節　奈良・平安時代の瓜連地方","四、　七・八世紀の遺構","127","https://www.city.naka.lg.jp/data/doc/1745047433_doc_902_0.pdf",""
"8","瓜連町史","","第二章　原始・古代の瓜連地方","第二節　奈良・平安時代の瓜連地方","方頭大刀の発見","128","https://www.city.naka.lg.jp/data/doc/1745047433_doc_902_0.pdf",""
"8","瓜連町史","","第二章　原始・古代の瓜連地方","第二節　奈良・平安時代の瓜連地方","七・八世紀の住居","131","https://www.city.naka.lg.jp/data/doc/1745047433_doc_902_0.pdf",""
"8","瓜連町史","","第二章　原始・古代の瓜連地方","第二節　奈良・平安時代の瓜連地方","大塚遺跡出土の布目瓦","136","https://www.city.naka.lg.jp/data/doc/1745047433_doc_902_0.pdf",""
"8","瓜連町史","","第二章　原始・古代の瓜連地方","第三節　倭文の織物と静（倭文）神社","","143","https://www.city.naka.lg.jp/data/doc/1745047433_doc_902_0.pdf",""
"8","瓜連町史","","第二章　原始・古代の瓜連地方","第三節　倭文の織物と静（倭文）神社","一、　倭文の布と倭文部","143","https://www.city.naka.lg.jp/data/doc/1745047433_doc_902_0.pdf",""
"8","瓜連町史","","第二章　原始・古代の瓜連地方","第三節　倭文の織物と静（倭文）神社","倭文の織物とは","143","https://www.city.naka.lg.jp/data/doc/1745047433_doc_902_0.pdf",""
"8","瓜連町史","","第二章　原始・古代の瓜連地方","第三節　倭文の織物と静（倭文）神社","倭文の用途","146","https://www.city.naka.lg.jp/data/doc/1745047433_doc_902_0.pdf",""
"8","瓜連町史","","第二章　原始・古代の瓜連地方","第三節　倭文の織物と静（倭文）神社","常陸国並びに諸国に見られる倭文部","150","https://www.city.naka.lg.jp/data/doc/1745047433_doc_902_0.pdf",""
"8","瓜連町史","","第二章　原始・古代の瓜連地方","第三節　倭文の織物と静（倭文）神社","二、　延喜式内社静神社","154","https://www.city.naka.lg.jp/data/doc/1745047433_doc_902_0.pdf",""
"8","瓜連町史","","第二章　原始・古代の瓜連地方","第三節　倭文の織物と静（倭文）神社","静神社祭神考","154","https://www.city.naka.lg.jp/data/doc/1745047433_doc_902_0.pdf",""
"8","瓜連町史","","第二章　原始・古代の瓜連地方","第三節　倭文の織物と静（倭文）神社","倭文神建葉槌命の性格の両面","157","https://www.city.naka.lg.jp/data/doc/1745047433_doc_902_0.pdf",""
"8","瓜連町史","","第二章　原始・古代の瓜連地方","第三節　倭文の織物と静（倭文）神社","諸国に存在する倭文（静）神社","160","https://www.city.naka.lg.jp/data/doc/1745047433_doc_902_0.pdf",""
"8","瓜連町史","","第二章　原始・古代の瓜連地方","第三節　倭文の織物と静（倭文）神社","式内社静神社とその盛衰","164","https://www.city.naka.lg.jp/data/doc/1745047433_doc_902_0.pdf",""
"8","瓜連町史","","第二章　原始・古代の瓜連地方","第三節　倭文の織物と静（倭文）神社","神階と静神社","165","https://www.city.naka.lg.jp/data/doc/1745047433_doc_902_0.pdf",""
"8","瓜連町史","","第二章　原始・古代の瓜連地方","第三節　倭文の織物と静（倭文）神社","常陸二の宮","167","https://www.city.naka.lg.jp/data/doc/1745047433_doc_902_0.pdf",""
"8","瓜連町史","","第二章　原始・古代の瓜連地方","第四節　瓜連地方の古墳文化","","169","https://www.city.naka.lg.jp/data/doc/1745047433_doc_902_0.pdf",""
"8","瓜連町史","","第二章　原始・古代の瓜連地方","第四節　瓜連地方の古墳文化","一、　弥生文化から古墳文化へ","169","https://www.city.naka.lg.jp/data/doc/1745047433_doc_902_0.pdf",""
"8","瓜連町史","","第二章　原始・古代の瓜連地方","第四節　瓜連地方の古墳文化","二、　瓜連町の古墳","173","https://www.city.naka.lg.jp/data/doc/1745047433_doc_902_0.pdf",""
"8","瓜連町史","","第二章　原始・古代の瓜連地方","第四節　瓜連地方の古墳文化","鹿島台古墳群","173","https://www.city.naka.lg.jp/data/doc/1745047433_doc_902_0.pdf",""
"8","瓜連町史","","第二章　原始・古代の瓜連地方","第四節　瓜連地方の古墳文化","鹿島台古墳の発掘","173","https://www.city.naka.lg.jp/data/doc/1745047433_doc_902_0.pdf",""
"8","瓜連町史","","第二章　原始・古代の瓜連地方","第四節　瓜連地方の古墳文化","大塚古墳","176","https://www.city.naka.lg.jp/data/doc/1745047433_doc_902_0.pdf",""
"8","瓜連町史","","第二章　原始・古代の瓜連地方","第四節　瓜連地方の古墳文化","十林寺古墳群","176","https://www.city.naka.lg.jp/data/doc/1745047433_doc_902_0.pdf",""
"8","瓜連町史","","第二章　原始・古代の瓜連地方","第四節　瓜連地方の古墳文化","十林寺古墳の発掘調査","177","https://www.city.naka.lg.jp/data/doc/1745047433_doc_902_0.pdf",""
"8","瓜連町史","","第二章　原始・古代の瓜連地方","第四節　瓜連地方の古墳文化","十林寺古墳出土の埴輪","181","https://www.city.naka.lg.jp/data/doc/1745047433_doc_902_0.pdf",""
"8","瓜連町史","","第二章　原始・古代の瓜連地方","第四節　瓜連地方の古墳文化","新宿・上宿古墳群","182","https://www.city.naka.lg.jp/data/doc/1745047433_doc_902_0.pdf",""
"8","瓜連町史","","第二章　原始・古代の瓜連地方","第四節　瓜連地方の古墳文化","新宿古墳","184","https://www.city.naka.lg.jp/data/doc/1745047433_doc_902_0.pdf",""
"8","瓜連町史","","第二章　原始・古代の瓜連地方","第四節　瓜連地方の古墳文化","石室の発掘","186","https://www.city.naka.lg.jp/data/doc/1745047433_doc_902_0.pdf",""
"8","瓜連町史","","第二章　原始・古代の瓜連地方","第四節　瓜連地方の古墳文化","新宿古墳の遺物","188","https://www.city.naka.lg.jp/data/doc/1745047433_doc_902_0.pdf",""
"8","瓜連町史","","第二章　原始・古代の瓜連地方","第四節　瓜連地方の古墳文化","その他の遺物","193","https://www.city.naka.lg.jp/data/doc/1745047433_doc_902_0.pdf",""
"8","瓜連町史","","第二章　原始・古代の瓜連地方","第四節　瓜連地方の古墳文化","最西端の古墳","193","https://www.city.naka.lg.jp/data/doc/1745047433_doc_902_0.pdf",""
"8","瓜連町史","","第二章　原始・古代の瓜連地方","第四節　瓜連地方の古墳文化","権現塚古墳","195","https://www.city.naka.lg.jp/data/doc/1745047433_doc_902_0.pdf",""
"8","瓜連町史","","第二章　原始・古代の瓜連地方","第四節　瓜連地方の古墳文化","埴輪類","200","https://www.city.naka.lg.jp/data/doc/1745047433_doc_902_0.pdf",""
"8","瓜連町史","","第二章　原始・古代の瓜連地方","第四節　瓜連地方の古墳文化","三、　町周辺の古墳","206","https://www.city.naka.lg.jp/data/doc/1745047433_doc_902_0.pdf",""
"8","瓜連町史","","第二章　原始・古代の瓜連地方","第四節　瓜連地方の古墳文化","四、　古墳時代の人々のくらし","208","https://www.city.naka.lg.jp/data/doc/1745047433_doc_902_0.pdf",""
"8","瓜連町史","","第三章　中世の瓜連地方","","","227","https://www.city.naka.lg.jp/data/doc/1745047433_doc_902_0.pdf",""
"8","瓜連町史","","第三章　中世の瓜連地方","第一節　源頼朝と金砂合戦","","227","https://www.city.naka.lg.jp/data/doc/1745047433_doc_902_0.pdf",""
"8","瓜連町史","","第三章　中世の瓜連地方","第一節　源頼朝と金砂合戦","佐竹氏の台頭","227","https://www.city.naka.lg.jp/data/doc/1745047433_doc_902_0.pdf",""
"8","瓜連町史","","第三章　中世の瓜連地方","第一節　源頼朝と金砂合戦","源頼朝の平氏討伐と佐竹氏","230","https://www.city.naka.lg.jp/data/doc/1745047433_doc_902_0.pdf",""
"8","瓜連町史","","第三章　中世の瓜連地方","第一節　源頼朝と金砂合戦","金砂合戦","231","https://www.city.naka.lg.jp/data/doc/1745047433_doc_902_0.pdf",""
"8","瓜連町史","","第三章　中世の瓜連地方","第二節　鎌倉幕府と瓜連地方","","236","https://www.city.naka.lg.jp/data/doc/1745047433_doc_902_0.pdf",""
"8","瓜連町史","","第三章　中世の瓜連地方","第二節　鎌倉幕府と瓜連地方","金砂合戦後の奥七郡","236","https://www.city.naka.lg.jp/data/doc/1745047433_doc_902_0.pdf",""
"8","瓜連町史","","第三章　中世の瓜連地方","第二節　鎌倉幕府と瓜連地方","二階堂加志村氏","241","https://www.city.naka.lg.jp/data/doc/1745047433_doc_902_0.pdf",""
"8","瓜連町史","","第三章　中世の瓜連地方","第二節　鎌倉幕府と瓜連地方","二階堂加志村氏の館跡","243","https://www.city.naka.lg.jp/data/doc/1745047433_doc_902_0.pdf",""
"8","瓜連町史","","第三章　中世の瓜連地方","第二節　鎌倉幕府と瓜連地方","瓜連沙汰人","246","https://www.city.naka.lg.jp/data/doc/1745047433_doc_902_0.pdf",""
"8","瓜連町史","","第三章　中世の瓜連地方","第三節　南北朝期の瓜連","","250","https://www.city.naka.lg.jp/data/doc/1745047433_doc_902_0.pdf",""
"8","瓜連町史","","第三章　中世の瓜連地方","第三節　南北朝期の瓜連","一、　瓜連合戦と楠木正家","250","https://www.city.naka.lg.jp/data/doc/1745047433_doc_902_0.pdf",""
"8","瓜連町史","","第三章　中世の瓜連地方","第三節　南北朝期の瓜連","楠木正家常陸に来る","250","https://www.city.naka.lg.jp/data/doc/1745047433_doc_902_0.pdf",""
"8","瓜連町史","","第三章　中世の瓜連地方","第三節　南北朝期の瓜連","瓜連落城後の楠木正家","255","https://www.city.naka.lg.jp/data/doc/1745047433_doc_902_0.pdf",""
"8","瓜連町史","","第三章　中世の瓜連地方","第三節　南北朝期の瓜連","二、　瓜連城と瓜連合戦の意味","258","https://www.city.naka.lg.jp/data/doc/1745047433_doc_902_0.pdf",""
"8","瓜連町史","","第三章　中世の瓜連地方","第三節　南北朝期の瓜連","瓜連城の構え","258","https://www.city.naka.lg.jp/data/doc/1745047433_doc_902_0.pdf",""
"8","瓜連町史","","第三章　中世の瓜連地方","第三節　南北朝期の瓜連","瓜連城の意義","259","https://www.city.naka.lg.jp/data/doc/1745047433_doc_902_0.pdf",""
"8","瓜連町史","","第三章　中世の瓜連地方","第四節　室町期の文化動向と佐竹の乱","","262","https://www.city.naka.lg.jp/data/doc/1745047433_doc_902_0.pdf",""
"8","瓜連町史","","第三章　中世の瓜連地方","第四節　室町期の文化動向と佐竹の乱","一、　常福寺の了誉聖冏","262","https://www.city.naka.lg.jp/data/doc/1745047433_doc_902_0.pdf",""
"8","瓜連町史","","第三章　中世の瓜連地方","第四節　室町期の文化動向と佐竹の乱","二、　弘願寺","264","https://www.city.naka.lg.jp/data/doc/1745047433_doc_902_0.pdf",""
"8","瓜連町史","","第三章　中世の瓜連地方","第四節　室町期の文化動向と佐竹の乱","三、　佐竹の乱と瓜連","265","https://www.city.naka.lg.jp/data/doc/1745047433_doc_902_0.pdf",""
"8","瓜連町史","","第三章　中世の瓜連地方","第四節　室町期の文化動向と佐竹の乱","山入氏の一揆","265","https://www.city.naka.lg.jp/data/doc/1745047433_doc_902_0.pdf",""
"8","瓜連町史","","第三章　中世の瓜連地方","第四節　室町期の文化動向と佐竹の乱","明応の和解","267","https://www.city.naka.lg.jp/data/doc/1745047433_doc_902_0.pdf",""
"8","瓜連町史","","第三章　中世の瓜連地方","第四節　室町期の文化動向と佐竹の乱","四、　「古徳永正記」","269","https://www.city.naka.lg.jp/data/doc/1745047433_doc_902_0.pdf",""
"8","瓜連町史","","第三章　中世の瓜連地方","第四節　室町期の文化動向と佐竹の乱","伝本甲類と乙類と","269","https://www.city.naka.lg.jp/data/doc/1745047433_doc_902_0.pdf",""
"8","瓜連町史","","第三章　中世の瓜連地方","第五節　戦国期以後の瓜連地方","","273","https://www.city.naka.lg.jp/data/doc/1745047433_doc_902_0.pdf",""
"8","瓜連町史","","第三章　中世の瓜連地方","第五節　戦国期以後の瓜連地方","佐竹氏と江戸氏の盟約","273","https://www.city.naka.lg.jp/data/doc/1745047433_doc_902_0.pdf",""
"8","瓜連町史","","第三章　中世の瓜連地方","第五節　戦国期以後の瓜連地方","豊臣秀吉の天下統一と佐竹氏","274","https://www.city.naka.lg.jp/data/doc/1745047433_doc_902_0.pdf",""
"8","瓜連町史","","第三章　中世の瓜連地方","第五節　戦国期以後の瓜連地方","佐竹氏配下配置替","276","https://www.city.naka.lg.jp/data/doc/1745047433_doc_902_0.pdf",""
"8","瓜連町史","","第三章　中世の瓜連地方","第六節　中世の寺院と信仰","","278","https://www.city.naka.lg.jp/data/doc/1745047433_doc_902_0.pdf",""
"8","瓜連町史","","第三章　中世の瓜連地方","第六節　中世の寺院と信仰","一、浄土宗と常福寺","278","https://www.city.naka.lg.jp/data/doc/1745047433_doc_902_0.pdf",""
"8","瓜連町史","","第三章　中世の瓜連地方","第六節　中世の寺院と信仰","（1）　浄土宗の開祖法然上人とその法統","278","https://www.city.naka.lg.jp/data/doc/1745047433_doc_902_0.pdf",""
"8","瓜連町史","","第三章　中世の瓜連地方","第六節　中世の寺院と信仰","法然房源空とその法統","278","https://www.city.naka.lg.jp/data/doc/1745047433_doc_902_0.pdf",""
"8","瓜連町史","","第三章　中世の瓜連地方","第六節　中世の寺院と信仰","（2）　常陸国への浄土宗の発展と常福寺の創立","281","https://www.city.naka.lg.jp/data/doc/1745047433_doc_902_0.pdf",""
"8","瓜連町史","","第三章　中世の瓜連地方","第六節　中世の寺院と信仰","浄土宗の流れ","281","https://www.city.naka.lg.jp/data/doc/1745047433_doc_902_0.pdf",""
"8","瓜連町史","","第三章　中世の瓜連地方","第六節　中世の寺院と信仰","常福寺開祖成阿了実","282","https://www.city.naka.lg.jp/data/doc/1745047433_doc_902_0.pdf",""
"8","瓜連町史","","第三章　中世の瓜連地方","第六節　中世の寺院と信仰","（3）　了誉聖冏の活躍","285","https://www.city.naka.lg.jp/data/doc/1745047433_doc_902_0.pdf",""
"8","瓜連町史","","第三章　中世の瓜連地方","第六節　中世の寺院と信仰","了誉聖冏の修行時代","285","https://www.city.naka.lg.jp/data/doc/1745047433_doc_902_0.pdf",""
"8","瓜連町史","","第三章　中世の瓜連地方","第六節　中世の寺院と信仰","了誉聖冏の教線拡大","288","https://www.city.naka.lg.jp/data/doc/1745047433_doc_902_0.pdf",""
"8","瓜連町史","","第三章　中世の瓜連地方","第六節　中世の寺院と信仰","了誉聖冏の著作","293","https://www.city.naka.lg.jp/data/doc/1745047433_doc_902_0.pdf",""
"8","瓜連町史","","第三章　中世の瓜連地方","第六節　中世の寺院と信仰","（4）　常福寺の展開","297","https://www.city.naka.lg.jp/data/doc/1745047433_doc_902_0.pdf",""
"8","瓜連町史","","第三章　中世の瓜連地方","第六節　中世の寺院と信仰","室町・戦国時代の常福寺","297","https://www.city.naka.lg.jp/data/doc/1745047433_doc_902_0.pdf",""
"8","瓜連町史","","第三章　中世の瓜連地方","第六節　中世の寺院と信仰","江戸時代初期の常福寺","300","https://www.city.naka.lg.jp/data/doc/1745047433_doc_902_0.pdf",""
"8","瓜連町史","","第三章　中世の瓜連地方","第六節　中世の寺院と信仰","（5）　常福寺の文化財","305","https://www.city.naka.lg.jp/data/doc/1745047433_doc_902_0.pdf",""
"8","瓜連町史","","第三章　中世の瓜連地方","第六節　中世の寺院と信仰","二、　時宗と旧西福寺","306","https://www.city.naka.lg.jp/data/doc/1745047433_doc_902_0.pdf",""
"8","瓜連町史","","第三章　中世の瓜連地方","第六節　中世の寺院と信仰","（1）　時宗の常陸国への展開","306","https://www.city.naka.lg.jp/data/doc/1745047433_doc_902_0.pdf",""
"8","瓜連町史","","第三章　中世の瓜連地方","第六節　中世の寺院と信仰","一遍智真","306","https://www.city.naka.lg.jp/data/doc/1745047433_doc_902_0.pdf",""
"8","瓜連町史","","第三章　中世の瓜連地方","第六節　中世の寺院と信仰","他阿弥陀仏呑海","308","https://www.city.naka.lg.jp/data/doc/1745047433_doc_902_0.pdf",""
"8","瓜連町史","","第三章　中世の瓜連地方","第六節　中世の寺院と信仰","（2）　西福寺と諸信仰","310","https://www.city.naka.lg.jp/data/doc/1745047433_doc_902_0.pdf",""
"8","瓜連町史","","第三章　中世の瓜連地方","第六節　中世の寺院と信仰","西福寺の開祖","310","https://www.city.naka.lg.jp/data/doc/1745047433_doc_902_0.pdf",""
"8","瓜連町史","","第三章　中世の瓜連地方","第六節　中世の寺院と信仰","五輪塔と板碑","313","https://www.city.naka.lg.jp/data/doc/1745047433_doc_902_0.pdf",""
"8","瓜連町史","","第三章　中世の瓜連地方","第六節　中世の寺院と信仰","（3）　その後の時宗と西福寺","315","https://www.city.naka.lg.jp/data/doc/1745047433_doc_902_0.pdf",""
"8","瓜連町史","","第三章　中世の瓜連地方","第六節　中世の寺院と信仰","時宗と佐竹氏","316","https://www.city.naka.lg.jp/data/doc/1745047433_doc_902_0.pdf",""
"8","瓜連町史","","第三章　中世の瓜連地方","第六節　中世の寺院と信仰","三、　臨済宗と弘願寺","318","https://www.city.naka.lg.jp/data/doc/1745047433_doc_902_0.pdf",""
"8","瓜連町史","","第三章　中世の瓜連地方","第六節　中世の寺院と信仰","（1）　臨済宗の常陸国への展開","318","https://www.city.naka.lg.jp/data/doc/1745047433_doc_902_0.pdf",""
"8","瓜連町史","","第三章　中世の瓜連地方","第六節　中世の寺院と信仰","臨済宗","318","https://www.city.naka.lg.jp/data/doc/1745047433_doc_902_0.pdf",""
"8","瓜連町史","","第三章　中世の瓜連地方","第六節　中世の寺院と信仰","（2）　弘願寺の創立と展開","320","https://www.city.naka.lg.jp/data/doc/1745047433_doc_902_0.pdf",""
"8","瓜連町史","","第三章　中世の瓜連地方","第六節　中世の寺院と信仰","大拙祖能","321","https://www.city.naka.lg.jp/data/doc/1745047433_doc_902_0.pdf",""
"8","瓜連町史","","第三章　中世の瓜連地方","第六節　中世の寺院と信仰","弘願寺の歴代住職とその活動","323","https://www.city.naka.lg.jp/data/doc/1745047433_doc_902_0.pdf",""
"8","瓜連町史","","第三章　中世の瓜連地方","第六節　中世の寺院と信仰","（3）　その他の禅宗寺院","329","https://www.city.naka.lg.jp/data/doc/1745047433_doc_902_0.pdf",""
"8","瓜連町史","","第三章　中世の瓜連地方","第六節　中世の寺院と信仰","四、　真言宗","331","https://www.city.naka.lg.jp/data/doc/1745047433_doc_902_0.pdf",""
"8","瓜連町史","","第三章　中世の瓜連地方","第六節　中世の寺院と信仰","（1）　真言宗佐久山方の展開と宥尊","331","https://www.city.naka.lg.jp/data/doc/1745047433_doc_902_0.pdf",""
"8","瓜連町史","","第三章　中世の瓜連地方","第六節　中世の寺院と信仰","（2）　瓜連町域の真言宗寺院","335","https://www.city.naka.lg.jp/data/doc/1745047433_doc_902_0.pdf",""
"8","瓜連町史","","第四章　近世の瓜連地方","","","341","https://www.city.naka.lg.jp/data/doc/1745047433_doc_902_0.pdf",""
"8","瓜連町史","","第四章　近世の瓜連地方","第一節　水戸藩の創始と瓜連地方","","341","https://www.city.naka.lg.jp/data/doc/1745047433_doc_902_0.pdf",""
"8","瓜連町史","","第四章　近世の瓜連地方","第一節　水戸藩の創始と瓜連地方","一、　水戸藩の創始と村々","341","https://www.city.naka.lg.jp/data/doc/1745047433_doc_902_0.pdf",""
"8","瓜連町史","","第四章　近世の瓜連地方","第一節　水戸藩の創始と瓜連地方","備前検地と常福寺領帳","341","https://www.city.naka.lg.jp/data/doc/1745047433_doc_902_0.pdf",""
"8","瓜連町史","","第四章　近世の瓜連地方","第一節　水戸藩の創始と瓜連地方","武田信吉の支配","344","https://www.city.naka.lg.jp/data/doc/1745047433_doc_902_0.pdf",""
"8","瓜連町史","","第四章　近世の瓜連地方","第一節　水戸藩の創始と瓜連地方","徳川頼宣の支配と常福寺領検地水帳","348","https://www.city.naka.lg.jp/data/doc/1745047433_doc_902_0.pdf",""
"8","瓜連町史","","第四章　近世の瓜連地方","第一節　水戸藩の創始と瓜連地方","御三家水戸藩の創始","349","https://www.city.naka.lg.jp/data/doc/1745047433_doc_902_0.pdf",""
"8","瓜連町史","","第四章　近世の瓜連地方","第一節　水戸藩の創始と瓜連地方","二、　寛永の検地","350","https://www.city.naka.lg.jp/data/doc/1745047433_doc_902_0.pdf",""
"8","瓜連町史","","第四章　近世の瓜連地方","第一節　水戸藩の創始と瓜連地方","検地の実施","350","https://www.city.naka.lg.jp/data/doc/1745047433_doc_902_0.pdf",""
"8","瓜連町史","","第四章　近世の瓜連地方","第一節　水戸藩の創始と瓜連地方","丈量と石盛","351","https://www.city.naka.lg.jp/data/doc/1745047433_doc_902_0.pdf",""
"8","瓜連町史","","第四章　近世の瓜連地方","第一節　水戸藩の創始と瓜連地方","磯崎村の検地帳","352","https://www.city.naka.lg.jp/data/doc/1745047433_doc_902_0.pdf",""
"8","瓜連町史","","第四章　近世の瓜連地方","第一節　水戸藩の創始と瓜連地方","三、　治水事業","356","https://www.city.naka.lg.jp/data/doc/1745047433_doc_902_0.pdf",""
"8","瓜連町史","","第四章　近世の瓜連地方","第一節　水戸藩の創始と瓜連地方","水戸藩の治水事業と永田父子","356","https://www.city.naka.lg.jp/data/doc/1745047433_doc_902_0.pdf",""
"8","瓜連町史","","第四章　近世の瓜連地方","第一節　水戸藩の創始と瓜連地方","岩崎江堰の創設","358","https://www.city.naka.lg.jp/data/doc/1745047433_doc_902_0.pdf",""
"8","瓜連町史","","第四章　近世の瓜連地方","第一節　水戸藩の創始と瓜連地方","藩政時代の江堰管理","360","https://www.city.naka.lg.jp/data/doc/1745047433_doc_902_0.pdf",""
"8","瓜連町史","","第四章　近世の瓜連地方","第一節　水戸藩の創始と瓜連地方","古徳溜池","364","https://www.city.naka.lg.jp/data/doc/1745047433_doc_902_0.pdf",""
"8","瓜連町史","","第四章　近世の瓜連地方","第一節　水戸藩の創始と瓜連地方","静溜池","368","https://www.city.naka.lg.jp/data/doc/1745047433_doc_902_0.pdf",""
"8","瓜連町史","","第四章　近世の瓜連地方","第一節　水戸藩の創始と瓜連地方","中里溜池","369","https://www.city.naka.lg.jp/data/doc/1745047433_doc_902_0.pdf",""
"8","瓜連町史","","第四章　近世の瓜連地方","第一節　水戸藩の創始と瓜連地方","四、　江戸前期の宗教政策","369","https://www.city.naka.lg.jp/data/doc/1745047433_doc_902_0.pdf",""
"8","瓜連町史","","第四章　近世の瓜連地方","第一節　水戸藩の創始と瓜連地方","切支丹禁制","369","https://www.city.naka.lg.jp/data/doc/1745047433_doc_902_0.pdf",""
"8","瓜連町史","","第四章　近世の瓜連地方","第一節　水戸藩の創始と瓜連地方","光圀の寺社改革","374","https://www.city.naka.lg.jp/data/doc/1745047433_doc_902_0.pdf",""
"8","瓜連町史","","第四章　近世の瓜連地方","第一節　水戸藩の創始と瓜連地方","静神社の神仏分離","380","https://www.city.naka.lg.jp/data/doc/1745047433_doc_902_0.pdf",""
"8","瓜連町史","","第四章　近世の瓜連地方","第一節　水戸藩の創始と瓜連地方","静神宮銅印と三十六歌仙絵図","387","https://www.city.naka.lg.jp/data/doc/1745047433_doc_902_0.pdf",""
"8","瓜連町史","","第四章　近世の瓜連地方","第一節　水戸藩の創始と瓜連地方","常福寺水戸家の菩提所となる","388","https://www.city.naka.lg.jp/data/doc/1745047433_doc_902_0.pdf",""
"8","瓜連町史","","第四章　近世の瓜連地方","第一節　水戸藩の創始と瓜連地方","常福寺へ常紫衣の綸旨下賜","390","https://www.city.naka.lg.jp/data/doc/1745047433_doc_902_0.pdf",""
"8","瓜連町史","","第四章　近世の瓜連地方","第一節　水戸藩の創始と瓜連地方","向山浄鑑院","393","https://www.city.naka.lg.jp/data/doc/1745047433_doc_902_0.pdf",""
"8","瓜連町史","","第四章　近世の瓜連地方","第二節　農村の発展と変容","","401","https://www.city.naka.lg.jp/data/doc/1745047433_doc_902_0.pdf",""
"8","瓜連町史","","第四章　近世の瓜連地方","第二節　農村の発展と変容","一、　村の組織","401","https://www.city.naka.lg.jp/data/doc/1745047433_doc_902_0.pdf",""
"8","瓜連町史","","第四章　近世の瓜連地方","第二節　農村の発展と変容","村のしくみ","401","https://www.city.naka.lg.jp/data/doc/1745047433_doc_902_0.pdf",""
"8","瓜連町史","","第四章　近世の瓜連地方","第二節　農村の発展と変容","庄屋と組頭","402","https://www.city.naka.lg.jp/data/doc/1745047433_doc_902_0.pdf",""
"8","瓜連町史","","第四章　近世の瓜連地方","第二節　農村の発展と変容","十人組","404","https://www.city.naka.lg.jp/data/doc/1745047433_doc_902_0.pdf",""
"8","瓜連町史","","第四章　近世の瓜連地方","第二節　農村の発展と変容","山横目","405","https://www.city.naka.lg.jp/data/doc/1745047433_doc_902_0.pdf",""
"8","瓜連町史","","第四章　近世の瓜連地方","第二節　農村の発展と変容","郡奉行","406","https://www.city.naka.lg.jp/data/doc/1745047433_doc_902_0.pdf",""
"8","瓜連町史","","第四章　近世の瓜連地方","第二節　農村の発展と変容","二、　農民の負担（農民と税制）","407","https://www.city.naka.lg.jp/data/doc/1745047433_doc_902_0.pdf",""
"8","瓜連町史","","第四章　近世の瓜連地方","第二節　農村の発展と変容","水戸藩の税制","407","https://www.city.naka.lg.jp/data/doc/1745047433_doc_902_0.pdf",""
"8","瓜連町史","","第四章　近世の瓜連地方","第二節　農村の発展と変容","年貢割付状","407","https://www.city.naka.lg.jp/data/doc/1745047433_doc_902_0.pdf",""
"8","瓜連町史","","第四章　近世の瓜連地方","第二節　農村の発展と変容","年貢小割付帳","412","https://www.city.naka.lg.jp/data/doc/1745047433_doc_902_0.pdf",""
"8","瓜連町史","","第四章　近世の瓜連地方","第二節　農村の発展と変容","三雑穀制と雑税","413","https://www.city.naka.lg.jp/data/doc/1745047433_doc_902_0.pdf",""
"8","瓜連町史","","第四章　近世の瓜連地方","第二節　農村の発展と変容","年貢皆済目録","414","https://www.city.naka.lg.jp/data/doc/1745047433_doc_902_0.pdf",""
"8","瓜連町史","","第四章　近世の瓜連地方","第二節　農村の発展と変容","静村の皆済目録","415","https://www.city.naka.lg.jp/data/doc/1745047433_doc_902_0.pdf",""
"8","瓜連町史","","第四章　近世の瓜連地方","第二節　農村の発展と変容","三、　近世の村々と農民の生活","417","https://www.city.naka.lg.jp/data/doc/1745047433_doc_902_0.pdf",""
"8","瓜連町史","","第四章　近世の瓜連地方","第二節　農村の発展と変容","瓜連村","417","https://www.city.naka.lg.jp/data/doc/1745047433_doc_902_0.pdf",""
"8","瓜連町史","","第四章　近世の瓜連地方","第二節　農村の発展と変容","下大賀村","420","https://www.city.naka.lg.jp/data/doc/1745047433_doc_902_0.pdf",""
"8","瓜連町史","","第四章　近世の瓜連地方","第二節　農村の発展と変容","静村","420","https://www.city.naka.lg.jp/data/doc/1745047433_doc_902_0.pdf",""
"8","瓜連町史","","第四章　近世の瓜連地方","第二節　農村の発展と変容","古徳村","425","https://www.city.naka.lg.jp/data/doc/1745047433_doc_902_0.pdf",""
"8","瓜連町史","","第四章　近世の瓜連地方","第二節　農村の発展と変容","中里村","426","https://www.city.naka.lg.jp/data/doc/1745047433_doc_902_0.pdf",""
"8","瓜連町史","","第四章　近世の瓜連地方","第二節　農村の発展と変容","鹿島村","426","https://www.city.naka.lg.jp/data/doc/1745047433_doc_902_0.pdf",""
"8","瓜連町史","","第四章　近世の瓜連地方","第二節　農村の発展と変容","農村社会","430","https://www.city.naka.lg.jp/data/doc/1745047433_doc_902_0.pdf",""
"8","瓜連町史","","第四章　近世の瓜連地方","第二節　農村の発展と変容","衣","432","https://www.city.naka.lg.jp/data/doc/1745047433_doc_902_0.pdf",""
"8","瓜連町史","","第四章　近世の瓜連地方","第二節　農村の発展と変容","食","433","https://www.city.naka.lg.jp/data/doc/1745047433_doc_902_0.pdf",""
"8","瓜連町史","","第四章　近世の瓜連地方","第二節　農村の発展と変容","住宅","436","https://www.city.naka.lg.jp/data/doc/1745047433_doc_902_0.pdf",""
"8","瓜連町史","","第四章　近世の瓜連地方","第二節　農村の発展と変容","治安維持","438","https://www.city.naka.lg.jp/data/doc/1745047433_doc_902_0.pdf",""
"8","瓜連町史","","第四章　近世の瓜連地方","第二節　農村の発展と変容","褒賞","443","https://www.city.naka.lg.jp/data/doc/1745047433_doc_902_0.pdf",""
"8","瓜連町史","","第四章　近世の瓜連地方","第二節　農村の発展と変容","献金郷士","447","https://www.city.naka.lg.jp/data/doc/1745047433_doc_902_0.pdf",""
"8","瓜連町史","","第四章　近世の瓜連地方","第二節　農村の発展と変容","四、　鋳銭座一揆","448","https://www.city.naka.lg.jp/data/doc/1745047433_doc_902_0.pdf",""
"8","瓜連町史","","第四章　近世の瓜連地方","第二節　農村の発展と変容","水戸藩に鋳銭座の許可下りる","448","https://www.city.naka.lg.jp/data/doc/1745047433_doc_902_0.pdf",""
"8","瓜連町史","","第四章　近世の瓜連地方","第二節　農村の発展と変容","小沢九郎兵衛の鋳銭計画","449","https://www.city.naka.lg.jp/data/doc/1745047433_doc_902_0.pdf",""
"8","瓜連町史","","第四章　近世の瓜連地方","第二節　農村の発展と変容","太田村木崎に鋳銭座設立","451","https://www.city.naka.lg.jp/data/doc/1745047433_doc_902_0.pdf",""
"8","瓜連町史","","第四章　近世の瓜連地方","第二節　農村の発展と変容","農民の鋳銭反対","456","https://www.city.naka.lg.jp/data/doc/1745047433_doc_902_0.pdf",""
"8","瓜連町史","","第四章　近世の瓜連地方","第二節　農村の発展と変容","農民静神社の神輿を奪取する","458","https://www.city.naka.lg.jp/data/doc/1745047433_doc_902_0.pdf",""
"8","瓜連町史","","第四章　近世の瓜連地方","第二節　農村の発展と変容","神輿鋳銭座に着御","460","https://www.city.naka.lg.jp/data/doc/1745047433_doc_902_0.pdf",""
"8","瓜連町史","","第四章　近世の瓜連地方","第二節　農村の発展と変容","鋳銭座焼失","460","https://www.city.naka.lg.jp/data/doc/1745047433_doc_902_0.pdf",""
"8","瓜連町史","","第四章　近世の瓜連地方","第二節　農村の発展と変容","静神社の社家方逼塞","461","https://www.city.naka.lg.jp/data/doc/1745047433_doc_902_0.pdf",""
"8","瓜連町史","","第四章　近世の瓜連地方","第二節　農村の発展と変容","静・古徳両村役人入獄","461","https://www.city.naka.lg.jp/data/doc/1745047433_doc_902_0.pdf",""
"8","瓜連町史","","第四章　近世の瓜連地方","第二節　農村の発展と変容","鋳銭座の再建及び閉鎖","462","https://www.city.naka.lg.jp/data/doc/1745047433_doc_902_0.pdf",""
"8","瓜連町史","","第四章　近世の瓜連地方","第二節　農村の発展と変容","五、　天明の大飢饉","464","https://www.city.naka.lg.jp/data/doc/1745047433_doc_902_0.pdf",""
"8","瓜連町史","","第四章　近世の瓜連地方","第二節　農村の発展と変容","天明三年浅間山の大噴火と飢饉","465","https://www.city.naka.lg.jp/data/doc/1745047433_doc_902_0.pdf",""
"8","瓜連町史","","第四章　近世の瓜連地方","第二節　農村の発展と変容","天明六、七年ごろ","469","https://www.city.naka.lg.jp/data/doc/1745047433_doc_902_0.pdf",""
"8","瓜連町史","","第四章　近世の瓜連地方","第二節　農村の発展と変容","五穀成就の御祈祷","472","https://www.city.naka.lg.jp/data/doc/1745047433_doc_902_0.pdf",""
"8","瓜連町史","","第四章　近世の瓜連地方","第二節　農村の発展と変容","凶荒に対する政策","473","https://www.city.naka.lg.jp/data/doc/1745047433_doc_902_0.pdf",""
"8","瓜連町史","","第四章　近世の瓜連地方","第二節　農村の発展と変容","六、　交通の発達","474","https://www.city.naka.lg.jp/data/doc/1745047433_doc_902_0.pdf",""
"8","瓜連町史","","第四章　近世の瓜連地方","第二節　農村の発展と変容","水戸藩の幹線街道","474","https://www.city.naka.lg.jp/data/doc/1745047433_doc_902_0.pdf",""
"8","瓜連町史","","第四章　近世の瓜連地方","第二節　農村の発展と変容","南郷街道","476","https://www.city.naka.lg.jp/data/doc/1745047433_doc_902_0.pdf",""
"8","瓜連町史","","第四章　近世の瓜連地方","第二節　農村の発展と変容","瓜連地方の道路","478","https://www.city.naka.lg.jp/data/doc/1745047433_doc_902_0.pdf",""
"8","瓜連町史","","第四章　近世の瓜連地方","第二節　農村の発展と変容","久慈川の舟運","481","https://www.city.naka.lg.jp/data/doc/1745047433_doc_902_0.pdf",""
"8","瓜連町史","","第四章　近世の瓜連地方","第二節　農村の発展と変容","那珂川の舟運","482","https://www.city.naka.lg.jp/data/doc/1745047433_doc_902_0.pdf",""
"8","瓜連町史","","第四章　近世の瓜連地方","第二節　農村の発展と変容","旅日記","484","https://www.city.naka.lg.jp/data/doc/1745047433_doc_902_0.pdf",""
"8","瓜連町史","","第四章　近世の瓜連地方","第二節　農村の発展と変容","七、　村の変容","485","https://www.city.naka.lg.jp/data/doc/1745047433_doc_902_0.pdf",""
"8","瓜連町史","","第四章　近世の瓜連地方","第二節　農村の発展と変容","貨幣経済の流入","485","https://www.city.naka.lg.jp/data/doc/1745047433_doc_902_0.pdf",""
"8","瓜連町史","","第四章　近世の瓜連地方","第二節　農村の発展と変容","貧富調査","488","https://www.city.naka.lg.jp/data/doc/1745047433_doc_902_0.pdf",""
"8","瓜連町史","","第四章　近世の瓜連地方","第二節　農村の発展と変容","人口の減少","489","https://www.city.naka.lg.jp/data/doc/1745047433_doc_902_0.pdf",""
"8","瓜連町史","","第四章　近世の瓜連地方","第二節　農村の発展と変容","農民の負担の増大","492","https://www.city.naka.lg.jp/data/doc/1745047433_doc_902_0.pdf",""
"8","瓜連町史","","第四章　近世の瓜連地方","第二節　農村の発展と変容","土地兼併","493","https://www.city.naka.lg.jp/data/doc/1745047433_doc_902_0.pdf",""
"8","瓜連町史","","第四章　近世の瓜連地方","第二節　農村の発展と変容","農村の荒廃","495","https://www.city.naka.lg.jp/data/doc/1745047433_doc_902_0.pdf",""
"8","瓜連町史","","第四章　近世の瓜連地方","第二節　農村の発展と変容","百姓一揆","498","https://www.city.naka.lg.jp/data/doc/1745047433_doc_902_0.pdf",""
"8","瓜連町史","","第四章　近世の瓜連地方","第三節　天保の改革と瓜連地方","","506","https://www.city.naka.lg.jp/data/doc/1745047433_doc_902_0.pdf",""
"8","瓜連町史","","第四章　近世の瓜連地方","第三節　天保の改革と瓜連地方","一、　天保の飢饉","506","https://www.city.naka.lg.jp/data/doc/1745047433_doc_902_0.pdf",""
"8","瓜連町史","","第四章　近世の瓜連地方","第三節　天保の改革と瓜連地方","天保四年の凶作","506","https://www.city.naka.lg.jp/data/doc/1745047433_doc_902_0.pdf",""
"8","瓜連町史","","第四章　近世の瓜連地方","第三節　天保の改革と瓜連地方","天保七年の飢饉","512","https://www.city.naka.lg.jp/data/doc/1745047433_doc_902_0.pdf",""
"8","瓜連町史","","第四章　近世の瓜連地方","第三節　天保の改革と瓜連地方","天保九年の凶作と飢饉の終息","517","https://www.city.naka.lg.jp/data/doc/1745047433_doc_902_0.pdf",""
"8","瓜連町史","","第四章　近世の瓜連地方","第三節　天保の改革と瓜連地方","二、　天保の改革","520","https://www.city.naka.lg.jp/data/doc/1745047433_doc_902_0.pdf",""
"8","瓜連町史","","第四章　近世の瓜連地方","第三節　天保の改革と瓜連地方","斉昭の藩主就任と藩政改革","520","https://www.city.naka.lg.jp/data/doc/1745047433_doc_902_0.pdf",""
"8","瓜連町史","","第四章　近世の瓜連地方","第三節　天保の改革と瓜連地方","斉昭の巡村と瓜連地方","521","https://www.city.naka.lg.jp/data/doc/1745047433_doc_902_0.pdf",""
"8","瓜連町史","","第四章　近世の瓜連地方","第三節　天保の改革と瓜連地方","斉昭の肖像画","527","https://www.city.naka.lg.jp/data/doc/1745047433_doc_902_0.pdf",""
"8","瓜連町史","","第四章　近世の瓜連地方","第三節　天保の改革と瓜連地方","三、　天保の検地","530","https://www.city.naka.lg.jp/data/doc/1745047433_doc_902_0.pdf",""
"8","瓜連町史","","第四章　近世の瓜連地方","第三節　天保の改革と瓜連地方","検地に至る経過","530","https://www.city.naka.lg.jp/data/doc/1745047433_doc_902_0.pdf",""
"8","瓜連町史","","第四章　近世の瓜連地方","第三節　天保の改革と瓜連地方","検地の実施","531","https://www.city.naka.lg.jp/data/doc/1745047433_doc_902_0.pdf",""
"8","瓜連町史","","第四章　近世の瓜連地方","第三節　天保の改革と瓜連地方","位付・石盛と一間六尺五寸制","533","https://www.city.naka.lg.jp/data/doc/1745047433_doc_902_0.pdf",""
"8","瓜連町史","","第四章　近世の瓜連地方","第三節　天保の改革と瓜連地方","下大賀村の検地帳","534","https://www.city.naka.lg.jp/data/doc/1745047433_doc_902_0.pdf",""
"8","瓜連町史","","第四章　近世の瓜連地方","第三節　天保の改革と瓜連地方","四、　税制の改革","538","https://www.city.naka.lg.jp/data/doc/1745047433_doc_902_0.pdf",""
"8","瓜連町史","","第四章　近世の瓜連地方","第三節　天保の改革と瓜連地方","定免制と取箇の制度化","538","https://www.city.naka.lg.jp/data/doc/1745047433_doc_902_0.pdf",""
"8","瓜連町史","","第四章　近世の瓜連地方","第三節　天保の改革と瓜連地方","畑年貢の引き上げと屋敷引き","541","https://www.city.naka.lg.jp/data/doc/1745047433_doc_902_0.pdf",""
"8","瓜連町史","","第四章　近世の瓜連地方","第三節　天保の改革と瓜連地方","三雑穀の廃止と雑税の整理","541","https://www.city.naka.lg.jp/data/doc/1745047433_doc_902_0.pdf",""
"8","瓜連町史","","第四章　近世の瓜連地方","第三節　天保の改革と瓜連地方","鹿島村の大割付帳","542","https://www.city.naka.lg.jp/data/doc/1745047433_doc_902_0.pdf",""
"8","瓜連町史","","第四章　近世の瓜連地方","第三節　天保の改革と瓜連地方","静村の皆済目録","546","https://www.city.naka.lg.jp/data/doc/1745047433_doc_902_0.pdf",""
"8","瓜連町史","","第四章　近世の瓜連地方","第三節　天保の改革と瓜連地方","五、　天保の寺社改革","548","https://www.city.naka.lg.jp/data/doc/1745047433_doc_902_0.pdf",""
"8","瓜連町史","","第四章　近世の瓜連地方","第三節　天保の改革と瓜連地方","梵鐘・仏具類の没収","548","https://www.city.naka.lg.jp/data/doc/1745047433_doc_902_0.pdf",""
"8","瓜連町史","","第四章　近世の瓜連地方","第三節　天保の改革と瓜連地方","僧侶・寺院の整理","551","https://www.city.naka.lg.jp/data/doc/1745047433_doc_902_0.pdf",""
"8","瓜連町史","","第四章　近世の瓜連地方","第三節　天保の改革と瓜連地方","葬祭等の刷新","551","https://www.city.naka.lg.jp/data/doc/1745047433_doc_902_0.pdf",""
"8","瓜連町史","","第四章　近世の瓜連地方","第三節　天保の改革と瓜連地方","静神社の火災と再建","558","https://www.city.naka.lg.jp/data/doc/1745047433_doc_902_0.pdf",""
"8","瓜連町史","","第四章　近世の瓜連地方","第三節　天保の改革と瓜連地方","神葬祭と氏子制度","559","https://www.city.naka.lg.jp/data/doc/1745047433_doc_902_0.pdf",""
"8","瓜連町史","","第四章　近世の瓜連地方","第三節　天保の改革と瓜連地方","常福寺と斉昭","562","https://www.city.naka.lg.jp/data/doc/1745047433_doc_902_0.pdf",""
"8","瓜連町史","","第四章　近世の瓜連地方","第四節　幕末の争乱と瓜連地方","","572","https://www.city.naka.lg.jp/data/doc/1745047433_doc_902_0.pdf",""
"8","瓜連町史","","第四章　近世の瓜連地方","第四節　幕末の争乱と瓜連地方","一、　幕末の藩状と瓜連地方","572","https://www.city.naka.lg.jp/data/doc/1745047433_doc_902_0.pdf",""
"8","瓜連町史","","第四章　近世の瓜連地方","第四節　幕末の争乱と瓜連地方","幕末の水戸藩","572","https://www.city.naka.lg.jp/data/doc/1745047433_doc_902_0.pdf",""
"8","瓜連町史","","第四章　近世の瓜連地方","第四節　幕末の争乱と瓜連地方","甲辰の国難","573","https://www.city.naka.lg.jp/data/doc/1745047433_doc_902_0.pdf",""
"8","瓜連町史","","第四章　近世の瓜連地方","第四節　幕末の争乱と瓜連地方","アメリカの来航と斉昭幕政関与","575","https://www.city.naka.lg.jp/data/doc/1745047433_doc_902_0.pdf",""
"8","瓜連町史","","第四章　近世の瓜連地方","第四節　幕末の争乱と瓜連地方","安政の改革","577","https://www.city.naka.lg.jp/data/doc/1745047433_doc_902_0.pdf",""
"8","瓜連町史","","第四章　近世の瓜連地方","第四節　幕末の争乱と瓜連地方","無勅許調印","579","https://www.city.naka.lg.jp/data/doc/1745047433_doc_902_0.pdf",""
"8","瓜連町史","","第四章　近世の瓜連地方","第四節　幕末の争乱と瓜連地方","二、　安政の大獄","583","https://www.city.naka.lg.jp/data/doc/1745047433_doc_902_0.pdf",""
"8","瓜連町史","","第四章　近世の瓜連地方","第四節　幕末の争乱と瓜連地方","雪冤運動","583","https://www.city.naka.lg.jp/data/doc/1745047433_doc_902_0.pdf",""
"8","瓜連町史","","第四章　近世の瓜連地方","第四節　幕末の争乱と瓜連地方","勅諚返納問題","589","https://www.city.naka.lg.jp/data/doc/1745047433_doc_902_0.pdf",""
"8","瓜連町史","","第四章　近世の瓜連地方","第四節　幕末の争乱と瓜連地方","三、　桜田事変","591","https://www.city.naka.lg.jp/data/doc/1745047433_doc_902_0.pdf",""
"8","瓜連町史","","第四章　近世の瓜連地方","第四節　幕末の争乱と瓜連地方","大老襲撃","591","https://www.city.naka.lg.jp/data/doc/1745047433_doc_902_0.pdf",""
"8","瓜連町史","","第四章　近世の瓜連地方","第四節　幕末の争乱と瓜連地方","斉昭の薨去","594","https://www.city.naka.lg.jp/data/doc/1745047433_doc_902_0.pdf",""
"8","瓜連町史","","第四章　近世の瓜連地方","第四節　幕末の争乱と瓜連地方","東禅寺事変","595","https://www.city.naka.lg.jp/data/doc/1745047433_doc_902_0.pdf",""
"8","瓜連町史","","第四章　近世の瓜連地方","第四節　幕末の争乱と瓜連地方","坂下門外の変","595","https://www.city.naka.lg.jp/data/doc/1745047433_doc_902_0.pdf",""
"8","瓜連町史","","第四章　近世の瓜連地方","第四節　幕末の争乱と瓜連地方","文久の改革","596","https://www.city.naka.lg.jp/data/doc/1745047433_doc_902_0.pdf",""
"8","瓜連町史","","第四章　近世の瓜連地方","第四節　幕末の争乱と瓜連地方","攘夷決行","598","https://www.city.naka.lg.jp/data/doc/1745047433_doc_902_0.pdf",""
"8","瓜連町史","","第四章　近世の瓜連地方","第四節　幕末の争乱と瓜連地方","八月十八日の政変","598","https://www.city.naka.lg.jp/data/doc/1745047433_doc_902_0.pdf",""
"8","瓜連町史","","第四章　近世の瓜連地方","第四節　幕末の争乱と瓜連地方","筑波山の挙兵","599","https://www.city.naka.lg.jp/data/doc/1745047433_doc_902_0.pdf",""
"8","瓜連町史","","第四章　近世の瓜連地方","第四節　幕末の争乱と瓜連地方","天狗長征","602","https://www.city.naka.lg.jp/data/doc/1745047433_doc_902_0.pdf",""
"8","瓜連町史","","第四章　近世の瓜連地方","第四節　幕末の争乱と瓜連地方","水戸城の攻防","604","https://www.city.naka.lg.jp/data/doc/1745047433_doc_902_0.pdf",""
"8","瓜連町史","","第四章　近世の瓜連地方","第四節　幕末の争乱と瓜連地方","大政奉還","605","https://www.city.naka.lg.jp/data/doc/1745047433_doc_902_0.pdf",""
"8","瓜連町史","","第五章　近代","","","609","https://www.city.naka.lg.jp/data/doc/1745047433_doc_902_0.pdf",""
"8","瓜連町史","","第五章　近代","第一節　明治維新と瓜連地方","","609","https://www.city.naka.lg.jp/data/doc/1745047433_doc_902_0.pdf",""
"8","瓜連町史","","第五章　近代","第一節　明治維新と瓜連地方","一、　廃藩置県と瓜連地方","609","https://www.city.naka.lg.jp/data/doc/1745047433_doc_902_0.pdf",""
"8","瓜連町史","","第五章　近代","第一節　明治維新と瓜連地方","明治維新","609","https://www.city.naka.lg.jp/data/doc/1745047433_doc_902_0.pdf",""
"8","瓜連町史","","第五章　近代","第一節　明治維新と瓜連地方","廃藩置県と茨城県","610","https://www.city.naka.lg.jp/data/doc/1745047433_doc_902_0.pdf",""
"8","瓜連町史","","第五章　近代","第一節　明治維新と瓜連地方","二、　大・小区制と三長制","611","https://www.city.naka.lg.jp/data/doc/1745047433_doc_902_0.pdf",""
"8","瓜連町史","","第五章　近代","第一節　明治維新と瓜連地方","大・小区制の実施まで","611","https://www.city.naka.lg.jp/data/doc/1745047433_doc_902_0.pdf",""
"8","瓜連町史","","第五章　近代","第一節　明治維新と瓜連地方","大・小区制の実施","613","https://www.city.naka.lg.jp/data/doc/1745047433_doc_902_0.pdf",""
"8","瓜連町史","","第五章　近代","第一節　明治維新と瓜連地方","明治六年の大・小区制","615","https://www.city.naka.lg.jp/data/doc/1745047433_doc_902_0.pdf",""
"8","瓜連町史","","第五章　近代","第一節　明治維新と瓜連地方","三長の役割","619","https://www.city.naka.lg.jp/data/doc/1745047433_doc_902_0.pdf",""
"8","瓜連町史","","第五章　近代","第一節　明治維新と瓜連地方","御用留について","619","https://www.city.naka.lg.jp/data/doc/1745047433_doc_902_0.pdf",""
"8","瓜連町史","","第五章　近代","第一節　明治維新と瓜連地方","明治八年の改正大・小区制","621","https://www.city.naka.lg.jp/data/doc/1745047433_doc_902_0.pdf",""
"8","瓜連町史","","第五章　近代","第一節　明治維新と瓜連地方","地方三新法まで","623","https://www.city.naka.lg.jp/data/doc/1745047433_doc_902_0.pdf",""
"8","瓜連町史","","第五章　近代","第一節　明治維新と瓜連地方","三、　地租改正と瓜連地方","624","https://www.city.naka.lg.jp/data/doc/1745047433_doc_902_0.pdf",""
"8","瓜連町史","","第五章　近代","第一節　明治維新と瓜連地方","壬申地券の交付","624","https://www.city.naka.lg.jp/data/doc/1745047433_doc_902_0.pdf",""
"8","瓜連町史","","第五章　近代","第一節　明治維新と瓜連地方","地租改正条例","625","https://www.city.naka.lg.jp/data/doc/1745047433_doc_902_0.pdf",""
"8","瓜連町史","","第五章　近代","第一節　明治維新と瓜連地方","地主総代の設置","630","https://www.city.naka.lg.jp/data/doc/1745047433_doc_902_0.pdf",""
"8","瓜連町史","","第五章　近代","第一節　明治維新と瓜連地方","地租改正のもたらしたもの","632","https://www.city.naka.lg.jp/data/doc/1745047433_doc_902_0.pdf",""
"8","瓜連町史","","第五章　近代","第一節　明治維新と瓜連地方","地租改正反対一揆","634","https://www.city.naka.lg.jp/data/doc/1745047433_doc_902_0.pdf",""
"8","瓜連町史","","第五章　近代","第一節　明治維新と瓜連地方","一揆の背景","634","https://www.city.naka.lg.jp/data/doc/1745047433_doc_902_0.pdf",""
"8","瓜連町史","","第五章　近代","第一節　明治維新と瓜連地方","一揆の経過と瓜連","634","https://www.city.naka.lg.jp/data/doc/1745047433_doc_902_0.pdf",""
"8","瓜連町史","","第五章　近代","第一節　明治維新と瓜連地方","四、　三新法の制定と地方自治","641","https://www.city.naka.lg.jp/data/doc/1745047433_doc_902_0.pdf",""
"8","瓜連町史","","第五章　近代","第一節　明治維新と瓜連地方","三新法の内容","642","https://www.city.naka.lg.jp/data/doc/1745047433_doc_902_0.pdf",""
"8","瓜連町史","","第五章　近代","第一節　明治維新と瓜連地方","郡長と戸長","643","https://www.city.naka.lg.jp/data/doc/1745047433_doc_902_0.pdf",""
"8","瓜連町史","","第五章　近代","第一節　明治維新と瓜連地方","公共施設の整備","647","https://www.city.naka.lg.jp/data/doc/1745047433_doc_902_0.pdf",""
"8","瓜連町史","","第五章　近代","第一節　明治維新と瓜連地方","百年前の瓜連と地誌材料稿","648","https://www.city.naka.lg.jp/data/doc/1745047433_doc_902_0.pdf",""
"8","瓜連町史","","第五章　近代","第一節　明治維新と瓜連地方","地誌材料稿について","649","https://www.city.naka.lg.jp/data/doc/1745047433_doc_902_0.pdf",""
"8","瓜連町史","","第五章　近代","第一節　明治維新と瓜連地方","五、　小学校の創設と教育の伸展","652","https://www.city.naka.lg.jp/data/doc/1745047433_doc_902_0.pdf",""
"8","瓜連町史","","第五章　近代","第一節　明治維新と瓜連地方","寺小屋教育","652","https://www.city.naka.lg.jp/data/doc/1745047433_doc_902_0.pdf",""
"8","瓜連町史","","第五章　近代","第一節　明治維新と瓜連地方","学制公布","660","https://www.city.naka.lg.jp/data/doc/1745047433_doc_902_0.pdf",""
"8","瓜連町史","","第五章　近代","第一節　明治維新と瓜連地方","瓜連地方の学区と小学校の開設","661","https://www.city.naka.lg.jp/data/doc/1745047433_doc_902_0.pdf",""
"8","瓜連町史","","第五章　近代","第一節　明治維新と瓜連地方","小学校の組織と教科","665","https://www.city.naka.lg.jp/data/doc/1745047433_doc_902_0.pdf",""
"8","瓜連町史","","第五章　近代","第一節　明治維新と瓜連地方","小学校の管理運営","666","https://www.city.naka.lg.jp/data/doc/1745047433_doc_902_0.pdf",""
"8","瓜連町史","","第五章　近代","第一節　明治維新と瓜連地方","小学校令の制定","670","https://www.city.naka.lg.jp/data/doc/1745047433_doc_902_0.pdf",""
"8","瓜連町史","","第五章　近代","第一節　明治維新と瓜連地方","小学校令の改革","671","https://www.city.naka.lg.jp/data/doc/1745047433_doc_902_0.pdf",""
"8","瓜連町史","","第五章　近代","第二節　町村制の施行と瓜連地方","","677","https://www.city.naka.lg.jp/data/doc/1745047433_doc_902_0.pdf",""
"8","瓜連町史","","第五章　近代","第二節　町村制の施行と瓜連地方","一、　町村の合併","677","https://www.city.naka.lg.jp/data/doc/1745047433_doc_902_0.pdf",""
"8","瓜連町史","","第五章　近代","第二節　町村制の施行と瓜連地方","町村合併の経過と変遷","677","https://www.city.naka.lg.jp/data/doc/1745047433_doc_902_0.pdf",""
"8","瓜連町史","","第五章　近代","第二節　町村制の施行と瓜連地方","二、　町村議会と郡制","683","https://www.city.naka.lg.jp/data/doc/1745047433_doc_902_0.pdf",""
"8","瓜連町史","","第五章　近代","第二節　町村制の施行と瓜連地方","町村会議員と村財政","683","https://www.city.naka.lg.jp/data/doc/1745047433_doc_902_0.pdf",""
"8","瓜連町史","","第五章　近代","第二節　町村制の施行と瓜連地方","郡制と郡会議員の選出","695","https://www.city.naka.lg.jp/data/doc/1745047433_doc_902_0.pdf",""
"8","瓜連町史","","第五章　近代","第二節　町村制の施行と瓜連地方","郡是町村是について","700","https://www.city.naka.lg.jp/data/doc/1745047433_doc_902_0.pdf",""
"8","瓜連町史","","第五章　近代","第二節　町村制の施行と瓜連地方","那珂郡役所新築問題と経過","702","https://www.city.naka.lg.jp/data/doc/1745047433_doc_902_0.pdf",""
"8","瓜連町史","","第五章　近代","第三節　大正・昭和初期の瓜連地方","","711","https://www.city.naka.lg.jp/data/doc/1745047433_doc_902_0.pdf",""
"8","瓜連町史","","第五章　近代","第三節　大正・昭和初期の瓜連地方","一、　大正デモクラシーの道","711","https://www.city.naka.lg.jp/data/doc/1745047433_doc_902_0.pdf",""
"8","瓜連町史","","第五章　近代","第三節　大正・昭和初期の瓜連地方","大正二年の選挙","711","https://www.city.naka.lg.jp/data/doc/1745047433_doc_902_0.pdf",""
"8","瓜連町史","","第五章　近代","第三節　大正・昭和初期の瓜連地方","大正時代の災害","714","https://www.city.naka.lg.jp/data/doc/1745047433_doc_902_0.pdf",""
"8","瓜連町史","","第五章　近代","第三節　大正・昭和初期の瓜連地方","町制の施行","720","https://www.city.naka.lg.jp/data/doc/1745047433_doc_902_0.pdf",""
"8","瓜連町史","","第五章　近代","第三節　大正・昭和初期の瓜連地方","二、　大正・昭和初期の農業生産","729","https://www.city.naka.lg.jp/data/doc/1745047433_doc_902_0.pdf",""
"8","瓜連町史","","第五章　近代","第三節　大正・昭和初期の瓜連地方","土地所有構造","729","https://www.city.naka.lg.jp/data/doc/1745047433_doc_902_0.pdf",""
"8","瓜連町史","","第五章　近代","第三節　大正・昭和初期の瓜連地方","農業生産","733","https://www.city.naka.lg.jp/data/doc/1745047433_doc_902_0.pdf",""
"8","瓜連町史","","第五章　近代","第三節　大正・昭和初期の瓜連地方","特用農産物と農家副業","734","https://www.city.naka.lg.jp/data/doc/1745047433_doc_902_0.pdf",""
"8","瓜連町史","","第五章　近代","第三節　大正・昭和初期の瓜連地方","地方改良事業と農民の組織化","740","https://www.city.naka.lg.jp/data/doc/1745047433_doc_902_0.pdf",""
"8","瓜連町史","","第五章　近代","第三節　大正・昭和初期の瓜連地方","農会廃止運動と経済更生運動","744","https://www.city.naka.lg.jp/data/doc/1745047433_doc_902_0.pdf",""
"8","瓜連町史","","第五章　近代","第三節　大正・昭和初期の瓜連地方","産業組合","752","https://www.city.naka.lg.jp/data/doc/1745047433_doc_902_0.pdf",""
"8","瓜連町史","","第五章　近代","第三節　大正・昭和初期の瓜連地方","静村国保組合と診療所の誕生","759","https://www.city.naka.lg.jp/data/doc/1745047433_doc_902_0.pdf",""
"8","瓜連町史","","第五章　近代","第三節　大正・昭和初期の瓜連地方","岩崎江堰の変遷","760","https://www.city.naka.lg.jp/data/doc/1745047433_doc_902_0.pdf",""
"8","瓜連町史","","第五章　近代","第三節　大正・昭和初期の瓜連地方","久慈川の水害","764","https://www.city.naka.lg.jp/data/doc/1745047433_doc_902_0.pdf",""
"8","瓜連町史","","第五章　近代","第三節　大正・昭和初期の瓜連地方","三、　鉄道の開通と商工業・金融の発達","765","https://www.city.naka.lg.jp/data/doc/1745047433_doc_902_0.pdf",""
"8","瓜連町史","","第五章　近代","第三節　大正・昭和初期の瓜連地方","鉄道の開通","765","https://www.city.naka.lg.jp/data/doc/1745047433_doc_902_0.pdf",""
"8","瓜連町史","","第五章　近代","第三節　大正・昭和初期の瓜連地方","交通の発達","769","https://www.city.naka.lg.jp/data/doc/1745047433_doc_902_0.pdf",""
"8","瓜連町史","","第五章　近代","第三節　大正・昭和初期の瓜連地方","諸産業の動き","770","https://www.city.naka.lg.jp/data/doc/1745047433_doc_902_0.pdf",""
"8","瓜連町史","","第五章　近代","第三節　大正・昭和初期の瓜連地方","金融業の発達","771","https://www.city.naka.lg.jp/data/doc/1745047433_doc_902_0.pdf",""
"8","瓜連町史","","第五章　近代","第三節　大正・昭和初期の瓜連地方","四、　大正・昭和初期の教育","773","https://www.city.naka.lg.jp/data/doc/1745047433_doc_902_0.pdf",""
"8","瓜連町史","","第五章　近代","第三節　大正・昭和初期の瓜連地方","小学校教育の実際","773","https://www.city.naka.lg.jp/data/doc/1745047433_doc_902_0.pdf",""
"8","瓜連町史","","第五章　近代","第三節　大正・昭和初期の瓜連地方","新教育思想の流入","774","https://www.city.naka.lg.jp/data/doc/1745047433_doc_902_0.pdf",""
"8","瓜連町史","","第五章　近代","第三節　大正・昭和初期の瓜連地方","青年の教育","775","https://www.city.naka.lg.jp/data/doc/1745047433_doc_902_0.pdf",""
"8","瓜連町史","","第五章　近代","第四節　満州事変から太平洋戦争へ","","781","https://www.city.naka.lg.jp/data/doc/1745047433_doc_902_0.pdf",""
"8","瓜連町史","","第五章　近代","第四節　満州事変から太平洋戦争へ","一、　昭和恐慌のなかで","781","https://www.city.naka.lg.jp/data/doc/1745047433_doc_902_0.pdf",""
"8","瓜連町史","","第五章　近代","第四節　満州事変から太平洋戦争へ","昭和恐慌","781","https://www.city.naka.lg.jp/data/doc/1745047433_doc_902_0.pdf",""
"8","瓜連町史","","第五章　近代","第四節　満州事変から太平洋戦争へ","塙坂改修工事","782","https://www.city.naka.lg.jp/data/doc/1745047433_doc_902_0.pdf",""
"8","瓜連町史","","第五章　近代","第四節　満州事変から太平洋戦争へ","税の滞納","784","https://www.city.naka.lg.jp/data/doc/1745047433_doc_902_0.pdf",""
"8","瓜連町史","","第五章　近代","第四節　満州事変から太平洋戦争へ","怪文書","785","https://www.city.naka.lg.jp/data/doc/1745047433_doc_902_0.pdf",""
"8","瓜連町史","","第五章　近代","第四節　満州事変から太平洋戦争へ","愛郷会瓜連支部","786","https://www.city.naka.lg.jp/data/doc/1745047433_doc_902_0.pdf",""
"8","瓜連町史","","第五章　近代","第四節　満州事変から太平洋戦争へ","時局救済事業","789","https://www.city.naka.lg.jp/data/doc/1745047433_doc_902_0.pdf",""
"8","瓜連町史","","第五章　近代","第四節　満州事変から太平洋戦争へ","救済事業の構造","791","https://www.city.naka.lg.jp/data/doc/1745047433_doc_902_0.pdf",""
"8","瓜連町史","","第五章　近代","第四節　満州事変から太平洋戦争へ","二、　戦時体制","792","https://www.city.naka.lg.jp/data/doc/1745047433_doc_902_0.pdf",""
"8","瓜連町史","","第五章　近代","第四節　満州事変から太平洋戦争へ","国家総動員体制","792","https://www.city.naka.lg.jp/data/doc/1745047433_doc_902_0.pdf",""
"8","瓜連町史","","第五章　近代","第四節　満州事変から太平洋戦争へ","町内会","793","https://www.city.naka.lg.jp/data/doc/1745047433_doc_902_0.pdf",""
"8","瓜連町史","","第五章　近代","第四節　満州事変から太平洋戦争へ","食糧増産","795","https://www.city.naka.lg.jp/data/doc/1745047433_doc_902_0.pdf",""
"8","瓜連町史","","第五章　近代","第四節　満州事変から太平洋戦争へ","共同炊事","797","https://www.city.naka.lg.jp/data/doc/1745047433_doc_902_0.pdf",""
"8","瓜連町史","","第五章　近代","第四節　満州事変から太平洋戦争へ","供出","798","https://www.city.naka.lg.jp/data/doc/1745047433_doc_902_0.pdf",""
"8","瓜連町史","","第五章　近代","第四節　満州事変から太平洋戦争へ","出征と様々な供出","799","https://www.city.naka.lg.jp/data/doc/1745047433_doc_902_0.pdf",""
"8","瓜連町史","","第五章　近代","第四節　満州事変から太平洋戦争へ","戦没者と町葬","801","https://www.city.naka.lg.jp/data/doc/1745047433_doc_902_0.pdf",""
"8","瓜連町史","","第五章　近代","第四節　満州事変から太平洋戦争へ","三、戦時下の教育","802","https://www.city.naka.lg.jp/data/doc/1745047433_doc_902_0.pdf",""
"8","瓜連町史","","第五章　近代","第四節　満州事変から太平洋戦争へ","国民学校の発足","802","https://www.city.naka.lg.jp/data/doc/1745047433_doc_902_0.pdf",""
"8","瓜連町史","","第五章　近代","第四節　満州事変から太平洋戦争へ","総動員の中の教育","804","https://www.city.naka.lg.jp/data/doc/1745047433_doc_902_0.pdf",""
"8","瓜連町史","","第六章　現代","","","809","https://www.city.naka.lg.jp/data/doc/1745047433_doc_902_0.pdf",""
"8","瓜連町史","","第六章　現代","第一節　戦後の瓜連町","","809","https://www.city.naka.lg.jp/data/doc/1745047433_doc_902_0.pdf",""
"8","瓜連町史","","第六章　現代","第一節　戦後の瓜連町","一、　戦後の混乱と町村行財政","809","https://www.city.naka.lg.jp/data/doc/1745047433_doc_902_0.pdf",""
"8","瓜連町史","","第六章　現代","第一節　戦後の瓜連町","戦後の混乱と米軍進駐","809","https://www.city.naka.lg.jp/data/doc/1745047433_doc_902_0.pdf",""
"8","瓜連町史","","第六章　現代","第一節　戦後の瓜連町","町村長の公選と財政","813","https://www.city.naka.lg.jp/data/doc/1745047433_doc_902_0.pdf",""
"8","瓜連町史","","第六章　現代","第一節　戦後の瓜連町","二、　農地改革の進行と農民運動","818","https://www.city.naka.lg.jp/data/doc/1745047433_doc_902_0.pdf",""
"8","瓜連町史","","第六章　現代","第一節　戦後の瓜連町","農地改革の実施過程の意図と状況","818","https://www.city.naka.lg.jp/data/doc/1745047433_doc_902_0.pdf",""
"8","瓜連町史","","第六章　現代","第一節　戦後の瓜連町","地主の抵抗と農民運動","821","https://www.city.naka.lg.jp/data/doc/1745047433_doc_902_0.pdf",""
"8","瓜連町史","","第六章　現代","第一節　戦後の瓜連町","農地委員会の成立","830","https://www.city.naka.lg.jp/data/doc/1745047433_doc_902_0.pdf",""
"8","瓜連町史","","第六章　現代","第一節　戦後の瓜連町","改革の実績","832","https://www.city.naka.lg.jp/data/doc/1745047433_doc_902_0.pdf",""
"8","瓜連町史","","第六章　現代","第一節　戦後の瓜連町","改革の終結と動静","838","https://www.city.naka.lg.jp/data/doc/1745047433_doc_902_0.pdf",""
"8","瓜連町史","","第六章　現代","第一節　戦後の瓜連町","三、　未墾地解放と農業協同組合の設立","842","https://www.city.naka.lg.jp/data/doc/1745047433_doc_902_0.pdf",""
"8","瓜連町史","","第六章　現代","第一節　戦後の瓜連町","未墾地解放","842","https://www.city.naka.lg.jp/data/doc/1745047433_doc_902_0.pdf",""
"8","瓜連町史","","第六章　現代","第一節　戦後の瓜連町","古徳・中里開拓組合","845","https://www.city.naka.lg.jp/data/doc/1745047433_doc_902_0.pdf",""
"8","瓜連町史","","第六章　現代","第一節　戦後の瓜連町","那珂中部揚水と岩崎江堰土地改良区","851","https://www.city.naka.lg.jp/data/doc/1745047433_doc_902_0.pdf",""
"8","瓜連町史","","第六章　現代","第一節　戦後の瓜連町","農業協同組合の設立","857","https://www.city.naka.lg.jp/data/doc/1745047433_doc_902_0.pdf",""
"8","瓜連町史","","第六章　現代","第一節　戦後の瓜連町","四、　田園文化連盟","862","https://www.city.naka.lg.jp/data/doc/1745047433_doc_902_0.pdf",""
"8","瓜連町史","","第六章　現代","第一節　戦後の瓜連町","田園文化連盟の成立","862","https://www.city.naka.lg.jp/data/doc/1745047433_doc_902_0.pdf",""
"8","瓜連町史","","第六章　現代","第一節　戦後の瓜連町","演劇部会","865","https://www.city.naka.lg.jp/data/doc/1745047433_doc_902_0.pdf",""
"8","瓜連町史","","第六章　現代","第一節　戦後の瓜連町","俳句部会","870","https://www.city.naka.lg.jp/data/doc/1745047433_doc_902_0.pdf",""
"8","瓜連町史","","第六章　現代","第二節　町村合併と新瓜連町の誕生","","874","https://www.city.naka.lg.jp/data/doc/1745047433_doc_902_0.pdf",""
"8","瓜連町史","","第六章　現代","第二節　町村合併と新瓜連町の誕生","一、　合併と各町村の動向","874","https://www.city.naka.lg.jp/data/doc/1745047433_doc_902_0.pdf",""
"8","瓜連町史","","第六章　現代","第二節　町村合併と新瓜連町の誕生","町村合併の推移","874","https://www.city.naka.lg.jp/data/doc/1745047433_doc_902_0.pdf",""
"8","瓜連町史","","第六章　現代","第二節　町村合併と新瓜連町の誕生","各町村の動向","880","https://www.city.naka.lg.jp/data/doc/1745047433_doc_902_0.pdf",""
"8","瓜連町史","","第六章　現代","第二節　町村合併と新瓜連町の誕生","二、　新瓜連町の発足と新町政の展開","883","https://www.city.naka.lg.jp/data/doc/1745047433_doc_902_0.pdf",""
"8","瓜連町史","","第六章　現代","第二節　町村合併と新瓜連町の誕生","新瓜連町の誕生","883","https://www.city.naka.lg.jp/data/doc/1745047433_doc_902_0.pdf",""
"8","瓜連町史","","第六章　現代","第二節　町村合併と新瓜連町の誕生","新町政の展開","886","https://www.city.naka.lg.jp/data/doc/1745047433_doc_902_0.pdf",""
"8","瓜連町史","","第六章　現代","第二節　町村合併と新瓜連町の誕生","公報・桜城の発行と町章の制定","891","https://www.city.naka.lg.jp/data/doc/1745047433_doc_902_0.pdf",""
"8","瓜連町史","","第六章　現代","第二節　町村合併と新瓜連町の誕生","三、　高度成長期の経済構造の変化","895","https://www.city.naka.lg.jp/data/doc/1745047433_doc_902_0.pdf",""
"8","瓜連町史","","第六章　現代","第二節　町村合併と新瓜連町の誕生","就業構造の変化と町内の諸産業","895","https://www.city.naka.lg.jp/data/doc/1745047433_doc_902_0.pdf",""
"8","瓜連町史","","第六章　現代","第二節　町村合併と新瓜連町の誕生","工業・商業の動き","897","https://www.city.naka.lg.jp/data/doc/1745047433_doc_902_0.pdf",""
"8","瓜連町史","","第六章　現代","第二節　町村合併と新瓜連町の誕生","商工会","898","https://www.city.naka.lg.jp/data/doc/1745047433_doc_902_0.pdf",""
"8","瓜連町史","","第六章　現代","第二節　町村合併と新瓜連町の誕生","農業生産構造の変化","900","https://www.city.naka.lg.jp/data/doc/1745047433_doc_902_0.pdf",""
"8","瓜連町史","","第六章　現代","第二節　町村合併と新瓜連町の誕生","農業生産の動き","902","https://www.city.naka.lg.jp/data/doc/1745047433_doc_902_0.pdf",""
"8","瓜連町史","","第六章　現代","第二節　町村合併と新瓜連町の誕生","減反政策の進行","906","https://www.city.naka.lg.jp/data/doc/1745047433_doc_902_0.pdf",""
"8","瓜連町史","","第六章　現代","第二節　町村合併と新瓜連町の誕生","田園都市の建設","907","https://www.city.naka.lg.jp/data/doc/1745047433_doc_902_0.pdf",""
"8","瓜連町史","","第六章　現代","第二節　町村合併と新瓜連町の誕生","農協の合併","909","https://www.city.naka.lg.jp/data/doc/1745047433_doc_902_0.pdf",""
"8","瓜連町史","","第六章　現代","第二節　町村合併と新瓜連町の誕生","町の産業振興計画","912","https://www.city.naka.lg.jp/data/doc/1745047433_doc_902_0.pdf",""
"8","瓜連町史","","第六章　現代","第二節　町村合併と新瓜連町の誕生","四、　瓜連町の観光","913","https://www.city.naka.lg.jp/data/doc/1745047433_doc_902_0.pdf",""
"8","瓜連町史","","第六章　現代","第二節　町村合併と新瓜連町の誕生","静峰公園の誕生","913","https://www.city.naka.lg.jp/data/doc/1745047433_doc_902_0.pdf",""
"8","瓜連町史","","第六章　現代","第二節　町村合併と新瓜連町の誕生","古徳沼の白鳥","915","https://www.city.naka.lg.jp/data/doc/1745047433_doc_902_0.pdf",""
"8","瓜連町史","","第六章　現代","第三節　教育と福祉","","918","https://www.city.naka.lg.jp/data/doc/1745047433_doc_902_0.pdf",""
"8","瓜連町史","","第六章　現代","第三節　教育と福祉","一、　戦後の教育変遷","918","https://www.city.naka.lg.jp/data/doc/1745047433_doc_902_0.pdf",""
"8","瓜連町史","","第六章　現代","第三節　教育と福祉","学校教育の改変","918","https://www.city.naka.lg.jp/data/doc/1745047433_doc_902_0.pdf",""
"8","瓜連町史","","第六章　現代","第三節　教育と福祉","教育基本法の成立","919","https://www.city.naka.lg.jp/data/doc/1745047433_doc_902_0.pdf",""
"8","瓜連町史","","第六章　現代","第三節　教育と福祉","教員組合の発足","922","https://www.city.naka.lg.jp/data/doc/1745047433_doc_902_0.pdf",""
"8","瓜連町史","","第六章　現代","第三節　教育と福祉","教育委員会の設置","923","https://www.city.naka.lg.jp/data/doc/1745047433_doc_902_0.pdf",""
"8","瓜連町史","","第六章　現代","第三節　教育と福祉","PTAの結成","925","https://www.city.naka.lg.jp/data/doc/1745047433_doc_902_0.pdf",""
"8","瓜連町史","","第六章　現代","第三節　教育と福祉","学校給食","925","https://www.city.naka.lg.jp/data/doc/1745047433_doc_902_0.pdf",""
"8","瓜連町史","","第六章　現代","第三節　教育と福祉","戦後の社会教育","926","https://www.city.naka.lg.jp/data/doc/1745047433_doc_902_0.pdf",""
"8","瓜連町史","","第六章　現代","第三節　教育と福祉","社会教育の設備","927","https://www.city.naka.lg.jp/data/doc/1745047433_doc_902_0.pdf",""
"8","瓜連町史","","第六章　現代","第三節　教育と福祉","二、　小中学校・幼稚園","927","https://www.city.naka.lg.jp/data/doc/1745047433_doc_902_0.pdf",""
"8","瓜連町史","","第六章　現代","第三節　教育と福祉","（1）　静小学校","927","https://www.city.naka.lg.jp/data/doc/1745047433_doc_902_0.pdf",""
"8","瓜連町史","","第六章　現代","第三節　教育と福祉","（2）　瓜連小学校","928","https://www.city.naka.lg.jp/data/doc/1745047433_doc_902_0.pdf",""
"8","瓜連町史","","第六章　現代","第三節　教育と福祉","（3）　瓜連中学校","928","https://www.city.naka.lg.jp/data/doc/1745047433_doc_902_0.pdf",""
"8","瓜連町史","","第六章　現代","第三節　教育と福祉","（4）　茨城済生幼稚園","929","https://www.city.naka.lg.jp/data/doc/1745047433_doc_902_0.pdf",""
"8","瓜連町史","","第六章　現代","第三節　教育と福祉","（5）　ナザレ幼稚園","929","https://www.city.naka.lg.jp/data/doc/1745047433_doc_902_0.pdf",""
"8","瓜連町史","","第六章　現代","第三節　教育と福祉","三、　文化財の保護保存","930","https://www.city.naka.lg.jp/data/doc/1745047433_doc_902_0.pdf",""
"8","瓜連町史","","第六章　現代","第三節　教育と福祉","四、　福祉社会の発達","930","https://www.city.naka.lg.jp/data/doc/1745047433_doc_902_0.pdf",""
"8","瓜連町史","","第六章　現代","第三節　教育と福祉","福祉社会","930","https://www.city.naka.lg.jp/data/doc/1745047433_doc_902_0.pdf",""
"8","瓜連町史","","第六章　現代","第三節　教育と福祉","福祉行政と民生委員制度","931","https://www.city.naka.lg.jp/data/doc/1745047433_doc_902_0.pdf",""
"8","瓜連町史","","第六章　現代","第三節　教育と福祉","瓜連町社会福祉協議会","932","https://www.city.naka.lg.jp/data/doc/1745047433_doc_902_0.pdf",""
"8","瓜連町史","","第七章　民俗","","","939","https://www.city.naka.lg.jp/data/doc/1745047433_doc_902_0.pdf",""
"8","瓜連町史","","第七章　民俗","","概説","939","https://www.city.naka.lg.jp/data/doc/1745047433_doc_902_0.pdf",""
"8","瓜連町史","","第七章　民俗","第一節　瓜連町の年中行事と信仰","","940","https://www.city.naka.lg.jp/data/doc/1745047433_doc_902_0.pdf",""
"8","瓜連町史","","第七章　民俗","第一節　瓜連町の年中行事と信仰","一月","940","https://www.city.naka.lg.jp/data/doc/1745047433_doc_902_0.pdf",""
"8","瓜連町史","","第七章　民俗","第一節　瓜連町の年中行事と信仰","二月","944","https://www.city.naka.lg.jp/data/doc/1745047433_doc_902_0.pdf",""
"8","瓜連町史","","第七章　民俗","第一節　瓜連町の年中行事と信仰","三月","945","https://www.city.naka.lg.jp/data/doc/1745047433_doc_902_0.pdf",""
"8","瓜連町史","","第七章　民俗","第一節　瓜連町の年中行事と信仰","四月","946","https://www.city.naka.lg.jp/data/doc/1745047433_doc_902_0.pdf",""
"8","瓜連町史","","第七章　民俗","第一節　瓜連町の年中行事と信仰","五月","947","https://www.city.naka.lg.jp/data/doc/1745047433_doc_902_0.pdf",""
"8","瓜連町史","","第七章　民俗","第一節　瓜連町の年中行事と信仰","六月","947","https://www.city.naka.lg.jp/data/doc/1745047433_doc_902_0.pdf",""
"8","瓜連町史","","第七章　民俗","第一節　瓜連町の年中行事と信仰","七月","949","https://www.city.naka.lg.jp/data/doc/1745047433_doc_902_0.pdf",""
"8","瓜連町史","","第七章　民俗","第一節　瓜連町の年中行事と信仰","八月","951","https://www.city.naka.lg.jp/data/doc/1745047433_doc_902_0.pdf",""
"8","瓜連町史","","第七章　民俗","第一節　瓜連町の年中行事と信仰","九月","952","https://www.city.naka.lg.jp/data/doc/1745047433_doc_902_0.pdf",""
"8","瓜連町史","","第七章　民俗","第一節　瓜連町の年中行事と信仰","十月","953","https://www.city.naka.lg.jp/data/doc/1745047433_doc_902_0.pdf",""
"8","瓜連町史","","第七章　民俗","第一節　瓜連町の年中行事と信仰","十一月","953","https://www.city.naka.lg.jp/data/doc/1745047433_doc_902_0.pdf",""
"8","瓜連町史","","第七章　民俗","第一節　瓜連町の年中行事と信仰","十二月","954","https://www.city.naka.lg.jp/data/doc/1745047433_doc_902_0.pdf",""
"8","瓜連町史","","第七章　民俗","第二節　伝説","","956","https://www.city.naka.lg.jp/data/doc/1745047433_doc_902_0.pdf",""
"8","瓜連町史","","第七章　民俗","第二節　伝説","一、　自然の伝説","956","https://www.city.naka.lg.jp/data/doc/1745047433_doc_902_0.pdf",""
"8","瓜連町史","","第七章　民俗","第二節　伝説","山の伝説","956","https://www.city.naka.lg.jp/data/doc/1745047433_doc_902_0.pdf",""
"8","瓜連町史","","第七章　民俗","第二節　伝説","木の伝説","957","https://www.city.naka.lg.jp/data/doc/1745047433_doc_902_0.pdf",""
"8","瓜連町史","","第七章　民俗","第二節　伝説","祠と池の伝説","957","https://www.city.naka.lg.jp/data/doc/1745047433_doc_902_0.pdf",""
"8","瓜連町史","","第七章　民俗","第二節　伝説","狐の伝説","958","https://www.city.naka.lg.jp/data/doc/1745047433_doc_902_0.pdf",""
"8","瓜連町史","","第七章　民俗","第二節　伝説","二、　歴史の伝説","959","https://www.city.naka.lg.jp/data/doc/1745047433_doc_902_0.pdf",""
"8","瓜連町史","","第七章　民俗","第二節　伝説","武家屋敷の伝説","959","https://www.city.naka.lg.jp/data/doc/1745047433_doc_902_0.pdf",""
"8","瓜連町史","","第七章　民俗","第二節　伝説","坂の伝説","959","https://www.city.naka.lg.jp/data/doc/1745047433_doc_902_0.pdf",""
"8","瓜連町史","","第七章　民俗","第二節　伝説","瀬と河原と淵の伝説","960","https://www.city.naka.lg.jp/data/doc/1745047433_doc_902_0.pdf",""
"8","瓜連町史","","第七章　民俗","第二節　伝説","街道の伝説","960","https://www.city.naka.lg.jp/data/doc/1745047433_doc_902_0.pdf",""
"8","瓜連町史","","第七章　民俗","第二節　伝説","トバ（鳥羽）長者屋敷と権現塚","961","https://www.city.naka.lg.jp/data/doc/1745047433_doc_902_0.pdf",""
"8","瓜連町史","","第七章　民俗","第二節　伝説","善角坊の伝説","961","https://www.city.naka.lg.jp/data/doc/1745047433_doc_902_0.pdf",""
"8","瓜連町史","","第七章　民俗","第二節　伝説","大堀","962","https://www.city.naka.lg.jp/data/doc/1745047433_doc_902_0.pdf",""
"8","瓜連町史","","第七章　民俗","第二節　伝説","三、　信仰の伝説","962","https://www.city.naka.lg.jp/data/doc/1745047433_doc_902_0.pdf",""
"8","瓜連町史","","第七章　民俗","第二節　伝説","大黒天伝説","962","https://www.city.naka.lg.jp/data/doc/1745047433_doc_902_0.pdf",""
"8","瓜連町史","","第七章　民俗","第二節　伝説","地蔵伝説","963","https://www.city.naka.lg.jp/data/doc/1745047433_doc_902_0.pdf",""
"8","瓜連町史","","第七章　民俗","第二節　伝説","観音伝説","963","https://www.city.naka.lg.jp/data/doc/1745047433_doc_902_0.pdf",""
"8","瓜連町史","","第七章　民俗","第二節　伝説","お堂の伝説","964","https://www.city.naka.lg.jp/data/doc/1745047433_doc_902_0.pdf",""
"8","瓜連町史","","第七章　民俗","第二節　伝説","乳母神伝説","964","https://www.city.naka.lg.jp/data/doc/1745047433_doc_902_0.pdf",""
"8","瓜連町史","","第七章　民俗","第二節　伝説","塔の伝説","965","https://www.city.naka.lg.jp/data/doc/1745047433_doc_902_0.pdf",""
"8","瓜連町史","","第七章　民俗","第三節　方言","","966","https://www.city.naka.lg.jp/data/doc/1745047433_doc_902_0.pdf",""
"8","瓜連町史","","第七章　民俗","第三節　方言","一、　古代方言の一斑","966","https://www.city.naka.lg.jp/data/doc/1745047433_doc_902_0.pdf",""
"8","瓜連町史","","第七章　民俗","第三節　方言","二、　現在の方言の大要","967","https://www.city.naka.lg.jp/data/doc/1745047433_doc_902_0.pdf",""
"8","瓜連町史","","第七章　民俗","第三節　方言","三、　変格活用動詞の一段活用化","974","https://www.city.naka.lg.jp/data/doc/1745047433_doc_902_0.pdf",""
"8","瓜連町史","","第七章　民俗","第三節　方言","四、　助詞・助動詞について","975","https://www.city.naka.lg.jp/data/doc/1745047433_doc_902_0.pdf",""
"8","瓜連町史","","第八章　神社と寺院","","","981","https://www.city.naka.lg.jp/data/doc/1745047433_doc_902_0.pdf",""
"8","瓜連町史","","第八章　神社と寺院","第一節　神社","","981","https://www.city.naka.lg.jp/data/doc/1745047433_doc_902_0.pdf",""
"8","瓜連町史","","第八章　神社と寺院","第一節　神社","（1）　瓜連の素鵞神社","982","https://www.city.naka.lg.jp/data/doc/1745047433_doc_902_0.pdf",""
"8","瓜連町史","","第八章　神社と寺院","第一節　神社","（2）　静の静神社","983","https://www.city.naka.lg.jp/data/doc/1745047433_doc_902_0.pdf",""
"8","瓜連町史","","第八章　神社と寺院","第一節　神社","（3）　静の桂木稲荷神社","984","https://www.city.naka.lg.jp/data/doc/1745047433_doc_902_0.pdf",""
"8","瓜連町史","","第八章　神社と寺院","第一節　神社","（4）　静の北城稲荷神社","985","https://www.city.naka.lg.jp/data/doc/1745047433_doc_902_0.pdf",""
"8","瓜連町史","","第八章　神社と寺院","第一節　神社","（5）　下大賀の瀧神社","986","https://www.city.naka.lg.jp/data/doc/1745047433_doc_902_0.pdf",""
"8","瓜連町史","","第八章　神社と寺院","第一節　神社","（6）　中里の箱根神社","987","https://www.city.naka.lg.jp/data/doc/1745047433_doc_902_0.pdf",""
"8","瓜連町史","","第八章　神社と寺院","第一節　神社","（7）　古徳の富士神社","987","https://www.city.naka.lg.jp/data/doc/1745047433_doc_902_0.pdf",""
"8","瓜連町史","","第八章　神社と寺院","第一節　神社","（8）　鹿島の鹿島神社","988","https://www.city.naka.lg.jp/data/doc/1745047433_doc_902_0.pdf",""
"8","瓜連町史","","第八章　神社と寺院","第二節　寺院","","989","https://www.city.naka.lg.jp/data/doc/1745047433_doc_902_0.pdf",""
"8","瓜連町史","","第八章　神社と寺院","第二節　寺院","（1）　常福寺（浄土宗）","989","https://www.city.naka.lg.jp/data/doc/1745047433_doc_902_0.pdf",""
"8","瓜連町史","","第八章　神社と寺院","第二節　寺院","（2）　弘願寺（臨済宗円覚寺派）","995","https://www.city.naka.lg.jp/data/doc/1745047433_doc_902_0.pdf",""
"8","瓜連町史","","第八章　神社と寺院","第二節　寺院","（3）　廃寺","998","https://www.city.naka.lg.jp/data/doc/1745047433_doc_902_0.pdf",""
"8","瓜連町史","","第八章　神社と寺院","第二節　寺院","瓜連町年表","1007","https://www.city.naka.lg.jp/data/doc/1745047433_doc_902_0.pdf",""
"8","瓜連町史","","第八章　神社と寺院","第二節　寺院","あとがき","","https://www.city.naka.lg.jp/data/doc/1745047433_doc_902_0.pdf","目次に開始ページの記載なし"
"9","瓜連町史","史料編","","","はじめに","","https://www.city.naka.lg.jp/data/doc/1745047437_doc_902_0.pdf","目次に開始ページの記載なし"
"9","瓜連町史","史料編","","","発刊に寄せて","","https://www.city.naka.lg.jp/data/doc/1745047437_doc_902_0.pdf","目次に開始ページの記載なし"
"9","瓜連町史","史料編","古代","","","1","https://www.city.naka.lg.jp/data/doc/1745047437_doc_902_0.pdf",""
"9","瓜連町史","史料編","古代","奈良平安時代の瓜連地方","","1","https://www.city.naka.lg.jp/data/doc/1745047437_doc_902_0.pdf",""
"9","瓜連町史","史料編","古代","奈良平安時代の瓜連地方","一、常陸國風土記","1","https://www.city.naka.lg.jp/data/doc/1745047437_doc_902_0.pdf",""
"9","瓜連町史","史料編","古代","奈良平安時代の瓜連地方","二、倭名類聚抄（倭名抄）","2","https://www.city.naka.lg.jp/data/doc/1745047437_doc_902_0.pdf",""
"9","瓜連町史","史料編","古代","奈良平安時代の瓜連地方","三、鹿の子C遺跡出土戸籍斷簡","3","https://www.city.naka.lg.jp/data/doc/1745047437_doc_902_0.pdf",""
"9","瓜連町史","史料編","古代","奈良平安時代の瓜連地方","四、延喜式","4","https://www.city.naka.lg.jp/data/doc/1745047437_doc_902_0.pdf",""
"9","瓜連町史","史料編","古代","奈良平安時代の瓜連地方","五、萬葉集","5","https://www.city.naka.lg.jp/data/doc/1745047437_doc_902_0.pdf",""
"9","瓜連町史","史料編","古代","倭文の織物と靜（倭文）神社","","5","https://www.city.naka.lg.jp/data/doc/1745047437_doc_902_0.pdf",""
"9","瓜連町史","史料編","古代","倭文の織物と靜（倭文）神社","一、日本書紀","5","https://www.city.naka.lg.jp/data/doc/1745047437_doc_902_0.pdf",""
"9","瓜連町史","史料編","古代","倭文の織物と靜（倭文）神社","二、延喜式","6","https://www.city.naka.lg.jp/data/doc/1745047437_doc_902_0.pdf",""
"9","瓜連町史","史料編","中世","","","7","https://www.city.naka.lg.jp/data/doc/1745047437_doc_902_0.pdf",""
"9","瓜連町史","史料編","中世","源賴朝と金砂合戰","","7","https://www.city.naka.lg.jp/data/doc/1745047437_doc_902_0.pdf",""
"9","瓜連町史","史料編","中世","源賴朝と金砂合戰","一、吾妻鏡","7","https://www.city.naka.lg.jp/data/doc/1745047437_doc_902_0.pdf",""
"9","瓜連町史","史料編","中世","鎌倉幕府と瓜連地方","","9","https://www.city.naka.lg.jp/data/doc/1745047437_doc_902_0.pdf",""
"9","瓜連町史","史料編","中世","鎌倉幕府と瓜連地方","一、関東下知状","9","https://www.city.naka.lg.jp/data/doc/1745047437_doc_902_0.pdf",""
"9","瓜連町史","史料編","中世","鎌倉幕府と瓜連地方","二、飯野八幡宮文書（飯野文書）","11","https://www.city.naka.lg.jp/data/doc/1745047437_doc_902_0.pdf",""
"9","瓜連町史","史料編","中世","鎌倉幕府と瓜連地方","三、関城釋史","14","https://www.city.naka.lg.jp/data/doc/1745047437_doc_902_0.pdf",""
"9","瓜連町史","史料編","中世","室町時代の文化動向と佐竹の亂","","17","https://www.city.naka.lg.jp/data/doc/1745047437_doc_902_0.pdf",""
"9","瓜連町史","史料編","中世","室町時代の文化動向と佐竹の亂","一、竹隠軒妙誉書状写・領地違乱書付写","17","https://www.city.naka.lg.jp/data/doc/1745047437_doc_902_0.pdf",""
"9","瓜連町史","史料編","中世","室町時代の文化動向と佐竹の亂","二、日本書紀巻三私鈔并人王百代具名記","22","https://www.city.naka.lg.jp/data/doc/1745047437_doc_902_0.pdf",""
"9","瓜連町史","史料編","中世","室町時代の文化動向と佐竹の亂","三、弘願寺蔵「金剛般若波羅密経」版木奥付識語","24","https://www.city.naka.lg.jp/data/doc/1745047437_doc_902_0.pdf",""
"9","瓜連町史","史料編","中世","中世の寺院と信仰","","24","https://www.city.naka.lg.jp/data/doc/1745047437_doc_902_0.pdf",""
"9","瓜連町史","史料編","中世","中世の寺院と信仰","一、了譽聖冏譲状・同書状","24","https://www.city.naka.lg.jp/data/doc/1745047437_doc_902_0.pdf",""
"9","瓜連町史","史料編","中世","中世の寺院と信仰","二、法然上人像寄進銘　他","25","https://www.city.naka.lg.jp/data/doc/1745047437_doc_902_0.pdf",""
"9","瓜連町史","史料編","近世","","","28","https://www.city.naka.lg.jp/data/doc/1745047437_doc_902_0.pdf",""
"9","瓜連町史","史料編","近世","天保改革と瓜連地方","","28","https://www.city.naka.lg.jp/data/doc/1745047437_doc_902_0.pdf",""
"9","瓜連町史","史料編","近世","天保改革と瓜連地方","一、中岡村寅御配符留帳","28","https://www.city.naka.lg.jp/data/doc/1745047437_doc_902_0.pdf",""
"9","瓜連町史","史料編","近世","天保改革と瓜連地方","二、御政正并回復秘録","57","https://www.city.naka.lg.jp/data/doc/1745047437_doc_902_0.pdf",""
"9","瓜連町史","史料編","近代","","","94","https://www.city.naka.lg.jp/data/doc/1745047437_doc_902_0.pdf",""
"9","瓜連町史","史料編","近代","明治維新と瓜連地方","","94","https://www.city.naka.lg.jp/data/doc/1745047437_doc_902_0.pdf",""
"9","瓜連町史","史料編","近代","明治維新と瓜連地方","一、那珂郡暴動録","94","https://www.city.naka.lg.jp/data/doc/1745047437_doc_902_0.pdf",""
"9","瓜連町史","史料編","近代","明治維新と瓜連地方","二、地誌材料稿","117","https://www.city.naka.lg.jp/data/doc/1745047437_doc_902_0.pdf",""
"9","瓜連町史","史料編","近代","大正・昭和初期の瓜連地方","","128","https://www.city.naka.lg.jp/data/doc/1745047437_doc_902_0.pdf",""
"9","瓜連町史","史料編","近代","大正・昭和初期の瓜連地方","一、村治意見","128","https://www.city.naka.lg.jp/data/doc/1745047437_doc_902_0.pdf",""
"9","瓜連町史","史料編","近代","大正・昭和初期の瓜連地方","二、暴風雨災害ニ関スル書類（大正六年十月一日）","137","https://www.city.naka.lg.jp/data/doc/1745047437_doc_902_0.pdf",""
"9","瓜連町史","史料編","近代","大正・昭和初期の瓜連地方","三、農会廃止運動","150","https://www.city.naka.lg.jp/data/doc/1745047437_doc_902_0.pdf",""
"9","瓜連町史","史料編","近代","大正・昭和初期の瓜連地方","四、農山漁村経済更生模範実行町村計画書（昭和八年度）","154","https://www.city.naka.lg.jp/data/doc/1745047437_doc_902_0.pdf",""
"9","瓜連町史","史料編","近代","大正・昭和初期の瓜連地方","五、瓜連尋常・高等小学校要覧（昭和七年十月十八日）","158","https://www.city.naka.lg.jp/data/doc/1745047437_doc_902_0.pdf",""
"9","瓜連町史","史料編","近代","大正・昭和初期の瓜連地方","六、瓜連村から瓜連町へ","162","https://www.city.naka.lg.jp/data/doc/1745047437_doc_902_0.pdf",""
"9","瓜連町史","史料編","現代","","","177","https://www.city.naka.lg.jp/data/doc/1745047437_doc_902_0.pdf",""
"9","瓜連町史","史料編","現代","戦後の瓜連町","","177","https://www.city.naka.lg.jp/data/doc/1745047437_doc_902_0.pdf",""
"9","瓜連町史","史料編","現代","戦後の瓜連町","一、連合国軍進駐ニ伴フ関係書（指令書）","177","https://www.city.naka.lg.jp/data/doc/1745047437_doc_902_0.pdf",""
"9","瓜連町史","史料編","現代","戦後の瓜連町","二、町村合併と各町村の動向","185","https://www.city.naka.lg.jp/data/doc/1745047437_doc_902_0.pdf",""
"9","瓜連町史","史料編","現代","戦後の瓜連町","三、静農政連20年誌（抄）","192","https://www.city.naka.lg.jp/data/doc/1745047437_doc_902_0.pdf",""
"9","瓜連町史","史料編","現代","戦後の瓜連町","四、大宮葉烟草専売所管内葉烟草栽培法等調査書（抄）","200","https://www.city.naka.lg.jp/data/doc/1745047437_doc_902_0.pdf",""
"9","瓜連町史","史料編","現代","戦後の瓜連町","五、学校沿革誌　静村立静小学校","202","https://www.city.naka.lg.jp/data/doc/1745047437_doc_902_0.pdf",""
"9","瓜連町史","史料編","神社と寺院","","","223","https://www.city.naka.lg.jp/data/doc/1745047437_doc_902_0.pdf",""
"9","瓜連町史","史料編","神社と寺院","神社","","223","https://www.city.naka.lg.jp/data/doc/1745047437_doc_902_0.pdf",""
"9","瓜連町史","史料編","神社と寺院","神社","一、静大神宮誌（抄）","223","https://www.city.naka.lg.jp/data/doc/1745047437_doc_902_0.pdf",""
"9","瓜連町史","史料編","神社と寺院","神社","二、磯出祭礼資料（『那珂湊市史料』より抄出）","231","https://www.city.naka.lg.jp/data/doc/1745047437_doc_902_0.pdf",""
"9","瓜連町史","史料編","神社と寺院","神社","三、栗田寛講述　静神社について","241","https://www.city.naka.lg.jp/data/doc/1745047437_doc_902_0.pdf",""
"9","瓜連町史","史料編","神社と寺院","神社","四、水戸歳時記","245","https://www.city.naka.lg.jp/data/doc/1745047437_doc_902_0.pdf",""
"9","瓜連町史","史料編","神社と寺院","寺院","","256","https://www.city.naka.lg.jp/data/doc/1745047437_doc_902_0.pdf",""
"9","瓜連町史","史料編","神社と寺院","寺院","一、瓜連常福寺関係","256","https://www.city.naka.lg.jp/data/doc/1745047437_doc_902_0.pdf",""
"9","瓜連町史","史料編","","","おわりに","271","https://www.city.naka.lg.jp/data/doc/1745047437_doc_902_0.pdf",""
